	CellType	Resting membrane potential (mV)	Max. AP frequency (Hz)	Frequency Slope (Hz/pA)	AP firing threshold (pA)	Input resistance (MOhm)	Series Resistance (MOhm)	Capacitance (pF)	AP basewidth (ms)	AP halfwidth (ms)	AP symmetricity	AP peak amplitude (mV)	Sag potential	Attenuation	Latency (ms)	Approx Resistance (MOhm)
O100	vBC	-71.3928	118.07873219109548	0.40298578882349095	200.0	120.5420535062067	14.199970804860024	50.3862324848	0.4406446322290172	0.2150057499894287	0.4266227177781897	91.83537464256068	1.7090000000000032	1.082040737013024	490.48000000000013	0.08023929482128397
O102	hBC	-69.0857	113.02417394226367	0.31314202959733584	175.0	96.9973500323971	16.83094793918507	44.293766297999994	0.530712662032645	0.26315183851046964	0.4103978841367541	82.11084807336732	2.2094000000000023	1.035060729151404	77.48000000000002	0.06306835677127356
O103	vBC	-71.9116	157.71825321860356	0.3473438315392655	223.71279882349023	98.26213586509002	13.587307281030354	49.008535979200005	0.44626974695012156	0.21566123960946348	0.40477632704093075	86.4993656931315	1.2146000000000043	1.2263198040636165	331.2800000000001	0.04999884123402399
O104	hBIC	-61.3159	140.6489706885026	0.28867949195050785	375.0	83.50319274457458	16.634727988927924	55.467750264	0.5533217790930312	0.2916358165004377	0.4058519707770932	70.1416239624343	1.5135999999999967	1.2377431015272158	158.5200000000001	0.0459502319300235
O106	hBC	-56.5247	252.38358618075665	0.4532187881456386	272.96274318364385	75.61707121925797	9.570776789223942	54.217486400000006	0.44172023981611575	0.21550602796559803	0.48355456902121496	75.10699058975405	1.0437000000000012	1.254388462213289	124.40000000000009	0.03572226090107582
O109	vBC	-57.9285	131.372816359345	0.22582862286674252	225.0	71.41622662368361	10.992644601644146	55.98603600000001	0.45938505793319784	0.21743202026437386	0.456819386154773	78.74321015086683	1.2329000000000008	1.1571271947312558	1143.4	0.05180724686471539
O111	vBC	-62.4756	203.20003137389747	0.22204816586140427	380.9617722622244	53.403541188816234	8.13257859750917	69.42385120000002	0.41549896208068887	0.19446711178232315	0.5045437685647615	74.4656393847286	0.6469999999999914	1.2338681993635843	48.280000000000086	0.04162505778126856
O113	vBC	-60.7605	241.25022844332207	0.38569582400281005	0.0	84.55435458308276	18.682924098827282	48.3138116	0.47332080085188366	0.21366702964313758	0.44703470708224036	93.16066327979388	1.0253999999999905	1.1410149937062855	445.36	0.039880726775889275
O114	vBC	-62.8174	221.51094135542883	0.43995309297056234	175.0	71.02464413102058	12.583230203275793	59.28037120000001	0.38821520821417704	0.1898276229536574	0.4798705282355442	86.75090366745694	0.9947999999999979	1.1977586068534698	264.96000000000015	0.03532435570106736
O117	vBC	-61.38005	188.21419820497442	0.29390100398898766	423.5716110815712	53.04883596265468	13.469942799214408	50.68970900000001	0.368529476872976	0.1812633050092643	0.4947939202640549	79.73453523602265	0.7385000000000019	1.1370318700829773	96.16000000000008	0.03418333779066969
O125	hBIC	-61.27015	245.56239057977686	0.41738847226346326	150.0	84.52463766400949	13.898687463550692	43.802492	0.47767368456242754	0.24048283707355816	0.4556716958896829	83.90389240888531	1.8248999999999995	1.3241954721819327	874.2800000000001	0.04553762279335343
O127	vAAC	-73.4131	275.40630914301727	0.5953467216484573	298.7754138923643	86.21165305672037	11.843121278299137	56.42179900000001	0.43551657360819696	0.2199133765122085	0.5073115268728597	72.73953047807139	1.6480000000000103	1.2084967980153463	624.16	0.045125711174977615
O128	vBC	-59.5764	238.46271941869657	0.5790313937284576	104.07601149022159	77.0332463165783	12.40524286252567	36.23599180000001	0.4480278180554036	0.22921458892479965	0.5010145857132411	79.67486590360413	1.4342999999999932	1.1629425080654339	378.0400000000001	0.039935336008697385
O129	vBC	-67.8772	197.58168535615653	0.25856283606782743	356.9992960965717	62.83826624196376	13.262898500364068	54.02575174399999	0.3959854688666587	0.20074637103591522	0.47023868900895754	75.86454034763113	0.7385000000000019	1.238550674467702	679.68	0.035410441337518105
O130	vBC	-59.3384	237.90756991372274	0.5802338732295731	50.0	74.4090249218147	20.121307337677386	41.4078858	0.450534321236283	0.20812081946911315	0.47619794295116996	91.87485833426314	1.0437000000000012	1.185851178491363	364.2400000000001	0.03911994432576894
O131	vBC	-63.7268	224.82071759899497	0.4046241007381937	300.0	71.60200170555967	11.028703413791769	58.296099600000026	0.45408172087076465	0.2180629783182012	0.4732635186706779	83.0808877904579	1.1779000000000082	1.1872849696206318	1116.12	0.037283450071072324
O132	vAAC	-59.1675	170.20401318530998	0.22189041579131832	75.0	64.34348094371296	10.699777198539396	86.08814799999998	0.4588726756527275	0.22658044014548878	0.4734845975293924	83.6938791227866	0.9643000000000086	1.2680121696249624	387.88	0.03972458925443011
O134	vBIC	-60.7666	266.05119096904286	0.41260531681979695	50.0	74.89667816006126	7.960990699755718	66.1961452	0.4156758764057603	0.20213537380973107	0.5210936258641982	82.52475990803744	4.064899999999994	1.1258274352871245	53.84000000000003	0.0315900741967661
O135	vBC	-67.59945	234.24141851046423	0.4669196633306778	278.18710465826683	75.29060290456087	8.879107663886353	65.3072176	0.46288173021265844	0.2406182214758149	0.48081878192939287	68.97591816965351	1.7883000000000067	1.209283834706108	388.96000000000015	0.0350765625954153
O137	vBC	-52.31625	265.98719043690784	0.3561246332505082	259.5387298389103	59.27963388898108	10.322324917885908	80.33800799999997	0.45243788320233086	0.2377308064920978	0.4999742258546618	70.45379166664877	1.7883999999999958	1.196043584621268	2.400000000000091	0.03154968151373814
O138	vBC	-60.7666	266.05119096904286	0.41260531681979695	50.0	87.81851776392978	11.900523051789172	71.09558800000002	0.4156758764057603	0.20213537380973107	0.5210936258641982	82.52475990803744	4.064899999999994	1.1258274352871245	53.84000000000003	0.0315900741967661
O139	hBC	-71.44475	201.0182112533569	0.4526250125349074	262.1785300374932	101.73612700738097	9.385852685475479	45.80507316000002	0.4595898354246636	0.23855699166159827	0.4880376302919789	76.88997698701831	2.386499999999998	1.1521373743046026	442.15999999999997	0.058270451980187654
O141	vBIC	-61.3037	177.157247309858	0.3170079972633164	469.88749898235005	59.214379146116805	9.048452927188096	65.9086504	0.48276651524325875	0.2464787482264129	0.447303864824992	75.42973290759205	0.8606000000000051	1.194599640376441	180.80000000000007	0.04374595562764131
O145	vBC	-63.9954	236.0225727771815	0.2517174488304004	475.0	51.35096691303149	11.954236790717774	63.291121999999994	0.4614061815120722	0.22969281070102532	0.4754996327804949	72.75497851250562	0.5981000000000023	1.1265606612342756	914.2800000000001	0.031456615176972805
O147	vAAC	-64.74915	256.88961628822136	0.4595883030324438	150.0	83.17481599651332	12.983979457267063	60.3005472	0.4654472955514155	0.22865042986611045	0.4683423102076924	80.69128055628374	1.23899999999999	1.3171521834126454	320.84000000000003	0.04112036867153759
O149	vAAC	-62.612950000000005	246.53524708470584	0.44522734360585736	125.0	77.45051492974851	11.071570841113878	75.579044	0.4524890538464643	0.2185591308937879	0.47753216365018974	85.06557829915445	1.5929999999999893	1.3350322649615445	725.4399999999999	0.033645421657544305
O151	hBIC	-61.00765	239.4109838026198	0.37150028464190815	225.0	73.34733240519618	11.884512817155903	57.528295600000014	0.47176293033451183	0.23782164016130553	0.457150120076692	79.36815293163252	2.3193000000000126	1.3360997024412304	302.72000000000014	0.028405073369829635
O159	hBIC	-59.198	193.8861456278734	0.33997353159176014	107.84251520179342	79.63064123370158	13.745141436130863	52.3380416	0.506477061069867	0.2596506822202752	0.43308896879308534	69.91290254773716	0.46999999999999886	1.2015268420278962	370.2400000000001	0.02211622147103146
O160	vBC	-57.1655	188.61958032325535	0.36643664393776826	167.93186225349976	81.91417033232582	16.03945449173695	37.68871680000006	0.4321957985532463	0.20987712137625594	0.49433265751906436	81.65992743088648	1.3977000000000004	1.2305515615831366	407.2400000000001	0.025701018568229293
O162	hBC	-68.634	271.8764123997659	0.5485933804370209	375.0	82.44104640771384	10.512097900429199	83.96984260000002	0.5444909901288113	0.2902754073889564	0.5002296707061231	64.7819381524458	0.5127000000000095	1.248992750234637	969.4399999999999	0.042751396887786466
O165	vBIC	-70.9351	194.30975772861842	0.342621477535573	379.3547796173641	58.20193276978342	10.28353452897247	53.596386800000005	0.5333450733311588	0.27363194822291054	0.4144272236019922	74.7013409223324	0.7018999999999949	1.337795670485613	8.840000000000032	0.04456819554847467
O171	vBC	-72.1741	187.24666837272497	0.2940824091447257	450.0	57.774647675754814	13.198410383453416	61.98785116399999	0.44543679103341793	0.2099481716236284	0.4781556478285398	86.2452250260041	0.4761000000000024	1.1571251233551707	133.12	0.0335789708825084
O204	vBC	-70.6177	97.63747767419915	0.27335558755709577	125.0	126.19188232859358	13.2203574467365	47.59460842000001	0.8000732594420636	0.4369566705102184	0.38229371465464385	83.74007147251524	3.4483999999999924	1.181552372892336	1274.1999999999998	0.0724992141515418
O206	vBC	-66.9556	296.0393234226171	0.3015623235862681	175.0	87.58728730084185	12.55380245888818	55.333915527200006	0.4869692226845148	0.24125177162782147	0.4618198839096019	87.10727437820111	1.8920999999999992	1.1628819644430266	271.56000000000006	0.05620917126818495
O210	vBC	-63.8733	139.5222238467036	0.3066565798684937	299.6320675437843	71.57647911004669	14.097917934891868	59.848707800000014	0.5625018727968998	0.27690534868773314	0.4553927102775305	69.46091326181848	0.7323999999999984	1.385011766664704	233.2800000000001	0.03646204168230471
O216	vBC	-51.9714	234.31033351524363	0.3114036276651612	250.0	80.53079457319082	16.213339005840208	46.39444800000001	0.5079848940806246	0.25894610091649317	0.4419336529063622	71.78533095869876	0.2746999999999957	1.3114111372947537	198.12	0.04093630320116136
O222	vBC	-73.3337	220.6044321117046	0.2384546727641203	350.0	60.314758599225904	10.600530662564967	71.09071046799997	0.49221673713812186	0.23574953925323872	0.4347815353152632	82.98401191171288	0.8850000000000051	1.185448849705478	52.80000000000007	0.0322492509474446
O24	hBIC	-69.48545	118.81512012488365	0.45171567208515573	375.0	90.26908310984213	16.528679738648513	41.0481233	0.5160171673121202	0.2634877183908899	0.4315465598399806	81.50599238629017	1.4466000000000037	1.0867029153036618	447.48000000000013	0.05540714532749089
O240	vBC	-70.0989	178.30897102816502	0.2128755845255386	423.5005179495815	60.0454544089876	10.523779004850411	75.5341673216	0.6200686848079601	0.3144940431807748	0.37831311492006187	67.62246134167955	1.7394999999999925	1.7187528945465707	1257.3199999999997	0.031808230591173464
O242	vBC	-68.2068	192.0432344584139	0.22805089659566252	351.6033469068559	85.55161542837833	9.553826737530585	71.11818702800001	0.6353591176647477	0.3369760936867676	0.3691503844292811	67.48003162856635	1.7395000000000067	1.6010451244917185	673.4800000000001	0.03185812923046714
O243	vBC	-70.0989	178.30897102816502	0.2128755845255386	423.5005179495815	74.74808028242816	9.838102222210853	71.10045774	0.6200686848079601	0.3144940431807748	0.37831311492006187	67.62246134167955	1.7394999999999925	1.7187528945465707	1257.3199999999997	0.031808230591173464
O248	hBC	-67.1387	198.95386051182967	0.20012982021734327	577.1580162208395	68.71525155622867	15.649060430411758	56.1357081112	0.629522573673404	0.3324476305111196	0.41763688844678665	63.15000034643765	0.8850000000000051	1.417291498064613	755.2800000000001	0.02636140025243481
O250	vBC	-69.458	92.14391898790817	0.16515983392935588	226.9303393043007	71.07770143242892	15.555360595036095	50.32756980000001	0.782463388828621	0.39762671681187245	0.3517280847767724	63.660615939064385	1.4343000000000075	1.43974188913242	201.76	0.03613634591347868
O251	vBC	-70.8008	266.84590939171636	0.5903596325886497	137.12898953712465	162.3239596657425	15.256295853750709	63.10185253120001	0.4502311128231324	0.2549145281623585	0.4235833294702187	61.777442938262695	6.469700000000003	1.357361984571365	34.72000000000003	0.04235945614513773
O255	vBC	-68.4204	248.97281206760073	0.2768056143641507	450.0	59.237635328377905	13.649752802976739	55.87435636160002	0.5025958444664053	0.2507604470560303	0.45225116131735765	82.69462818962111	1.0986000000000047	1.3777588172416702	427.19999999999993	0.017929097658707878
O26	UC	-67.334	132.69328364840135	0.479423503719321	200.0	101.90532383983334	16.508498740236462	46.67909256400001	0.4598716749560222	0.2307668230627402	0.4805364440811845	80.77144132283968	1.7090000000000032	1.1073567738579495	85.60000000000002	0.07572270440532039
O282	vBC	-66.61075	241.58122881192608	0.3387948184425276	100.0	93.32188584866924	18.68161594483394	40.20951800000001	0.535020575108621	0.2552045945951019	0.4106130615846857	99.16048706079849	0.7202000000000055	1.3855775314227134	250.32000000000005	0.041648252465415814
O284	vBC	-67.45	235.4383792666073	0.1980380775584124	150.0	79.546704694234	18.916493517696004	49.90727054	0.5963832623214294	0.2825666046366355	0.3686751003627716	88.27519033227503	1.6296000000000106	1.3935113490771383	238.5200000000001	0.031096211944794703
O285	vBC	-53.323350000000005	198.29288619497086	0.7636266190308273	0.0	94.27887502675166	17.61148466048492	29.85492400000002	0.5460250417129524	0.28168565724393146	0.5129377202919797	67.56864600653257	0.665300000000002	1.2604494841568379	1182.7200000000003	0.05321229293790706
O286	vBC	-63.9282	311.76240886408027	0.2469657874648613	175.0	86.16084506556841	11.969660262738829	63.280436400000006	0.5312739636501163	0.2558790885123531	0.42159026665360055	79.1910278857039	0.8545000000000016	1.490940730429611	125.32000000000005	0.04313010020350466
O287	vBC	-63.4705	257.27648370908105	0.2678441784746618	113.11287617666605	160.84793886234183	15.995170226359809	54.85934520000001	0.5456851742381719	0.27053830639753085	0.41500399478250577	73.69268334449976	2.600100000000012	1.4781417618327932	106.28000000000009	0.0508746170717912
O290	vBC	-64.2273	310.97699649523076	0.4494570979357324	200.0	80.62097499782324	10.320064413714046	51.809987600000014	0.4357692068721087	0.20227524311392053	0.48778231552795526	81.6472394324031	0.726300000000009	1.4353776859957623	850.1999999999999	0.04257607081731796
O292	vBC	-68.8294	263.17343487531616	0.5259564834914571	225.0	77.22580206718025	14.119682950991146	40.18007800400001	0.43523286933953115	0.2120181701422192	0.49917903620858456	85.72529629421071	0.5371000000000095	1.2154586915726884	294.19999999999993	0.039383295329067015
O296	vBC	-65.0147	309.1696467155882	0.30718666678077655	425.0	52.56974033176763	13.248867387449215	58.8139856	0.4632970779843044	0.2263092301656486	0.47791270605137043	75.19292604420328	0.8057000000000016	1.498494969182047	1425.2399999999998	0.03684989196683088
O297	vBC	-66.8823	192.52649881157015	0.32449257527576825	375.0	67.57482729563513	14.605538011058728	61.30451380000001	0.5931385177224633	0.3093416185306044	0.45159496337092825	67.55022948518975	0.689700000000002	1.4862173000314	188.84000000000003	0.02989540671961988
O299	vBC	-63.4827	276.7012493237886	0.16162838039551028	50.0	74.01267096926995	17.272902357146624	55.245696000000024	0.5631481463136214	0.27349073921027256	0.39754250138194386	87.09463380409875	1.8371000000000066	1.3032088605625307	130.44000000000005	0.03157753108078999
O300	vBC	-68.0176	253.3825843591518	0.2932145995301134	300.0	69.12655828544017	15.406635021438333	54.98250680000001	0.5495529796106556	0.2792449285006394	0.4694034676615794	71.89403487927007	0.872799999999998	1.3339090118839516	39.960000000000036	0.03804687982615669
O301	vBC	-55.59995	223.7209567616665	0.3986780960128415	125.0	85.07467003789228	16.453029562145396	63.086466000000016	0.5843359412178313	0.31551028640108736	0.4931622843467054	64.84197974394766	1.0253999999999905	1.2453578025082197	42.360000000000014	0.04098137258331547
O303	vBC	-66.9678	250.96951166208785	0.2629771248609359	350.0	59.09671614913506	14.547077470315596	53.470134955999995	0.4608194371828961	0.2197693842470176	0.47304805887474544	78.81227142876075	0.848399999999998	1.2080954714719208	255.48000000000013	0.033619181268904064
O304	vBC	-66.217	210.39016845842343	0.3036995276948467	225.0	67.4944182116139	13.280499963013806	48.99778740000001	0.4629631147700849	0.21451714819198733	0.4619006506806163	90.21772757676484	0.750700000000009	1.1719232223093046	599.4	0.0311236766458837
O305	vBC	-65.4846	205.0264964920444	0.3043300652844597	500.0	49.19095634105861	12.694414965191914	65.6923172	0.44664978710015535	0.21487413616172302	0.4841117450799317	77.07003141302587	0.7934000000000054	1.1970397862354756	927.6	0.029636194047689034
O31	vBIC	-56.1401	132.79028549312815	0.39393844236648046	100.0	99.01411644258123	11.61632577009851	57.69564640000001	0.48959827002957484	0.24393508795053148	0.4421178379734127	86.11809509070318	1.5319999999999965	1.1191867116969687	785.1999999999999	0.061957861425757994
O32	vBIC	-60.8826	98.17172210328081	0.21913514896872546	163.5320736263285	112.99881916233976	11.445143997079198	47.50060383972	0.5941195387916902	0.31579275945228935	0.44440292643491475	72.30497008267923	0.6225000000000023	1.105490990389929	1271.44	0.06978838293212918
O34	UC	-57.20525	140.88356793012798	0.4342330942588198	50.0	120.68180877412264	21.106713644582783	37.930854059999994	0.5389857636545189	0.2718086183959366	0.42131938334080005	84.80783258751532	1.6113	1.1522513715714995	83.92000000000007	0.07376468942644816
O35	UC	-70.166	117.89659557150087	0.3494515099515152	173.09237783160594	112.18761358995877	17.745970688625295	47.609963904000004	0.5025680403181866	0.2623404998494955	0.4473110066729086	76.8522786763188	2.215599999999995	1.0581163287726405	374.08000000000004	0.07748655159839762
O36	vBC	-52.6489	185.78037936005046	0.45223004150328117	25.0	63.810019704534064	16.477418028140793	43.86485599999998	0.4870656653646964	0.25192503657476256	0.4651891209213775	79.51749534393083	0.9033000000000015	1.151966660848017	508.84000000000003	0.04804899183947688
O39	vBC	-57.92545	104.54029914089878	0.3226814020925923	198.63791958282573	64.88846322057017	7.317758898285055	69.12445280000003	0.5452726003414068	0.28080183976463036	0.406945762474883	71.54834574188494	1.3305000000000007	1.1043402238440856	185.2800000000001	0.05873937152559616
O41	vAAC	-61.1694	212.78825815324683	0.551167475064683	112.62348021882063	89.84563710933881	21.293448829851528	39.670589199999995	0.4550713500331003	0.24785721588651216	0.5121124331116157	62.039502287252475	1.550299999999993	1.1528665086613596	791.16	0.05575527401871501
O422	UC	-60.2722	239.0446597596283	0.49638749523500225	-125.0	170.5061817016176	14.328554617082993	48.05230600000001	0.5082822359684993	0.2653756329389336	0.47968401859203985	75.996463628486	10.742200000000004	1.604061087743108	714.7200000000001	0.07948689257700349
O423	UC	-59.5093	220.27083922489584	0.5873466905641795	-125.0	78.25163388550784	16.23368298870483	39.21684840000002	0.450122624191858	0.21518787276711115	0.47843572832490716	93.66055705254374	4.4861	1.3858381706537461	1110.2800000000002	0.06933966723545143
O424	hBC	-60.0891	66.85636400490671	0.15638329060916548	11.607150116095486	282.7243465045842	15.126054312267083	67.34414760000001	0.9109224104758922	0.4640791707006211	0.3451903820341091	81.64005737305384	11.474100000000007	1.9961080580885202	42.24000000000001	0.08783418393822011
O425	hBIC	-54.0771	207.50978595156553	0.3654082940673702	50.0	93.10680943168255	22.967338836460836	33.4023376688	0.5396110475936597	0.26040640854432306	0.4009228378013788	86.36321797180479	1.0985999999999905	1.636763216689183	300.15999999999997	0.04250675336960174
O426	hBC	-58.0139	242.27027256871392	0.3181875777531244	100.0	83.90203531235301	16.468348772355412	53.1709028	0.511418967763541	0.24534327821251894	0.42478479483507214	90.72718783580589	2.288799999999995	1.3988887473643352	82.0	0.03057881321855791
O427	hBIC	-56.8237	202.24615372390917	0.1741780395484176	139.54050818361105	148.17230133083766	12.436459068142813	39.387717200000004	0.5871689348013551	0.3030295694501558	0.4586864367084944	69.62232222196081	1.9836000000000098	1.5187732836252128	4.920000000000073	0.04131257511029974
O428	UC	-66.0095	137.9510660955047	0.3596651169108323	-75.0	204.57863348019353	29.00736282287588	31.94846100000001	0.6743586807326905	0.3650955313896651	0.4043561390143361	65.00959525907767	10.070799999999998	1.378056883890771	162.92000000000007	0.14869756743230828
O429	hBIC	-70.3125	204.77144011998973	0.31172422780517134	239.68958241149923	85.03883681157767	20.95181892482682	48.575160800000006	0.5152561677908801	0.2669330349196976	0.43167262198113227	78.3367663587305	2.532899999999998	1.1985850935633338	734.7600000000001	0.027920272454142678
O43	UC	-63.4827	109.07891712944021	0.37993867108299273	175.0	87.15555471111506	14.060758223575053	52.46950796000001	0.5962477745386909	0.31592644294279915	0.39122421902416327	80.88954041424878	1.0803000000000083	1.0850212246398856	841.32	0.07208906490414972
O430	vBC	-80.2002	168.69857107737386	0.21417414219901895	134.4673261483294	163.1337037000223	19.27899224492377	45.5382572	0.6465171571645925	0.34348606029034146	0.42292888434742315	71.50714076503009	1.1597000000000008	1.4736836331299699	79.92000000000007	0.03838144012016281
O431	UC	-49.3164	161.9403447538236	0.8054348511381964	-250.0	63.87060938660999	18.511291059165817	22.28699840000001	0.6887763667952613	0.3801624431095714	0.4586144372936266	66.61535000492455	18.127499999999998	1.0937347995447544	44.60000000000002	0.04684620731339306
O433	hBIC	-67.6575	244.17350691647624	0.5435148224310067	186.38555077718465	110.43502787048799	14.287390400713868	51.60150080000001	0.49006128375413693	0.25664824004439774	0.47381294801940904	71.93034139640483	2.044700000000006	1.3520431900333476	130.04000000000008	0.03061584594232502
O434	hBC	-60.6079	191.32584019941982	0.24503689858439104	46.069079466644745	85.03883681157767	20.95181892482682	48.575160800000006	0.8408799771437359	0.45176853303439907	0.3694436714981504	79.47412070850523	1.3733000000000004	1.3400705546933231	1436.6	0.030123194513329805
O435	vBC	-69.9768	205.9847519138022	0.35307044435133844	214.92138087116274	60.712469327301584	16.99445832806718	54.702702599999995	0.5717783384240008	0.2979343377558025	0.390736406518371	82.21111314912069	2.471899999999991	1.2493969690457498	213.32000000000005	0.028354545268162102
O436	UC	-69.8242	206.43333927004963	0.4669916624359713	-50.0	108.4299857443845	14.150335779473108	47.292420800000016	0.4821631332855483	0.24166432001473365	0.4556957503541999	76.52224883451517	5.279499999999999	1.5555760879749698	91.88	0.07233106998616283
O439	hBC	-83.1604	148.08510121418738	0.17062803965438653	158.35551746933083	239.13976643219013	12.913294010200856	51.15775520000001	0.6613381371838253	0.3508205824538748	0.40579509863119023	71.81310967070573	1.9835999999999956	1.4824553618994551	181.4000000000001	0.03489344052468011
O44	vBIC	-54.1809	109.98069108375347	0.24494004318989357	179.21145907987076	69.00154080440616	9.98406244112523	41.680844000000015	0.538324739500782	0.2861013466355407	0.42228878180435775	73.34979889053699	0.8057000000000016	1.1513675720231213	425.4	0.04653226001775137
O440	hBC	-75.0427	242.8788265762647	0.44541576056879856	180.96020117997315	165.98170994423978	14.237240508886698	46.93438080000001	0.4707862172033963	0.24383912225710086	0.4836572676162516	74.54481025070123	2.807699999999997	1.3902654553610536	1325.92	0.028718749892392918
O441	UC	-70.8008	245.86716106656453	0.6655680092504027	-75.0	84.49509155338903	18.696408963903533	52.791632000000014	0.477658138004256	0.2317737818218486	0.452613438605569	84.24230455827981	4.638600000000011	1.5489391066990643	188.92000000000007	0.06019390142875948
O442	Cortical	-61.8896	244.81605187928685	0.40961696509227347	-100.0	118.16744042706658	17.799812204861315	32.61259680000001	0.42222118604774805	0.20930187605146935	0.5214407313515552	76.18069253290287	6.408699999999996	1.5395512650797225	10.280000000000086	0.054819673510598244
O443	Cortical	-71.7163	280.8746864228288	0.6438979624321803	-75.0	141.60949041881514	10.167058641345289	58.76549360000001	0.46451294448448344	0.23852657035193606	0.4852193835328841	71.61021947583257	5.371099999999998	1.3785049014643922	48.440000000000055	0.050067182025317195
O444	Cortical	-70.0684	197.18294772977075	0.4530017353300207	-75.0	151.74202423435455	15.808141718447633	30.37400520000001	0.7218057704541441	0.4133556742238287	0.38841711187562267	63.142376922161034	9.0638	1.1522092839770621	77.5200000000001	0.10293084676942946
O445	Cortical	-66.1926	235.5145923550592	0.49846285354982706	-25.0	83.13872635960709	12.685369882996111	50.03207840000001	0.48297905556443155	0.2514161096082518	0.4738855985839139	76.69557873387645	4.6081999999999965	1.2926203738674742	156.92000000000007	0.051614049335172704
O447	Cortical	-75.7446	189.77321990072807	0.29742195438505403	-25.0	180.0790082242263	15.533249922577236	32.427064400000006	0.6938645474512758	0.37825921972479015	0.3952125348538959	71.31562715300453	9.551999999999992	1.3398645261829578	7.480000000000018	0.09372160330515558
O448	Cortical	-83.3435	374.99999999999466	0.3134707705175465	-50.0	174.72088600541963	16.355122249779477	33.7492682	0.7131942172916852	0.3675599572142696	0.3786656961890352	75.58286150283371	6.957999999999998	1.4196139113193655	22.160000000000082	0.08389905227327789
O449	UC	-63.6902	201.22285756529493	0.41783670862825917	-100.0	94.31307262182041	12.150651455962748	70.47133240000001	0.5077325118697308	0.25540240948121945	0.43700102101223337	83.74434947512874	4.058799999999998	1.2168838031050824	71.68000000000006	0.03833633615836029
O450	hBIC	-65.4602	202.8825829656732	0.4613817833671927	25.704770067645562	217.21411429511284	15.943002516073644	22.20358540000001	0.5451613232233277	0.2714424114106837	0.45143003826783706	88.57426108655812	3.1738	1.5059759550152942	520.16	0.034998778445828625
O451	UC	-46.3562	286.8457259653747	0.6108912453643516	-125.0	76.40492808729967	8.335984801699135	63.389100600000006	0.46780253004524125	0.2438829688422661	0.4901421693240504	83.19603419163374	7.293700000000001	1.644445772745094	685.4800000000001	0.03288427759816774
O452	UC	-57.8613	201.25467130264673	0.40043690916551894	-50.0	70.79226025386953	6.3356124178459545	76.468266	0.5398043064177447	0.28931972758016933	0.5025484825866012	63.8090177206139	3.5705000000000027	1.5208846591635106	110.32000000000005	0.03342310553189225
O453	UC	-71.5942	167.6490677326822	0.4076616615699996	109.92015580714657	58.8458769989356	9.60669111415848	81.74255840000001	0.48572636259525104	0.2435499279572546	0.45620589856511057	70.22298495580215	2.410899999999998	1.3203655660907765	407.4	0.061425157216410516
O454	vBC	-50.6592	237.49175740017236	0.5081899698145752	10.228155282181135	121.14699552422424	16.86135205280638	25.774670000000008	0.5695666800121854	0.2993136674076342	0.4604222433501937	76.82211911263289	2.0446999999999917	1.2456715558722697	59.72000000000003	0.026760773041424046
O46	vBC	-57.2144	137.064489034051	0.3881528215843523	75.0	75.75860882951434	16.45824493884281	48.75372399999999	0.4710455277945661	0.23341797345409557	0.45527142433339735	78.95805010001548	0.8789000000000016	1.0988090439964922	1231.1599999999999	0.057489177117997725
O47	vBC	-61.4746	140.01366148750554	0.4979695769660714	175.0	123.90191924072907	10.352106187764432	35.78126720000002	0.4541258119214351	0.21679324455911358	0.4725947900324731	82.60611863111913	1.6602000000000032	1.1009543925561165	1202.6	0.06324463579337242
O48	vBC	-60.31795	91.06726551656767	0.3082211480364618	200.0	73.73174033450616	13.365328146873196	45.31886560000002	0.4362214718740298	0.21587188741800006	0.4196497755316898	83.52494219323731	0.7079999999999984	1.0654588045575997	410.19999999999993	0.04993857659599381
O49	vBC	-59.0149	207.74570016479123	0.4596160393188108	160.94562045135336	63.849539836366404	10.5471302735124	41.417522	0.4373843777407759	0.21707326432631854	0.4931648592471961	86.73628225421862	1.2451000000000079	1.0965972340952224	1057.6799999999998	0.05451754720531508
O52	vBC	-64.24865	86.6989738839632	0.20793770936204176	325.0	55.62177637042323	11.773323955488358	59.52284820000001	0.46803574811124404	0.22735514579070637	0.38481334869645334	93.33939275376855	0.9277000000000015	1.090489699441687	53.40000000000009	0.038857297198016776
O54	hBC	-63.1897	213.05027834717296	0.6130427567001118	162.26033072241924	100.81427691463954	11.844995442045754	38.264653800000005	0.4099482029123662	0.2118205403512381	0.5436747208804553	75.87670467881404	2.2460999999999984	1.1029266165494516	836.2800000000001	0.06535385137918424
O55	vBC	-62.7136	85.30853811482135	0.3067466782394588	400.0	47.39927298995088	8.912619431328535	72.57324560000002	0.50023450122315	0.25305810752122215	0.44665994471769804	77.11037047705418	0.5005000000000024	1.0902692183174805	764.88	0.04390646723830805
O56	vBIC	-59.5581	163.1173277316643	0.7344135605839696	200.0	77.96687343481503	9.966828401713418	42.235811200000015	0.49062802052033977	0.2630818781019402	0.47718640965186854	78.7023750286925	1.5075999999999965	1.1493666675260885	1435.96	0.05377350941650204
O58	hBC	-59.5947	127.94196897130438	0.49286401745339037	250.0	70.60670933194757	10.885815847265906	53.50798600000003	0.4237048118554888	0.21184378710337187	0.5159848484453726	72.37156229416902	0.4455999999999989	1.1060246449775943	1191.52	0.050844734054047304
O59	vBC	-69.4641	146.52504955486927	0.3974507658149523	325.0	70.07192883494908	9.9207234985233	57.647384599999995	0.47818133769708115	0.23951387071974536	0.45287951573815033	80.97465080687599	0.8545000000000016	1.1135873657331041	802.16	0.045813920058903196
O60	vBC	-56.7993	120.601841848299	0.264449625277514	175.0	62.48855678303911	11.53516558672524	56.36092000000001	0.4252615663883912	0.19404284840324748	0.4922438473331763	94.15704826601382	1.5441000000000003	1.074630267880207	686.4800000000001	0.04341072618521467
O61	hBIC	-61.30675	138.49295921442706	0.4333042989030448	225.0	77.42798481203621	8.326876049129135	43.401398600000014	0.4766122934888717	0.24730648179675338	0.4587074366344076	74.91050615248245	0.7568000000000126	1.1166986361510056	725.36	0.054348126511904585
O62	vBC	-68.6401	68.13357738724366	0.225080729043816	275.0	59.74265290679462	10.01872298952282	77.322047072	0.610178127042287	0.3052782689722454	0.36677069817246727	87.25079951966816	0.7811999999999983	1.0639389435012507	128.48000000000002	0.05600389092074715
O65	hBC	-63.5315	189.05281383824254	0.4389548161745787	108.04029647122798	110.88158622761993	13.077673534188964	41.894793799999995	0.5863810733071705	0.3225624822257589	0.4695475174710646	68.07556955725005	2.7283000000000044	1.1482232575465108	533.4	0.07286223767735067
O66	hBIC	-64.7339	163.44874842329125	0.6273668140241618	186.01282753837236	96.09018640535263	12.081898356197321	38.88617160000002	0.4794411568438342	0.2598988731184795	0.48349872232627	69.66797090515757	1.7151000000000067	1.087587976413296	1266.1599999999999	0.07673000982137625
O68	hBC	-70.0378	91.51957512339459	0.15259279079984836	320.0783314361099	108.7700177621439	12.432550306449931	49.368462052000005	0.5835640158313926	0.3073208339304359	0.3923171317358683	64.75061217980854	1.1047999999999973	1.2374759686699823	6.080000000000041	0.06776298929402845
O71	hBIC	-59.31399999999999	125.66998629425174	0.3708543206798852	75.0	133.32586708477658	15.740037539989535	32.5795252	0.5236350001178494	0.26466062194068407	0.4206142844563446	81.71668321069589	2.0142000000000024	1.17036133845937	353.0400000000001	0.08317250976640862
O73	vBC	-62.5183	117.70290000988422	0.33379677867822355	175.0	76.47000976216145	9.640660759319651	89.59339124	0.42672877755815114	0.21230428844120602	0.43862625853835696	79.23968354416255	0.6103000000000094	1.105828122593703	79.92000000000007	0.06042823117580933
O76	vBIC	-67.5781	181.38611514262757	0.4412709581284297	163.37102029640204	127.43496356634392	13.971101056885853	37.12865511203999	0.3856986250693588	0.19235873815383453	0.47025835194457677	83.46246580363676	1.6418999999999926	1.0979841878026295	202.20000000000005	0.08561262377734433
O78	hBIC	-71.7163	79.81465432267414	0.3671257959512627	184.72467885843204	117.37144305841812	21.16335379053655	42.58723380840001	0.4485825258313705	0.22793597555846262	0.4973893371365138	74.92906784877735	2.6976999999999975	1.0443403176356114	1000.2800000000001	0.10532492647526766
O80	vBC	-65.0757	88.43478695662917	0.337957540691034	241.33942183456165	82.99028607000581	10.254496083807945	53.13045318000002	0.5143308319030472	0.25436838419717545	0.42804656539298197	71.59191124099141	0.5249000000000024	1.0757768213930232	424.64	0.06463815685285894
O87	vBIC	-62.0178	114.77268276555468	0.3176714838706787	225.0	99.09751889541943	10.333691430187027	36.69607800000001	0.5134814657237247	0.27396157176038216	0.500069263223777	63.13993201940182	1.2023999999999972	1.1275746996234741	346.0400000000001	0.06365247368212855
O89	vAAC	-70.0195	96.47181731395968	0.31210021950372757	381.26777860218095	75.85561339124655	15.314826896511589	40.331293404000014	0.4871027006944876	0.2327815826322343	0.4373953718258764	82.50947945947848	0.5798000000000059	1.09530913665125	794.0400000000001	0.05265610429168776
O90	vBC	-70.0195	96.47181731395968	0.31210021950372757	381.26777860218095	80.32534979681704	23.19939087679314	44.15675180000001	0.4871027006944876	0.2327815826322343	0.4373953718258764	82.50947945947848	0.5798000000000059	1.09530913665125	794.0400000000001	0.052656104291687066
