Gene	Index	Chromosome	Strand	Start	End	ERS989712	ERS989713	ERS989714	ERS989715	ERS989716	ERS989717	ERS989718	ERS989719	ERS989720	ERS989721	ERS989722	ERS989723	ERS989724	ERS989725	ERS989726	ERS989727	ERS989728	ERS989729	ERS989730	ERS989731	ERS989732	ERS989733	ERS989734	ERS989735	ERS989736	ERS989737	ERS989738	ERS989739	ERS989740	ERS989741	ERS989742	ERS989743	ERS989744	ERS989745	ERS989746	ERS989747	ERS989748	ERS989749	ERS989750	ERS989751	ERS989752	ERS989753	ERS989754	ERS989755	ERS989756	ERS989757	ERS989758	ERS989759	ERS989760	ERS989761	ERS989762	ERS989763	ERS989764	ERS989765	ERS989766	ERS989767	ERS989768	ERS989769
Hba-a1	1	11	+	32283511	32283801	99.01603929924244	196.74515439857896	1223.7407965669968	100.40632066999255	1022.362870728543	17.388655181623932	0.0	147.6156996141758	160.6628929684421	414.1102279205752	517.3240379351902	51.35312992015295	45.379987496815204	420.89358380726964	313.52288494831805	1399.8437341148713	0.0	0.0	0.0	23.35379464285714	203.16231529262743	464.08674013983153	595.6442267557559	2385.779778451124	10259.713084072328	288.1565857747481	44.595925965887204	315.2987513410882	53.52590460526315	0.0	142.29625696044545	300.00071057713944	465.2732030665742	237.57908641623047	465.43591596242874	934.7906077909223	668.1591482414746	309.64400080543726	20.068359374999996	8.01295230263158	738.2426129328086	426.5287975147702	0.0	715.7441639652706	0.0	1160.1668960054988	2513.207338531176	266.58341092472966	773.4445021351754	2025.698281357469	693.7574807887908	100.13686571560751	499.3674832304048	267.59262993657546	709.5519865811943	352.6375575854345	401.89603877339607	171.71663462147697
Hba-a1	2a	11	+	32283811	32283924	3.5087719298245617	9.220573942783755	72.77219315171949	3.958614484930275	49.404865569148065	0.8771929824561404	0.0	9.976962608541559	7.13050511812122	19.646989916461965	31.318660179463492	2.7777777777777772	0.8771929824561404	22.206831538548986	15.249439054840717	61.892215389511	0.0	0.0	0.0	1.393188854489164	6.330711516470032	25.471827863094216	30.546124994789096	128.1565269400195	507.4999380145649	9.683452896749296	0.5482456140350876	17.11301612617402	3.5087719298245617	0.0	6.286549707602341	13.721586661337355	24.81114772343411	11.678134585328918	20.144336927913013	50.23991027331422	28.732773557199163	11.698363555948697	0.0	0.0	40.58094132339717	17.32279441359611	0.0	27.952509163809463	0.0	49.693941190193435	122.1740330834364	8.566549888653524	33.69803287824334	97.79138879941063	28.31434077564107	3.0701754385964914	23.101063773485674	10.638898138898142	34.782263861106095	16.980562425234357	10.207198157336663	9.507418839136292
Hba-a1	2b	11	+	32283924	32284128	205.1989955160498	646.2679827222082	2715.6936651938154	302.865182736067	2761.8468569124175	116.52892206694212	0.0	235.64522450444835	377.28481696895045	1186.0239481589963	1247.6365801179884	105.54821195065098	141.4792139824232	1210.0670726547999	663.4273169320353	2827.7585336777356	0.0	0.0	3.1707317073170733	77.18864490697692	324.54730820207834	1109.9683187654375	2600.5785432125467	5394.172736497891	34302.0579246316	531.5318434102035	116.393737215736	799.6911103791886	103.17916673481268	0.0	199.67206956984577	962.8449100190561	1067.1977086530974	770.1120224947714	1145.9632879429826	2195.7939677866657	1318.7279466115854	534.0798520399156	56.673242467718794	10.46628407460545	2113.2789940706753	971.3675403499677	0.0	1775.6434030413989	4.999999999999999	2496.46136217555	5671.8958001668225	506.1932499204076	1679.1046534021189	5224.290388424226	1684.3530119903944	144.58450660482836	1228.318853304888	284.0136257326839	1503.118504384697	917.7638978232178	624.8045366508225	552.2327580634983
Hba-a1	3a	11	+	32284263	32284438	249.93987623251078	950.1932050564176	2966.302595889268	541.4953168069145	2989.2104530830725	241.7964850759426	0.0	289.26192666705	384.56628857357555	1986.445176786235	1329.4828948544284	153.18386191756846	199.49473685831973	1728.6697854550873	482.9389302174185	2587.263696956011	5.823863636363636	5.823863636363636	2.130681818181818	21.80059523809524	247.76590573716237	959.881287502993	3195.1618134352702	7961.564225581603	76316.20760124482	607.0319977358371	223.66733989185528	744.7306744031902	88.03909464191722	0.0	161.7820598519128	974.3644926603067	1167.4570089163433	1418.579137349761	1286.9927951058487	2221.9257838893536	1994.6211130856987	614.0887470148848	214.88522058488232	279.86593744783875	3004.5258401124884	1102.1592952066192	4.39882697947214	2235.3093748203114	23.295454545454543	3112.7547145765648	7443.086279928092	739.3293961485425	2026.339008117574	5412.116276776801	2662.872633337342	146.83726304759583	2652.033657011608	368.06532864629645	1906.868217860625	832.5254572304317	1129.4250714240877	738.9679812754957
Hba-a1	3b	11	+	32284438	32284465	480.63090418353585	3660.387917006072	5073.562267792956	1089.1347687400319	6855.760563737614	356.9117647058824	0.0	356.3513513513513	759.1216162578392	8107.105832108891	2138.5773393578243	201.2432012432012	305.19145972706343	5704.746118581445	1233.5471967670107	4992.705655527533	0.0	0.0	48.57142857142857	144.31818181818184	686.606136381678	1716.4781297134236	6364.4625935182585	18677.376377995824	190563.20251900278	1174.8931623931621	355.81539331539335	1386.5199025260945	69.99999999999999	0.0	412.55494505494505	2430.3908146252475	2806.9160353708567	2913.6396914295024	2794.58170739455	4497.169341632539	4595.341974041302	986.4711300716993	1033.3005972522103	1646.8207769293858	6848.2879353254575	2658.6500096217464	29.03225806451613	6368.0007845493	0.0	7777.350336219868	19967.642855455746	2000.1008453482111	5509.5995551361075	12483.76785754505	6002.263848365571	441.84224203961054	6194.211992552463	800.608990363809	4245.313031190765	1745.3009957786112	1347.2057031472916	1275.6126884257192
Hba-a2	1	11	+	32296489	32296618	266.8221690590112	530.176416063539	3262.342654971679	270.56861148966414	2754.6480165597227	46.85784975258659	0.0	397.78546422346324	432.94421684127553	1115.0236950253245	1394.0521443306177	138.38317115325427	122.28712420194412	1134.197446891169	844.8616689133623	3772.210483509548	0.0	0.0	0.0	62.93233082706766	547.4689759464486	1250.5916365873354	1604.8120449652179	6428.764171120638	27560.199188320163	776.5061679824792	120.17428470807499	849.6471615086166	144.23822714681438	0.0	383.45096612498986	808.4229674499758	1253.7888419478209	640.2131170795263	1253.917712859746	2519.0146904681696	1800.162195962991	834.4090969072835	54.07894736842105	21.59279778393352	1989.3695674820947	1149.3828648819072	0.0	1928.742168159045	0.0	3126.344477656923	6772.081529796291	718.3721389129557	2082.9062958122154	5457.7788200257455	1869.4938429676886	269.842501296795	1345.0206799565528	721.0917185659297	1912.0558796293237	949.9646664557873	1082.6850831124882	462.7311417168221
Hba-a2	2a	11	+	32296628	32296741	3.5087719298245617	9.220573942783755	72.77219315171949	3.958614484930275	49.404865569148065	0.8771929824561404	0.0	9.976962608541559	7.13050511812122	19.646989916461965	31.318660179463492	2.7777777777777772	0.8771929824561404	22.206831538548986	15.249439054840717	61.892215389511	0.0	0.0	0.0	1.393188854489164	6.330711516470032	25.471827863094216	30.546124994789096	128.1565269400195	507.4999380145649	9.683452896749296	0.5482456140350876	17.11301612617402	3.5087719298245617	0.0	6.286549707602341	13.721586661337355	24.81114772343411	11.678134585328918	20.144336927913013	50.23991027331422	28.732773557199163	11.698363555948697	0.0	0.0	40.58094132339717	17.32279441359611	0.0	27.952509163809463	0.0	49.693941190193435	122.1740330834364	8.566549888653524	33.69803287824334	97.79138879941063	28.31434077564107	3.0701754385964914	23.101063773485674	10.638898138898142	34.782263861106095	16.980562425234357	10.207198157336663	9.507418839136292
Hba-a2	2b	11	+	32296741	32296945	205.1989955160498	646.2679827222082	2715.6936651938154	302.865182736067	2761.8468569124175	116.52892206694212	0.0	235.64522450444835	377.28481696895045	1186.0239481589963	1247.6365801179884	105.54821195065098	141.4792139824232	1210.0670726547999	663.4273169320353	2827.7585336777356	0.0	0.0	3.1707317073170733	77.18864490697692	324.54730820207834	1109.9683187654375	2600.3346407735226	5394.172736497891	34304.98475389989	531.5318434102035	116.393737215736	799.6911103791886	103.17916673481268	0.0	199.67206956984577	962.8449100190561	1067.1977086530974	770.1120224947714	1145.9632879429826	2195.7939677866657	1318.7279466115854	534.0798520399156	56.673242467718794	10.46628407460545	2113.2789940706753	972.5870525450895	0.0	1775.6434030413989	4.999999999999999	2496.46136217555	5671.8958001668225	506.1932499204076	1679.1046534021189	5224.290388424226	1684.3530119903944	144.58450660482836	1228.318853304888	284.0136257326839	1503.118504384697	917.7638978232178	624.8045366508225	552.2327580634983
Hba-a2	3a	11	+	32297080	32297255	209.1373194143289	956.0412507837248	2756.518070255219	494.87542437945194	2703.747233248414	200.9845584273224	0.0	254.2973201950906	343.7741762741103	1904.824290202031	1212.9607409330806	112.39317143603573	152.87005472227395	1617.8977161115756	442.2111207484043	2528.9465944838416	5.823863636363636	5.823863636363636	2.130681818181818	27.62445887445887	183.66741231881605	936.6311656158152	2792.996991855507	7063.901162852044	73156.96396757282	513.8146721321478	252.7830158825312	587.3045651728074	105.56762156842207	0.0	161.7820598519128	916.1921677639381	1030.4734970941167	1319.5680293034243	1117.9688741606756	2029.5019409907584	1784.8321167585766	590.7845862692133	278.96133335081277	268.2218523662537	2870.4334819915694	985.5806273990517	4.39882697947214	2013.7837895138691	23.295454545454543	2809.527070227269	7023.538637734265	651.8245860355272	1740.7945758912992	4654.5281404037305	2289.8572014525303	146.83726304759583	2319.8842495034473	315.6139718750867	1557.073147893792	727.5384292090621	1053.5277995040885	773.9437060151523
Hba-a2	3b	11	+	32297255	32297298	562.7361673414304	4788.544546317503	6368.98400361567	1398.6802232854864	8974.874544423204	407.9411764705882	0.0	447.9279279279279	902.9141859172819	10817.11008913165	2670.058716597716	281.66278166278164	431.03816204435395	7305.086786244094	1590.2401924538149	6264.407561581081	0.0	0.0	94.28571428571428	206.15530303030303	904.260935143288	2243.4507404360343	8349.789480281528	23914.66067882464	239699.49524289297	1413.7606837606838	440.9741234741235	2053.20873656787	95.0	0.0	503.26923076923083	3389.997313300956	3405.203353959034	3716.884955797057	3434.7834372092825	5407.551593957516	5841.176383204383	1216.6672085030718	1338.2489016359984	2172.0992974284945	8423.118086339118	3512.2025704745665	29.03225806451613	8241.66419783629	0.0	9898.49748280532	26076.628331757023	2548.242524984198	7293.996338852276	16089.94991046876	7705.069295386696	596.1111263084946	7943.013482579858	1138.5928357238156	5342.337706056496	2078.912973090778	1778.5261566238169	1557.162396028058
Hba-ps3	1	15	-	56171988	56172389	0.0	0.0	0.0	0.0	6.186909801367632	0.0	0.0	0.0	0.0	0.0	0.0	0.0	0.0	0.0	0.0	0.0	0.0	0.0	0.0	0.0	0.0	0.0	0.0	3.1061746987951806	0.0	0.0	0.0	0.0	0.0	0.0	0.0	0.0	0.0	0.0	0.0	0.0	0.0	0.0	0.0	0.0	0.0	0.0	0.0	0.0	0.0	0.0	0.0	0.0	0.0	0.0	0.0	0.0	0.0	0.0	0.0	0.0	0.0	0.0
Hba-ps4	1	17	-	26286940	26287061	0.0	0.0	0.0	0.0	0.0	0.0	0.0	0.0	0.0	0.0	0.0	0.0	0.0	0.0	0.0	0.0	0.0	0.0	0.0	0.0	0.0	0.0	0.0	0.0	0.0	0.0	0.0	0.0	0.0	0.0	0.0	0.0	0.0	0.0	0.0	0.0	0.0	0.0	0.0	0.0	0.0	0.0	0.0	0.0	0.0	0.0	0.0	0.0	0.0	0.0	0.0	0.0	0.0	0.0	0.0	0.0	0.0	0.0
Hba-ps4	2	17	-	26286630	26286834	5.030487804878049	0.0	60.145516642628316	0.0	75.17092660121968	0.0	0.0	0.0	20.01742160278745	40.019268799756595	35.09580131110829	5.003126954346466	0.0	55.09652293680618	25.048420083825274	100.19474484022707	0.0	0.0	0.0	0.0	20.01667708984782	20.059483199727097	35.10431524015085	205.41125243064855	726.0502869720642	20.044037940379404	10.035405192761605	60.05677010698531	4.999999999999999	0.0	15.043777360850534	30.072146906332588	35.082660692416795	10.04377736085053	25.009545439583945	50.04975660463465	35.00625390869293	20.003126954346463	4.999999999999999	0.0	85.08663975448314	35.00625390869293	0.0	55.13404345137117	0.0	60.18768832793222	185.38991801678654	5.030487804878049	60.13526413408397	165.37262714904642	45.14120938714088	10.021520803443329	35.107427339455576	15.009545439583952	50.11676038039022	35.0594831997271	35.042995622263916	20.035405192761605
Hba-ps4	3	17	-	26286363	26286482	0.0	0.0	12.15686274509804	0.0	0.0	0.0	0.0	0.0	0.0	48.333333333333336	0.0	0.0	0.0	0.0	0.0	0.0	0.0	0.0	0.0	0.0	0.0	0.0	0.0	23.565062388591798	121.58398843408331	0.0	0.0	12.15686274509804	12.066365007541476	0.0	0.0	0.0	0.0	0.0	12.15686274509804	12.15686274509804	0.0	0.0	0.0	0.0	12.15686274509804	0.0	0.0	12.058823529411764	0.0	36.484110885733614	24.180035650623882	0.0	0.0	12.170385395537528	12.15686274509804	0.0	24.31372549019608	0.0	0.0	0.0	0.0	0.0
Hba-x	1	11	+	32276400	32276758	0.0	0.0	0.0	0.0	0.0	0.0	0.0	0.0	0.0	0.0	0.0	0.0	0.0	0.0	0.0	0.0	0.0	0.0	0.0	0.0	0.0	0.0	0.0	0.0	0.0	0.0	0.0	0.0	0.0	0.0	0.0	0.0	0.0	0.0	0.0	0.0	0.0	0.0	0.0	0.0	0.0	0.0	0.0	0.0	0.0	0.0	0.0	0.0	0.0	0.0	0.0	0.0	0.0	0.0	0.0	0.0	0.0	0.0
Hba-x	2	11	+	32276893	32277029	0.0	0.0	0.0	0.0	0.0	0.0	0.0	0.0	0.0	0.0	0.0	0.0	0.0	0.0	0.0	0.0	0.0	0.0	0.0	0.0	0.0	0.0	0.0	0.0	0.0	0.0	0.0	0.0	0.0	0.0	0.0	0.0	0.0	0.0	0.0	0.0	0.0	0.0	0.0	0.0	0.0	0.0	0.0	0.0	0.0	0.0	0.0	0.0	0.0	0.0	0.0	0.0	0.0	0.0	0.0	0.0	0.0	0.0
Hba-x	3	11	+	32277569	32277773	0.0	0.0	0.0	0.0	0.0	0.0	0.0	0.0	0.0	0.0	0.0	0.0	0.0	0.0	0.0	0.0	0.0	0.0	0.0	0.0	0.0	0.0	0.0	0.0	0.0	0.0	0.0	0.0	0.0	0.0	0.0	0.0	0.0	0.0	0.0	0.0	0.0	0.0	0.0	0.0	0.0	0.0	0.0	0.0	0.0	0.0	0.0	0.0	0.0	0.0	0.0	0.0	0.0	0.0	0.0	0.0	0.0	0.0
Hba-x	4	11	+	32277880	32278116	0.0	0.0	0.0	0.0	0.0	0.0	0.0	0.0	0.0	0.0	0.0	0.0	0.0	0.0	0.0	0.0	0.0	0.0	0.0	0.0	0.0	0.0	0.0	0.0	0.0	0.0	0.0	0.0	0.0	0.0	0.0	0.0	0.0	0.0	0.0	0.0	0.0	0.0	0.0	0.0	0.0	0.0	0.0	0.0	0.0	0.0	0.0	0.0	0.0	0.0	0.0	0.0	0.0	0.0	0.0	0.0	0.0	0.0
Hbb-bh0	1	7	-	103850020	103850148	0.0	0.0	0.0	0.0	0.0	0.0	0.0	0.0	0.0	0.0	0.0	0.0	0.0	0.0	0.0	0.0	0.0	0.0	0.0	0.0	0.0	0.0	0.0	0.0	0.0	0.0	0.0	0.0	0.0	0.0	0.0	0.0	0.0	0.0	0.0	0.0	0.0	0.0	0.0	0.0	0.0	0.0	0.0	0.0	0.0	0.0	0.0	0.0	0.0	0.0	0.0	0.0	0.0	0.0	0.0	0.0	0.0	0.0
Hbb-bh1	1	7	-	103843019	103843164	0.0	0.0	0.0	0.0	0.0	0.0	0.0	0.0	0.0	0.0	0.0	0.0	0.0	0.0	0.0	0.0	0.0	0.0	0.0	0.0	0.0	0.0	0.0	0.0	0.0	0.0	0.0	0.0	0.0	0.0	0.0	0.0	0.0	0.0	0.0	0.0	0.0	0.0	0.0	0.0	0.0	0.0	0.0	0.0	0.0	0.0	0.0	0.0	0.0	0.0	0.0	0.0	0.0	0.0	0.0	0.0	0.0	0.0
Hbb-bh1	2	7	-	103842691	103842913	0.0	0.0	0.0	0.0	0.0	0.0	0.0	9.192825112107622	0.0	0.0	0.0	0.0	0.0	0.0	0.0	0.0	0.0	0.0	0.0	0.0	0.0	0.0	0.0	2.759572266298724	0.0	0.0	0.0	0.0	0.0	0.0	0.0	0.0	0.0	0.0	0.0	0.0	0.0	0.0	0.0	0.0	0.0	0.0	0.0	0.0	0.0	0.0	0.0	0.0	0.0	0.0	0.0	0.0	0.0	0.0	0.0	0.0	0.0	0.0
Hbb-bh1	3	7	-	103841637	103841880	0.0	0.0	0.0	0.0	0.0	0.0	0.0	0.0	0.0	0.0	0.0	0.0	0.0	0.0	0.0	0.0	0.0	0.0	0.0	0.0	0.0	0.0	0.0	1.962949331370384	0.0	0.0	0.0	0.0	0.0	0.0	0.0	0.0	0.0	0.0	0.0	0.0	0.0	0.0	0.0	0.0	0.0	0.0	0.0	0.0	0.0	0.0	0.0	0.0	0.0	0.0	0.0	0.0	0.0	0.0	0.0	0.0	0.0	0.0
Hbb-bh2	1	7	-	103840336	103840520	0.0	0.0	0.0	0.0	0.0	0.0	0.0	0.0	0.0	0.0	0.0	0.0	0.0	0.0	0.0	0.0	0.0	0.0	0.0	0.0	0.0	0.0	0.0	0.0	0.0	0.0	0.0	0.0	0.0	0.0	0.0	0.0	0.0	0.0	0.0	0.0	0.0	0.0	0.0	0.0	0.0	0.0	0.0	0.0	0.0	0.0	0.0	0.0	0.0	0.0	0.0	0.0	0.0	0.0	0.0	0.0	0.0	0.0
Hbb-bh2	2	7	-	103840028	103840250	0.0	0.0	0.0	0.0	0.0	0.0	0.0	0.0	0.0	0.0	1.569506726457399	0.0	0.0	0.0	0.0	0.0	0.0	0.0	0.0	0.0	0.0	0.0	0.0	0.0	0.0	0.0	0.0	0.0	0.0	0.0	0.0	0.0	0.0	0.0	0.0	0.0	0.0	0.0	0.0	0.0	0.0	0.0	0.0	0.0	0.0	0.0	0.0	0.0	0.0	0.0	0.0	0.0	0.0	0.0	0.0	0.0	0.0	0.0
Hbb-bh2	3	7	-	103839124	103839273	0.0	0.0	0.0	0.0	0.0	0.0	0.0	0.0	0.0	0.0	0.0	0.0	0.0	0.0	0.0	0.0	0.0	0.0	0.0	0.0	0.0	0.0	0.0	0.0	0.0	0.0	0.0	0.0	0.0	0.0	0.0	0.0	0.0	0.0	0.0	0.0	0.0	0.0	0.0	0.0	0.0	0.0	0.0	0.0	0.0	0.0	0.0	0.0	0.0	0.0	0.0	0.0	0.0	0.0	0.0	0.0	0.0	0.0
Hbb-bh3	1	7	-	103833648	103833723	0.0	0.0	0.0	0.0	0.0	0.0	0.0	0.0	0.0	0.0	0.0	0.0	0.0	0.0	0.0	0.0	0.0	0.0	0.0	0.0	0.0	0.0	0.0	0.0	0.0	0.0	0.0	0.0	0.0	0.0	0.0	0.0	0.0	0.0	0.0	0.0	0.0	0.0	0.0	0.0	0.0	0.0	0.0	0.0	0.0	0.0	0.0	0.0	0.0	0.0	0.0	0.0	0.0	0.0	0.0	0.0	0.0	0.0
Hbb-bh3	2	7	-	103833464	103833530	0.0	0.0	0.0	0.0	0.0	0.0	0.0	0.0	0.0	0.0	0.0	0.0	0.0	0.0	0.0	0.0	0.0	0.0	0.0	0.0	0.0	0.0	0.0	0.0	0.0	0.0	0.0	0.0	0.0	0.0	0.0	0.0	0.0	0.0	0.0	0.0	0.0	0.0	0.0	0.0	0.0	0.0	0.0	0.0	0.0	6.343283582089552	0.0	0.0	0.0	0.0	0.0	0.0	0.0	0.0	0.0	0.0	0.0	0.0
Hbb-bh3	3	7	-	103832628	103832750	0.0	0.0	0.0	0.0	0.0	0.0	0.0	0.0	0.0	0.0	0.0	0.0	0.0	0.0	0.0	0.0	0.0	0.0	0.0	0.0	0.0	0.0	0.0	0.0	0.0	0.0	0.0	0.0	0.0	0.0	0.0	0.0	0.0	0.0	0.0	0.0	0.0	0.0	0.0	0.0	0.0	0.0	0.0	0.0	0.0	0.0	0.0	0.0	0.0	0.0	0.0	0.0	0.0	0.0	0.0	0.0	0.0	0.0
Hbb-bs	1	7	-	103828012	103828096	0.0	0.0	0.0	0.0	0.0	0.0	0.0	0.0	0.0	0.0	0.0	0.0	0.0	0.0	0.0	12.5	0.0	0.0	0.0	0.0	0.0	0.0	0.0	0.0	0.0	0.0	0.0	0.0	0.0	0.0	0.0	0.0	0.0	0.0	0.0	0.0	0.0	0.0	0.0	0.0	0.0	0.0	0.0	0.0	0.0	0.0	0.0	0.0	0.0	0.0	0.0	0.0	0.0	0.0	0.0	0.0	0.0	0.0
Hbb-bs	2a	7	-	103827886	103827928	192.82347204636997	48.89683959451401	620.731732847436	66.44802226197574	769.714963185196	50.1937984496124	0.0	5.813953488372093	59.376863446630885	317.28526577192787	263.5846205613648	0.0	119.09612018389213	57.07934336525307	106.3953488372093	367.20322211448286	0.0	0.0	0.0	0.0	189.65728274173807	278.5050334981935	463.54149691295413	1430.5762951579786	5315.774138202699	1.744186046511628	0.0	39.53488372093023	1.5003750937734435	0.0	59.883720930232556	258.66004720313884	193.72779283499997	258.87544587954983	22.595851665619104	1037.928511418396	240.2800777593779	43.27242524916944	0.0	2.3255813953488373	443.50354603972573	1145.3411901571737	0.0	774.4787071858973	0.0	862.9538401341453	1260.0778078189564	245.65547111986737	1497.5896779416594	567.5409063357637	890.3280287743712	0.0	61.978104175166585	93.6046511627907	522.6361550286958	256.0042025158304	268.526638600078	51.74418604651163
Hbb-bs	2b	7	-	103827784	103827886	201.74738450864268	122.88767058184533	1905.7134386559717	92.83640690006042	1747.5692004658792	175.46508159015298	0.0	116.89615620151555	101.36068052241386	444.1633279235476	524.8703052255478	16.79905854663136	290.8608372462606	141.16576242147343	162.81247538932936	877.5601210957697	0.0	0.0	0.0	9.466019417475728	290.87831312218134	972.0042172409799	1168.213161037653	2789.388028652216	14369.255277453098	115.47513974698442	0.0	120.40652094906804	60.153669753355686	0.0	113.77400916235867	757.3579300611585	828.9549130199671	606.8206146364596	299.9784086565324	1703.1894889370947	465.1182091836438	139.02820430443742	0.0	9.223300970873787	762.1122652780037	2312.600982957529	0.0	1580.3160484700677	0.0	1162.641971107901	3241.450037536551	303.2853731928127	1825.0158157333442	1453.9838114245574	1787.908766358299	0.0	528.9983409030043	264.7360990680937	1000.0891352374571	484.7283418627988	854.6889250229277	452.9995744863746
Hbb-bs	3a	7	-	103827670	103827725	1.3392857142857142	0.0	0.8928571428571429	0.0	0.8928571428571429	0.0	0.0	0.0	0.0	0.0	0.0	0.0	0.0	0.0	0.0	0.0	0.0	0.0	0.0	0.0	0.0	0.0	2.7472527472527473	1.488095238095238	11.421251351308742	0.0	0.0	0.0	0.0	0.0	0.0	0.0	2.9936974789915967	0.8928571428571429	0.0	0.0	0.0	0.0	0.0	0.0	0.0	1.5756302521008403	0.0	0.8928571428571429	0.0	0.0	3.584558823529412	0.0	0.0	1.3392857142857142	0.0	0.0	0.0	0.0	1.3392857142857142	0.0	1.4097744360902256	1.3392857142857142
Hbb-bs	3b	7	-	103827452	103827670	235.22384634643888	176.47960224968847	1908.7481060700386	89.01281537526505	1929.8473106537144	165.80825727815633	0.0	86.31264744492205	230.32883440886945	423.9760243185072	845.747159464793	22.29832572298326	240.09649440489179	214.85410387229285	225.09378863339606	1013.7626419622927	0.0	0.0	0.0	4.908675799086758	469.65328561617946	975.9723840174308	1337.8478003346406	3657.35228409384	21558.197747436232	210.4329745596869	2.643595289593848	129.2016548313499	40.238064444276795	0.0	151.73532805111753	611.6353470246491	1071.377162621439	701.6037374261163	357.8647726414534	1586.0205793521257	523.0984390276199	145.72944924475948	8.105022831050228	17.743428359866716	818.1957691418005	2250.861007417904	0.0	1632.2682144623043	4.680365296803653	1218.7174143383897	3524.6679844669193	290.87409717393825	1772.1410228522475	2317.181368922544	1685.6267478149787	0.0	646.2675132827054	258.66347080963294	972.958179057358	570.9787523445948	1075.9020001470572	539.002110696485
Hbb-bs	3c	7	-	103827448	103827452	291.95133872159835	298.6968562490385	2197.8880176383423	76.31578947368419	2562.4088742017325	69.99999999999999	0.0	135.6060606060606	320.94405594405595	315.0	1144.9883857172458	77.77777777777779	227.6315789473684	292.2580645161291	222.5657894736842	1139.5295155337099	0.0	0.0	0.0	0.0	439.4156335748119	1205.8100248541423	2030.6075083183591	4801.6686326708295	39124.61209370979	145.0	26.31578947368421	140.02030227836676	25.0	0.0	145.0	719.6405228758172	1793.8252984615215	949.479197795761	357.0767605287729	1477.710051816089	809.5187921813307	316.36931695755226	45.0	27.027027027027028	1116.7586649550706	2806.0439202837706	0.0	1737.6144238430772	0.0	1161.4188042031847	4776.714157487902	356.03058448259696	1948.8913109171774	3596.4246377920986	2770.0048605561437	0.0	876.7169732572208	300.8294930875576	1106.304416304416	547.0832160615442	1446.4005750053884	552.0832160615442
Hbb-bs	4a	7	-	103826728	103826793	214.54889450952643	393.90137212720697	3009.1248988632956	64.78523626356443	2774.4577165993796	157.05437728932188	0.0	113.45049377346027	387.1960624780822	452.8132707127854	1208.9933180282324	134.36266845357753	355.97742681811803	285.37256523669646	169.49670146440482	1281.33593396252	0.0	0.0	0.0	1.5151515151515151	454.31067746420933	866.2080556213355	2313.665935662056	5320.301551661461	46321.54608112899	212.84931707725823	5.18341307814992	81.83008747524876	64.10172216623829	0.0	201.03103224760983	675.5984382919368	1588.8708862129495	1151.3335195508316	462.6490165198936	1754.2351915713987	975.6455382218593	444.41443632620104	9.84848484848485	17.168304668304668	1219.2623615356401	2859.66305693564	0.0	1885.8465276333695	0.0	1309.7155785199398	4433.577743293345	401.15667078084687	2120.9111975533797	3157.9127106051646	2518.3127224969708	0.0	1427.7142974533713	332.3323172021852	1262.419184530922	655.3433056581804	1337.9557100006027	849.2676363787953
Hbb-bs	4b	7	-	103826534	103826728	198.78650830808337	435.2905855995785	2212.001907599595	106.90862529097822	2214.0898539336627	230.55565738025416	0.0	166.42166809905783	342.4372357545795	654.4862083570591	877.924321740162	23.40773809523809	71.24384774152574	301.7664567281316	120.71591381964068	934.7816293690446	0.0	0.0	0.0	31.64884868421052	478.7426481512959	435.79866868823257	2023.1030195418107	4928.832604999065	47552.566847473994	162.05732159487195	32.085286542523384	192.18077956989242	58.72965543873051	0.0	110.32072368421053	920.9397331744337	1006.4398033707438	773.2864729471258	396.9438118007556	1615.4980731593091	1025.3687761823944	402.9877960321516	9.53125	12.8515625	865.7638852653185	2417.952196491771	0.0	1790.3443094073712	0.0	1302.0205542769336	4799.363657766476	676.7273956388656	2013.479577889314	2494.809738378209	2078.854927448818	6.40625	1799.8333962228962	206.35135264041517	1093.3342520908413	489.8963509826147	679.9410008602356	869.3474551343115
Hbb-bt	1	7	-	103813778	103813996	89.35791337285902	62.958441015506224	1060.3748528174156	44.6486686897356	882.2413290544031	86.96022381284529	0.0	66.53035945672909	47.5219020969914	202.53374378067303	268.71448095138305	14.974472990777336	155.99406302659017	75.22127475572168	70.2156791581572	450.5547097757524	0.0	0.0	0.0	5.298913043478261	143.84729693117848	556.13613407995	656.502346044993	1496.6481358756187	7646.310594598901	87.20633924438272	0.0	59.5210416182283	28.41351113647698	0.0	54.857189911537745	397.0294898854212	545.8002939454059	324.6252995147799	178.34425901733917	845.5989063590828	219.47182919324086	70.52743424184736	0.0	5.570652173913043	363.83189045426514	1155.0806163858788	0.0	785.1835159843268	0.0	549.3109972262041	1834.3336723333562	158.2090986582776	834.9287329499298	750.0707414950455	853.5112955308515	0.0	304.11463591326714	130.124011978335	548.8583240274168	239.50588426049873	498.83048736430646	276.286597553665
Hbb-bt	2	7	-	103813439	103813661	236.15169374330273	178.71668303891445	1915.367436697234	88.78506603173895	1942.70335920271	164.0673019906558	0.0	87.30894185139987	232.13646630026753	422.31277724552945	852.2342834455097	23.29347284504235	240.09712372403936	216.17525114841553	225.00360030766132	1016.3736584801169	0.0	0.0	0.0	4.820627802690582	469.2517962756953	980.6881383250966	1351.113754055403	3680.2699987776105	21895.704266988876	209.34897501601534	3.068208638187397	129.40386456949452	39.96473593406555	0.0	151.92841633719615	613.8849489362209	1084.797032079847	706.3883393891809	357.9403239936923	1585.2484292240301	528.7678668404828	148.88281469988144	8.74439461883408	17.909950309053446	824.1836804190741	2262.758399629286	0.0	1635.0290788713608	4.596412556053811	1218.1203658677086	3548.4315072748295	292.24461712566307	1776.1858710686586	2341.5045275602674	1707.303336868389	0.0	651.986086806661	259.5991842137212	976.341434797579	570.9360190999614	1083.1176932528472	539.7809451509346
Hbb-bt	3	7	-	103812524	103812784	84.55172319619979	135.73919693393304	1225.1639254923177	30.39960569695973	1028.5522228264804	107.97233316643923	0.0	50.44697754874747	145.07934214999764	158.51617101087095	519.9873352372595	42.05442369159183	230.95822885614135	159.42178766356892	70.29884899295705	572.7244542898131	0.0	0.0	0.0	4.538234626730202	377.57463246638014	576.2835086882658	1005.0922660944958	2240.0233793398716	24412.748248703247	217.22249077228813	6.049138332557056	23.67604324498415	50.97716687341545	0.0	59.593133311248884	337.5522831925748	708.7599745831903	577.8036628254521	187.25336594825282	762.494197176969	343.8098769227095	154.31768691138808	9.516110732924892	5.01375269074384	537.9667431133945	1033.9594556495501	0.0	728.9695803828178	0.0	733.808940581102	2054.0638061868326	181.97905884951166	818.083392194451	1795.3417331432204	1148.313401162336	0.0	639.7633876099349	123.69984455785912	574.576573426506	317.52720066535994	694.5405998807511	418.2548771901557
Hbb-y	1	7	-	103853061	103853216	0.0	0.0	0.0	0.0	0.0	0.0	0.0	0.0	0.0	0.0	0.0	0.0	0.0	0.0	0.0	0.0	0.0	0.0	0.0	0.0	0.0	0.0	0.0	0.0	0.0	0.0	0.0	0.0	0.0	0.0	0.0	0.0	0.0	0.0	0.0	0.0	0.0	0.0	0.0	0.0	0.0	0.0	0.0	0.0	0.0	0.0	0.0	0.0	0.0	0.0	0.0	0.0	0.0	0.0	0.0	0.0	0.0	0.0
Hbb-y	2	7	-	103852748	103852970	0.0	0.0	0.0	0.0	0.0	0.0	0.0	0.0	0.0	0.0	0.0	0.0	0.0	0.0	0.0	0.0	0.0	0.0	0.0	0.0	0.0	0.0	0.0	0.0	9.201914919403706	0.0	0.0	0.0	0.0	0.0	0.0	0.0	0.0	0.0	0.0	0.0	0.0	0.0	0.0	0.0	0.0	0.0	0.0	0.0	0.0	0.0	0.0	0.0	0.0	0.0	0.0	0.0	0.0	0.0	0.0	0.0	0.0	0.0
Hbb-y	3	7	-	103851749	103852002	0.0	0.0	0.0	0.0	0.0	0.0	0.0	0.0	0.0	0.0	0.0	0.0	0.0	0.0	0.0	0.0	0.0	0.0	0.0	0.0	0.0	0.0	0.0	0.0	0.0	0.0	0.0	0.0	0.0	0.0	0.0	0.0	0.0	0.0	0.0	0.0	0.0	0.0	0.0	0.0	0.0	0.0	0.0	0.0	0.0	0.0	0.0	0.0	0.0	0.0	0.0	0.0	0.0	0.0	0.0	0.0	0.0	0.0
Hbegf	1	18	-	36515468	36515805	7.034108388214387	0.0	0.0	16.935441556874288	0.0	0.0	220.21107239723415	44.21029418003649	33.89563221027985	0.0	0.0	10.16030174446016	0.0	0.0	0.0	0.0	0.24752475247524752	0.0	0.0	0.0	0.0	197.24541671653992	113.02132068002771	0.0	0.0	6.786631044056786	0.0	148.97565754572932	0.0	68.15393077769313	0.0	0.0	26.118057863107367	0.0	0.0	77.88508560510523	0.0	0.0	0.0	0.0	100.28155126437011	0.0	0.0	107.56344098867628	3.3828382838283826	0.0	0.0	0.0	0.0	0.0	0.0	0.0	0.0	3.3828382838283826	89.75640215659377	0.0	0.0	195.12364721400522
Hbegf	2	18	-	36515087	36515260	66.90442592980502	0.0	0.0	8.045977011494253	13.936781609195402	0.0	318.7987069152222	60.203911268819986	20.007183908045977	0.0	0.0	4.597701149425287	0.0	0.0	0.0	0.0	36.20689655172414	0.0	5.890804597701149	0.0	0.0	408.8909453617876	156.6233558046679	0.0	4.022988505747127	5.890804597701149	14.88845630947967	142.89849703503765	0.0	70.58013825255205	0.0	0.0	73.88123556087963	0.0	0.0	52.357098477788135	12.499999999999998	0.0	0.0	0.0	116.37944706430888	0.0	0.0	128.73226969690361	0.0	0.0	0.0	0.0	0.0	0.0	0.0	0.0	0.0	0.0	140.43561145488124	0.0	0.0	186.30966922743647
Hbegf	3	18	-	36512557	36512734	14.466292134831459	0.0	0.0	15.168539325842694	15.028089887640448	0.0	135.660693165498	74.57105982386882	0.0	0.0	0.0	7.022471910112359	0.0	0.0	0.0	0.0	0.0	0.0	0.0	0.0	0.0	250.0522700355614	6.682736106893411	0.0	7.591661738616203	11.516853932584269	8.592200925313945	125.80668395275136	0.0	96.30539950062419	0.0	0.0	53.77741029358462	0.0	0.0	12.033100516246584	16.43258426966292	0.0	0.0	0.0	38.30082636262411	0.0	0.0	61.25121871775871	0.0	0.0	0.0	0.0	5.758426966292134	0.0	0.0	0.0	0.0	0.0	27.03395712938013	0.0	0.0	153.74264950438115
Hbegf	4	18	-	36507449	36507604	62.279071099635615	0.0	0.0	7.211538461538462	0.0	0.0	295.5075578468173	53.048980933596305	24.358974358974358	0.0	0.0	13.181089743589743	0.0	0.0	0.0	0.0	43.45238095238095	0.0	0.0	0.0	0.0	222.50504537172495	0.0	0.0	66.66666666666669	0.0	0.0	78.68589743589742	0.0	27.407955292570676	0.0	0.0	68.10552798456024	0.0	0.0	0.0	0.0	0.0	0.0	0.0	32.57211538461538	0.0	0.0	129.49611331667782	0.0	0.0	0.0	0.0	0.0	0.0	0.0	0.0	8.333333333333332	0.0	0.0	34.65544871794872	0.0	228.51830152231457
Hbegf	5	18	-	36506635	36506725	41.05616605616605	0.0	0.0	17.582417582417584	0.0	0.0	278.2753170985694	33.46978162646366	10.164835164835166	0.0	0.0	11.263736263736263	0.0	0.0	0.0	0.0	8.928571428571429	0.0	0.0	0.0	0.0	105.76923076923079	0.0	0.0	118.37526508579141	11.263736263736263	0.0	123.62637362637365	0.0	31.11263736263736	0.0	0.0	0.8241758241758241	0.0	0.0	0.0	0.0	0.0	0.0	0.0	11.263736263736263	0.0	0.0	81.65634674922602	0.0	0.0	0.0	0.0	0.8241758241758241	0.0	0.0	0.0	5.4945054945054945	0.0	0.0	64.37728937728939	0.0	252.7947440973008
Hbegf	6	18	-	36504929	36506364	27.021559941323133	0.0	0.0	8.309050605451791	0.0	0.0	137.05546234135736	59.856302898769805	12.453147806973698	0.0	0.0	3.6618865312655466	0.0	0.7316202712348322	0.0	14.63992316843995	28.71145855956849	0.0	0.0	0.0	0.0	105.1046033934914	30.765445519477268	0.0	154.77660142506576	2.9316617162856025	0.0	69.45840351595821	0.0	8.969955165826658	0.0	0.0	40.22247285128665	0.0	0.0	12.445385148388644	0.0	23.42780048398184	0.0	0.0	5.852962169878658	8.785614451680043	0.0	32.75635688168025	44.662353087659554	0.0	0.0	0.0	0.6780870806566738	0.7336029819969861	0.0	0.0	156.3954783971319	16.841895577494327	0.0	59.33310719534694	0.0	19.51744658380742
Hbp1	1a	12	-	31950234	31950535	0.0	0.0	0.0	0.0	0.0	0.0	0.0	0.0	0.0	0.0	28.169089713127406	0.0	0.0	0.0	0.0	0.0	0.0	0.0	0.0	0.0	0.0	0.0	0.0	0.0	0.0	0.0	0.0	0.0	0.0	0.0	14.929255097794423	0.0	0.0	0.0	0.0	0.0	0.0	0.0	0.0	0.0	0.0	0.0	0.0	0.0	0.0	0.0	0.0	0.0	0.0	0.0	0.0	0.0	0.0	0.6609385327164574	0.0	0.0	0.0	0.0
Hbp1	1b	12	-	31950223	31950234	0.0	0.0	0.0	0.0	8.333333333333334	0.0	0.0	0.0	0.0	0.0	134.02777777777777	0.0	0.0	0.0	0.0	0.0	0.0	0.0	0.0	0.0	0.0	0.0	0.0	4.166666666666667	0.0	0.0	0.0	0.0	0.0	0.0	180.787037037037	0.0	0.0	0.0	0.0	0.0	0.0	0.0	0.0	0.0	0.0	0.0	0.0	0.0	0.0	0.0	0.0	0.0	0.0	0.0	0.0	0.0	0.0	29.411764705882355	0.0	0.0	0.0	0.0
Hbp1	1c	12	-	31950221	31950223	0.0	0.0	0.0	0.0	49.99999999999999	0.0	0.0	0.0	0.0	0.0	136.11111111111111	0.0	0.0	0.0	0.0	0.0	0.0	0.0	0.0	0.0	0.0	0.0	0.0	57.258064516129025	0.0	0.0	0.0	0.0	0.0	0.0	166.66666666666666	0.0	0.0	0.0	0.0	0.0	0.0	0.0	0.0	0.0	0.0	0.0	39.04923599320883	0.0	0.0	0.0	0.0	0.0	0.0	0.0	0.0	0.0	0.0	29.411764705882355	0.0	0.0	0.0	0.0
Hbp1	1d	12	-	31950210	31950221	0.0	0.0	7.352941176470589	0.0	56.25	0.0	0.0	0.0	0.0	0.0	140.03267973856208	0.0	0.0	17.992424242424242	0.0	0.0	0.0	0.0	0.0	0.0	0.0	0.0	0.0	154.64719938154474	17.76960784313726	48.37962962962963	0.0	0.0	0.0	0.0	164.33823529411765	0.0	0.0	0.0	53.24074074074073	0.0	0.0	0.0	0.0	0.0	0.0	0.0	58.57385398981324	0.0	58.33333333333334	68.3517156862745	21.600877192982455	0.0	0.0	0.0	0.0	10.416666666666666	0.0	29.411764705882355	0.0	0.0	4.761904761904762	0.0
Hbp1	1e	12	-	31950196	31950210	0.0	0.0	29.41176470588235	0.0	90.00000000000001	0.0	0.0	5.0	0.0	0.0	69.96732026143792	0.0	0.0	55.303030303030305	0.0	0.0	0.0	0.0	0.0	0.0	0.0	0.0	0.0	236.640312038794	54.411764705882355	102.77777777777779	0.0	0.0	0.0	0.0	124.41176470588238	0.0	0.0	0.0	77.77777777777779	0.0	0.0	0.0	0.0	0.0	0.0	0.0	58.573853989813244	0.0	163.23529411764704	215.0735294117647	56.31578947368421	0.0	0.0	0.0	0.0	25.0	0.0	16.764705882352942	0.0	0.0	28.57142857142857	0.0
Hbp1	1f	12	-	31950170	31950196	0.0	0.0	2.178649237472767	0.0	91.24124124124126	0.0	0.0	1.8518518518518519	0.0	0.0	4.030501089324619	0.0	0.0	4.0965207631874305	0.0	0.0	0.0	0.0	0.0	0.0	0.0	0.0	0.0	19.133850274478572	4.030501089324619	7.613168724279836	0.0	0.0	0.0	0.0	7.734204793028321	0.0	0.0	0.0	5.761316872427984	0.0	0.0	0.0	0.0	0.0	0.0	0.0	4.3388039992454255	0.0	12.091503267973856	15.93137254901961	5.653021442495127	0.0	0.0	0.0	0.0	1.8518518518518519	0.0	19.444444444444446	0.0	0.0	2.1164021164021167	0.0
Hbp1	1g	12	-	31950131	31950170	0.0	0.0	0.0	0.0	58.31614509246088	0.0	0.0	0.0	0.0	0.0	0.0	0.0	0.0	0.0	0.0	0.0	0.0	0.0	0.0	0.0	0.0	0.0	0.0	0.0	0.0	0.0	0.0	0.0	0.0	0.0	0.0	0.0	0.0	0.0	0.0	0.0	0.0	0.0	0.0	0.0	0.0	0.0	0.0	0.0	0.0	0.0	0.0	0.0	0.0	0.0	0.0	0.0	0.0	14.374999999999998	0.0	0.0	0.0	0.0
Hbp1	1h	12	-	31950105	31950131	0.0	0.0	0.0	0.0	48.538011695906434	0.0	0.0	0.0	0.0	0.0	0.0	0.0	0.0	0.0	0.0	0.0	0.0	0.0	0.0	0.0	0.0	0.0	0.0	0.0	0.0	0.0	0.0	0.0	0.0	0.0	0.0	0.0	0.0	0.0	0.0	0.0	0.0	0.0	0.0	0.0	0.0	0.0	0.0	0.0	0.0	0.0	0.0	0.0	0.0	0.0	0.0	0.0	0.0	0.0	0.0	0.0	0.0	0.0
Hbp1	2	12	-	31949575	31949608	0.0	0.0	0.0	0.0	0.0	0.0	0.0	0.0	0.0	0.0	0.0	0.0	30.88235294117647	0.0	0.0	0.0	0.0	0.0	0.0	0.0	0.0	0.0	0.0	0.0	0.0	0.0	0.0	0.0	0.0	0.0	0.0	0.0	0.0	0.0	0.0	0.0	0.0	0.0	0.0	0.0	0.0	0.0	0.0	0.0	0.0	0.0	0.0	0.0	0.0	0.0	0.0	0.0	0.0	0.0	0.0	0.0	0.0	0.0
Hbp1	3	12	-	31943829	31944012	0.0	0.0	61.92714822829913	0.0	107.557561944834	0.0	0.0	87.2685624902444	30.97826086956521	0.0	76.60061394824409	0.0	0.0	34.209583042703244	0.0	0.0	0.0	0.0	0.0	0.0	0.0	150.13586956521735	125.21443921257996	432.77711302469004	27.469629156010228	180.5669446138806	0.0	0.0	39.13043478260869	0.0	103.11131289392158	0.0	0.0	0.0	46.34661835748793	0.0	16.440217391304348	0.0	0.0	0.0	0.0	0.0	44.80563401635844	0.0	170.6382477158322	262.36482579193574	130.76233728849323	0.0	0.0	0.0	0.0	93.81826681966936	163.5548302539909	38.67366454482823	0.0	0.0	83.09607254358153	0.0
Hbp1	4a	12	-	31940407	31940506	18.5	0.0	32.61764705882352	0.0	48.99999999999999	0.0	0.0	64.96052631578948	20.57258064516129	0.0	78.16666666666667	0.0	0.0	27.8125	0.0	0.0	0.0	0.0	0.0	0.0	0.0	53.072580645161295	102.26315789473686	420.07039330804685	29.749999999999996	115.41666666666667	0.0	0.0	82.27027027027027	0.0	70.9040404040404	0.0	0.0	0.0	44.19118819776715	0.0	0.5	0.0	0.0	0.0	7.249999999999999	0.0	47.74999999999999	0.0	107.49999999999999	170.92108585858583	76.84926470588236	0.0	0.0	0.0	0.0	117.39393939393938	0.0	7.249999999999999	0.0	0.0	129.21052631578948	0.0
Hbp1	4b	12	-	31940278	31940407	0.0	0.0	34.920814479638004	0.0	62.115384615384606	0.0	0.0	17.115384615384617	23.477130977130976	0.0	89.1025641025641	0.0	0.0	17.740384615384617	0.0	0.0	0.0	0.0	0.0	7.884615384615384	0.0	84.52973497091145	70.58704453441293	327.7256398461333	35.78482328482328	115.8997912271157	0.0	0.0	33.46153846153846	7.918552036199094	77.30769230769229	0.0	0.0	0.0	29.42307692307692	0.0	0.0	0.0	0.0	0.0	2.5	0.0	18.653846153846153	0.0	71.7929292929293	135.45288045288044	141.38009049773757	0.0	0.0	0.0	0.0	92.12888978593563	0.0	26.20967741935484	0.0	0.0	62.83559577677225	0.0
Hbp1	4c	12	-	31939751	31940278	5.8388240343885505	0.0	44.46226195584132	0.0	0.0946969696969697	0.0	0.0	0.0946969696969697	7.861062548562546	0.0	36.87296949571617	0.0	0.0	0.0	0.0	0.0	0.0	0.0	0.0	0.0	0.0	21.966911764705884	56.532637227538544	1.921432062561095	2.130681818181818	20.170454545454547	0.0	0.0	0.0946969696969697	0.0	4.182449494949494	0.0	0.0	0.0	5.8329636454636455	0.0	0.0	0.0	0.0	0.0	0.0	0.0	0.0946969696969697	0.0	0.1893939393939394	70.40277299510254	7.7178030303030285	0.0	0.0	0.0	0.0	12.642045454545455	0.0	0.0	0.0	0.0	0.41917335115864524	0.0
Hbp1	5	12	-	31937618	31937759	0.0	0.0	0.0	0.0	67.95774647887323	0.0	0.0	47.10764587525151	0.0	0.0	0.0	0.0	0.0	22.88732394366197	0.0	0.0	0.0	0.0	0.0	7.218309859154929	0.0	22.593896713615024	0.0	314.4993266608231	14.26056338028169	51.42698295033359	0.0	0.0	19.023350630096367	0.0	132.54994941197683	0.0	0.0	0.0	0.0	0.0	0.0	0.0	0.0	0.0	0.0	0.0	11.443661971830984	0.0	106.55142979086641	39.260563380281695	66.0962096106048	7.218309859154929	0.0	0.0	0.0	53.16901408450704	0.0	21.654929577464788	0.0	0.8802816901408451	82.316929652783	0.0
Hbp1	6	12	-	31937170	31937281	0.0	0.0	0.0	0.0	65.67011419952597	0.0	0.0	56.92713164811379	0.0	9.151785714285714	0.0	0.0	0.0	35.267857142857146	0.0	0.0	0.0	0.0	0.0	9.151785714285714	0.0	78.46200980392156	0.0	321.75289987789984	21.657509157509157	69.202152014652	0.0	0.0	36.830357142857146	9.151785714285714	84.50520833333333	0.0	0.0	0.0	0.0	43.36837557603686	0.0	0.0	0.0	0.0	0.0	0.0	32.64896867838044	0.0	164.70550491538077	67.65202702702702	0.0	0.0	0.0	0.0	40.07352941176471	0.0	0.0	45.770375457875446	0.0	94.86607142857143	44.41964285714286	0.0
Hbp1	7a	12	-	31937045	31937084	0.0	0.0	0.0	0.0	47.10227272727273	0.0	0.0	53.125	0.0	0.0	0.0	0.0	0.0	49.375	0.0	0.0	0.0	0.0	0.0	0.0	0.0	0.0	0.0	222.5	25.0	28.125	0.0	0.0	30.625000000000004	9.375	129.60227272727272	0.0	0.0	0.0	0.0	0.0	0.0	0.0	0.0	0.0	0.0	0.0	48.82575757575758	0.0	87.1798780487805	41.25	0.0	0.0	0.0	0.0	0.0	0.0	0.0	0.0	0.0	0.0	27.381756756756758	0.0
Hbp1	7b	12	-	31936972	31937045	0.0	0.0	0.0	0.0	116.91236691236689	0.0	0.0	51.689189189189186	0.0	0.0	0.0	0.0	0.0	14.864864864864861	0.0	0.0	0.0	0.0	0.0	0.0	0.0	1.0135135135135136	0.0	320.5749778118199	0.0	89.22878922878922	0.0	0.0	48.79955866797971	9.121621621621623	50.37609379714643	0.0	0.0	0.0	0.0	0.0	0.0	0.0	0.0	0.0	0.0	0.0	61.824324324324316	0.0	99.77477477477476	84.04545834886393	0.0	0.0	0.0	0.0	0.0	0.0	0.0	35.46431046431046	0.0	0.0	65.4108219278228	0.0
Hbp1	7c	12	-	31936459	31936972	0.0	0.0	0.0	0.0	0.09727626459143969	0.0	0.0	0.19455252918287938	0.0	0.0	0.0	0.0	0.0	0.0	0.0	0.0	0.0	0.0	0.0	0.0	0.0	0.09727626459143969	0.0	1.7635753556294207	15.953307392996107	0.6360371146363364	0.0	0.0	0.19967233258242884	0.0	0.0	0.0	0.0	0.0	0.0	0.0	3.9908867499488028	0.0	0.0	0.0	0.0	0.0	17.95963035019455	0.0	0.399913532209252	0.0	0.0	0.0	0.0	0.0	0.0	0.0	0.0	0.3442083208620173	0.0	0.0	0.3442083208620173	0.0
Hbp1	8a	12	-	31934441	31934803	0.0	0.0	0.0	5.667377588198702	0.0	0.0	0.0	0.21190930281839374	0.0	0.0	0.0	0.0	0.0	0.0	0.0	0.0	0.0	0.0	0.0	0.0	0.0	0.21190930281839374	0.0	0.34965034965034963	16.949801040710135	0.0	0.0	0.0	0.0	0.0	0.0	0.0	0.0	0.0	0.0	0.0	2.823691460055096	0.0	0.0	0.0	0.0	0.0	0.0	0.0	0.659946114491569	0.0	0.0	0.0	0.0	0.0	0.0	4.752066115702479	0.0	0.0	0.0	0.0	0.21190930281839374	0.0
Hbp1	8b	12	-	31934342	31934441	0.0	0.0	0.0	0.0	68.0	0.0	0.0	53.74358974358974	0.0	0.0	0.0	0.0	0.0	40.25	0.0	0.0	0.0	0.0	0.0	10.249999999999998	0.0	39.01386001386001	0.0	349.00500592648297	11.25	50.514705882352935	0.0	0.0	69.28350568503369	0.0	91.06495098039217	0.0	0.0	0.0	0.0	0.0	13.999999999999998	0.0	0.0	0.0	0.0	0.0	0.0	0.0	157.14590964590965	97.22655007949126	100.25	0.0	0.0	0.0	0.0	13.75	0.0	13.75	0.0	44.00000000000001	83.07692307692307	0.0
Hbp1	8c	12	-	31934285	31934342	0.0	0.0	0.0	17.672413793103445	65.5393457117595	0.0	0.0	56.46551724137932	0.0	0.0	0.0	0.0	0.0	34.48275862068965	0.0	0.0	0.0	0.0	0.0	0.0	0.0	55.38793103448276	0.0	394.1871387088294	49.137931034482754	73.09674147745862	0.0	0.0	48.706896551724135	17.672413793103445	79.41810344827586	0.0	0.0	0.0	0.0	0.0	12.068965517241379	0.0	0.0	0.0	0.0	0.0	0.0	0.0	162.83524904214553	97.16915191053121	130.75557809330627	0.0	0.0	0.0	0.0	0.0	0.0	39.100985221674875	0.0	56.46551724137931	117.67241379310343	0.0
Hbp1	9	12	-	31933357	31933501	0.0	0.0	0.0	0.0	38.44827586206896	0.0	0.0	33.9655172413793	0.0	0.0	0.0	0.0	0.0	8.103448275862068	107.36126560375725	0.0	0.0	0.0	0.9319664492078286	0.0	0.0	14.137931034482758	0.0	252.44918874229216	8.103448275862068	47.58620689655173	56.03448275862069	0.0	63.634669151910515	7.068965517241379	47.763041556145	0.0	0.0	0.0	0.0	0.0	0.0	0.0	0.0	0.0	7.068965517241379	0.0	0.0	0.0	58.31417624521072	48.4526967285588	108.5423197492163	0.0	0.0	0.0	0.0	0.0	0.0	20.28940886699507	0.0	38.96551724137931	35.36945812807882	76.0344827586207
Hbp1	10	12	-	31932833	31933031	0.0	0.0	0.0	0.0	0.0	0.0	3.2663316582914574	0.0	0.0	0.0	0.0	0.0	0.0	0.0	76.21698471216898	0.0	0.0	0.0	0.0	0.0	0.0	0.0	0.0	0.0	0.0	153.3468226262694	0.0	0.0	0.0	0.0	0.0	0.0	0.0	0.0	0.0	5.150753768844221	0.0	0.0	0.0	0.0	0.0	0.0	0.0	0.0	0.0	0.0	0.0	0.0	0.0	0.0	0.0	0.0	0.0	0.0	0.0	0.0	0.0	0.0
Hbp1	11a	12	-	31930924	31931005	0.0	0.0	0.0	0.0	33.84146341463415	0.0	0.0	0.0	0.0	0.0	0.0	0.0	0.0	38.7791124151843	0.0	0.0	0.0	0.0	35.97835640518568	0.0	0.0	27.820121951219512	0.0	362.5818382417045	37.67784552845528	68.68607395751377	14.9390243902439	0.0	22.865853658536587	0.0	81.55786704925873	0.0	0.0	0.0	0.0	0.0	0.0	0.0	0.0	0.0	24.999999999999996	0.0	0.0	0.0	119.14021472750615	76.82926829268293	63.972685779489375	0.0	0.0	0.0	0.0	0.0	0.0	37.655428024868485	0.0	38.795731707317074	40.853658536585364	0.0
Hbp1	11b	12	-	31930813	31930924	0.0	0.0	0.0	0.0	58.65283613445378	0.0	0.0	0.0	0.0	0.0	0.0	0.0	0.0	87.54734848484848	0.0	0.0	0.0	0.0	20.535714285714285	14.955357142857142	0.0	16.517857142857142	0.0	353.97656762249983	8.035714285714286	158.61629689754687	0.0	0.0	20.362103174603174	0.0	57.16095559845559	0.0	0.0	0.0	0.0	0.0	0.0	0.0	0.0	0.0	31.057310744810742	0.0	0.0	0.0	157.10122672438845	62.184873949579824	94.18579931972789	0.0	0.0	0.0	0.0	0.0	0.0	27.45535714285714	0.0	69.94619963369962	47.76785714285714	0.0
Hbp1	11c	12	-	31930682	31930813	0.0	0.0	0.0	0.0	68.71725180548711	0.0	0.0	0.0	0.0	0.0	0.0	0.0	0.0	18.56060606060606	0.0	0.0	0.0	0.0	32.196969696969695	7.954545454545455	0.0	7.765151515151515	0.0	347.45214616538146	40.71969696969697	142.94063959044556	0.0	0.0	38.82575757575758	0.0	90.94251336898395	0.0	0.0	0.0	0.0	0.0	0.0	0.0	0.0	0.0	39.98316498316498	0.0	0.0	0.0	73.1060606060606	93.54309905780497	78.44065656565657	0.0	0.0	0.0	0.0	0.0	0.0	15.53030303030303	0.0	44.00252525252525	68.22916666666666	0.0
Hbp1	11d	12	-	31929383	31930682	0.0	0.0	3.9463869463869465	0.0	0.28285978285978286	0.0	0.0	0.0	0.0	0.0	0.0	0.0	0.0	0.0	0.0	0.0	0.0	0.0	0.07692307692307693	2.4038461538461537	0.0	16.577642280846863	0.0	61.93507450820204	1.4038461538461537	0.3191890114967038	0.0	0.0	0.0	5.52262443438914	0.11538461538461539	0.0	0.0	10.269036519036518	0.0	0.0	0.0	0.0	0.0	0.0	0.08974358974358974	0.0	0.0	0.0	0.11538461538461539	0.11538461538461539	2.9676146847362723	0.0	0.0	0.0	0.0	0.0	0.0	0.0	0.0	0.20192307692307696	13.48076923076923	5.299124807189322
Hbp1	12	12	-	31928584	31928725	0.0	64.3254262416605	7.218309859154929	0.0	94.07000206503106	0.0	0.0	37.02294411631077	0.0	26.056338028169016	37.72753479943991	0.0	0.0	28.16901408450704	67.06819866567827	0.0	7.218309859154929	0.0	24.64788732394366	2.640845070422535	0.0	0.0	0.0	119.22534660747475	76.04058123616412	93.33939935916212	0.0	0.0	39.96478873239436	0.0	48.06338028169014	0.0	25.528169014084508	3.1690140845070425	0.0	0.0	7.218309859154929	0.0	0.0	0.0	6.866197183098591	0.0	0.0	0.0	52.48435054773083	180.14964788732394	0.0	0.0	0.0	0.0	6.161971830985915	0.0	0.0	7.218309859154929	86.79577464788731	121.82487715521442	0.0	73.51013762312436
Hbp1	13	12	-	31926254	31927507	0.0	0.0	12.93274637023129	0.0	48.814088145308865	0.0	0.0	35.21841673502871	5.04792354669303	81.1677452136058	28.259984717118535	0.0	0.0	20.2767821028725	63.96243564360053	21.886746240724907	0.0	0.0	32.99537996118455	2.5242223355430897	5.052152464306657	0.0	0.0	147.28731673499365	63.09872421701	96.67128087363541	0.0	0.0	27.289885712816133	0.0	64.86894303654124	0.0	24.434859036207776	6.730444433720986	5.062735323194715	8.42127571086395	5.0524810163858564	0.840853158326497	0.8452034703060133	0.840853158326497	17.324547565038042	0.0	0.0	0.0	94.72464750531074	160.4792684837514	0.0	0.840853158326497	0.8437829602718855	0.0	32.893474146107515	8.40853158326497	0.0	25.26147468580795	93.40897925451347	120.00463272895759	0.0	21.21086987888939
Hbq1a	1	11	+	32300069	32300212	0.0	0.0	10.556339684780053	0.0	0.0	0.0	0.0	0.0	0.0	0.0	0.0	0.0	0.0	0.0	0.0	0.0	0.0	0.0	0.0	0.0	0.0	0.0	0.0	0.0	70.64808280404611	0.0	0.0	0.0	0.0	0.0	0.0	0.0	0.0	0.0	0.0	0.0	0.0	0.0	0.0	18.80733944954128	0.0	0.0	0.0	0.0	0.0	0.0	0.0	0.0	0.0	0.0	0.0	0.0	0.0	0.0	0.0	0.0	0.0	0.0
Hbq1a	2	11	+	32300308	32300512	0.0	0.0	19.420731707317074	0.0	0.0	0.0	0.0	0.0	0.0	0.0	0.0	0.0	0.0	0.0	0.0	0.0	0.0	0.0	0.0	0.0	0.0	0.0	0.0	0.0	122.11382113821136	0.0	0.0	0.0	0.0	0.0	0.0	0.0	0.0	0.0	0.0	0.0	0.0	0.0	0.0	4.999999999999999	0.0	0.0	0.0	0.0	0.0	0.0	0.0	0.0	0.0	0.0	0.0	0.0	0.0	0.0	0.0	25.025868440502585	0.0	0.0
Hbq1a	3	11	+	32300619	32300873	0.0	0.0	0.0	0.0	0.0	0.0	0.0	0.0	0.0	0.0	0.0	0.0	0.0	0.0	0.0	0.0	0.0	0.0	0.0	0.0	0.0	0.0	0.0	0.0	13.977272727272725	0.0	0.0	0.0	0.0	0.0	0.0	0.0	0.0	0.0	0.0	0.0	0.0	0.0	0.0	0.0	0.0	0.0	0.0	0.0	0.0	0.0	0.0	0.0	0.0	0.0	0.0	0.0	0.0	0.0	23.399365274365273	0.0	0.0	0.0
Hbq1b	1a	11	+	32286965	32287001	0.0	0.0	908.2380457380458	0.0	0.0	0.0	0.0	0.0	0.0	0.0	0.0	0.0	0.0	0.0	0.0	0.0	0.0	0.0	0.0	0.0	0.0	0.0	0.0	0.0	2694.2068713450294	0.0	0.0	0.0	0.0	0.0	0.0	0.0	0.0	0.0	0.0	0.0	0.0	0.0	0.0	114.28571428571428	0.0	0.0	0.0	0.0	0.0	0.0	0.0	0.0	0.0	0.0	0.0	0.0	0.0	0.0	0.0	0.0	0.0	0.0
Hbq1b	1b	11	+	32287001	32287107	0.0	0.0	43.35982279907514	0.0	0.0	0.0	0.0	0.0	0.0	0.0	0.0	0.0	0.0	0.0	0.0	0.0	0.0	0.0	0.0	0.0	0.0	0.0	0.0	0.0	190.00127700631884	0.0	0.0	0.0	0.0	0.0	0.0	0.0	0.0	0.0	0.0	0.0	0.0	0.0	2.102803738317757	39.98664886515354	0.0	0.0	0.0	0.0	0.0	0.0	0.0	0.0	0.0	0.0	0.0	0.0	0.0	0.0	0.0	9.579439252336448	0.0	0.0
Hbq1b	2a	11	+	32287203	32287407	0.0	0.0	23.932926829268293	0.0	0.0	0.0	0.0	0.0	0.0	0.0	0.0	0.0	0.0	0.0	0.0	0.0	0.0	0.0	0.0	0.0	0.0	0.0	0.0	0.0	135.65040650406502	0.0	0.0	0.0	0.0	0.0	0.0	0.0	0.0	0.0	0.0	0.0	0.0	0.0	0.0	8.170731707317072	0.0	0.0	0.0	0.0	0.0	0.0	0.0	0.0	0.0	0.0	0.0	0.0	0.0	0.0	0.0	25.025868440502585	0.0	0.0
Hbq1b	2b	11	+	32287407	32287514	0.0	0.0	0.0	0.0	0.0	0.0	0.0	0.0	0.0	0.0	0.0	0.0	0.0	0.0	0.0	0.0	0.0	0.0	0.0	0.0	0.0	0.0	0.0	0.0	0.46296296296296297	0.0	0.0	0.0	0.0	0.0	0.0	0.0	0.0	0.0	0.0	0.0	0.0	0.0	0.0	0.0	0.0	0.0	0.0	0.0	0.0	0.0	0.0	0.0	0.0	0.0	0.0	0.0	0.0	0.0	0.0	0.0	0.0	0.0
Hbq1b	2c	11	+	32287514	32287727	0.0	0.0	0.0	0.0	0.0	0.0	0.0	0.0	0.0	0.0	0.0	0.0	0.0	0.0	0.0	0.0	0.0	0.0	0.0	0.0	0.0	0.0	0.0	0.0	73.0264862274208	0.0	0.0	0.0	0.0	0.0	0.0	0.0	0.0	0.0	0.0	0.0	0.0	0.0	0.0	0.0	0.0	0.0	0.0	0.0	0.0	0.0	0.0	0.0	0.0	0.0	0.0	0.0	0.0	0.0	0.0	0.0	0.0	0.0
Hbq1b	2d	11	+	32287727	32287784	0.0	0.0	0.0	0.0	0.0	0.0	0.0	0.0	0.0	0.0	0.0	0.0	0.0	0.0	0.0	0.0	0.0	0.0	0.0	0.0	0.0	0.0	0.0	0.0	35.70487483530962	0.0	0.0	0.0	0.0	0.0	0.0	0.0	0.0	0.0	0.0	0.0	0.0	0.0	0.0	0.0	0.0	0.0	0.0	0.0	0.0	0.0	0.0	0.0	0.0	0.0	0.0	0.0	0.0	0.0	0.0	0.0	0.0	0.0
Hbs1l	1a	10	+	21295979	21296009	-0.0	-0.0	-0.0	-0.0	-181.25	-62.5	-0.0	-0.0	-56.25	-0.0	-0.0	-0.0	-0.0	-0.0	-0.0	-0.0	-0.0	-0.0	-0.0	-0.0	-0.0	-0.0	-0.0	-0.0	-0.0	-0.0	-0.0	-0.0	-0.0	-0.0	-0.0	-0.0	-0.0	-0.0	-193.75	-0.0	-0.0	-0.0	-0.0	-0.0	-218.75	-0.0	-0.0	-0.0	-0.0	-0.0	-0.0	-0.0	-0.0	-0.0	-0.0	-0.0	-0.0	-0.0	-147.72727272727275	-0.0	-0.0	-0.0
Hbs1l	1b	10	+	21296009	21296018	0.0	0.0	0.0	0.0	0.0	25.0	0.0	15.625	25.0	8.108108108108109	10.0	0.0	0.0	0.0	0.0	0.0	0.0	0.0	0.0	0.0	7.5	12.121212121212121	8.333333333333334	0.0	0.0	0.0	0.0	0.0	0.0	0.0	0.0	0.0	0.0	0.0	15.0	0.0	0.0	0.0	0.0	0.0	23.125	10.0	0.0	0.0	0.0	0.0	13.513513513513514	0.0	0.0	0.0	0.0	0.0	0.0	0.0	58.08080808080809	0.0	0.0	0.0
Hbs1l	1c	10	+	21296018	21296030	0.0	0.0	0.0	0.0	0.0	25.0	30.982905982905983	60.09615384615385	50.64102564102564	27.027027027027028	42.30769230769231	0.0	38.46153846153847	0.0	0.0	0.0	0.0	0.0	0.0	0.0	44.230769230769226	49.53379953379954	35.47008547008547	0.0	0.0	23.684210526315788	0.0	0.0	0.0	0.0	13.986013986013987	22.401247401247403	0.0	0.0	0.0	0.0	0.0	0.0	0.0	0.0	31.25	25.0	0.0	0.0	0.0	0.0	53.950103950103944	28.846153846153847	0.0	0.0	0.0	0.0	0.0	0.0	132.86713286713285	19.230769230769234	0.0	0.0
Hbs1l	1d	10	+	21296030	21296033	12.5	12.5	0.0	0.0	0.0	39.285714285714285	90.27777777777777	81.25	58.333333333333336	27.027027027027028	75.0	0.0	62.5	0.0	0.0	0.0	0.0	12.5	0.0	0.0	50.0	55.303030303030305	52.77777777777778	0.0	0.0	51.31578947368421	0.0	0.0	0.0	0.0	49.053030303030305	77.02702702702703	0.0	0.0	0.0	0.0	37.50000000000001	16.129032258064516	0.0	0.0	43.75	25.0	12.5	0.0	0.0	0.0	77.02702702702703	162.50000000000003	0.0	0.0	12.5	0.0	37.50000000000001	0.0	133.08080808080808	25.0	25.0	0.0
Hbs1l	1e	10	+	21296033	21296038	24.999999999999996	24.999999999999996	0.0	0.0	0.0	53.57142857142857	123.61111111111111	81.25	58.33333333333333	27.027027027027028	120.83333333333333	0.0	75.0	0.0	0.0	0.0	0.0	24.999999999999996	0.0	0.0	49.99999999999999	55.3030303030303	52.77777777777778	0.0	9.25925925925926	59.649122807017534	0.0	0.0	0.0	0.0	55.3030303030303	127.95295295295297	0.0	0.0	0.0	0.0	83.33333333333333	32.25806451612903	0.0	0.0	56.25	24.999999999999996	24.999999999999996	0.0	0.0	0.0	77.02702702702703	258.3333333333333	0.0	0.0	24.999999999999996	0.0	91.66666666666666	0.0	133.0808080808081	24.999999999999996	24.999999999999996	0.0
Hbs1l	1f	10	+	21296038	21296058	25.0	25.0	0.0	0.0	0.0	32.14285714285714	199.44037444037443	78.0448717948718	26.98412698412698	20.592020592020596	234.62925962925962	0.0	114.28571428571428	0.0	0.0	0.0	0.0	61.90476190476189	0.0	0.0	47.61904761904761	83.11883311883312	59.12698412698413	7.142857142857142	60.1953601953602	90.6015037593985	8.771929824561402	0.0	26.98412698412698	7.142857142857142	101.38146167557932	154.8048048048048	0.0	0.0	0.0	0.0	125.21367521367522	46.54377880184332	0.0	16.666666666666668	52.67857142857143	35.714285714285715	55.952380952380956	0.0	0.0	0.0	172.7799227799228	417.09401709401703	14.285714285714285	0.0	41.666666666666664	0.0	161.90476190476193	0.0	145.6457819361045	25.0	88.09523809523812	0.0
Hbs1l	1g	10	+	21296058	21296176	35.935426802299865	44.54887218045113	8.61344537815126	0.0	0.0	62.30930968878779	105.110698125404	144.20116145211756	14.495798319327731	0.0	260.51499176499175	0.0	98.94957983193275	0.0	0.0	33.01128417227489	8.61344537815126	51.73319327731092	0.0	0.0	52.58200054215234	179.99091528503294	57.502389750467245	102.11189739053518	166.96242599603943	47.5342768686422	38.18000884564351	0.0	16.38655462184874	67.6704014939309	123.94748171914328	84.15618834486071	0.0	0.0	22.069880583812473	0.0	158.24128507952037	21.374356194090538	0.0	26.68067226890756	50.98039215686274	7.563025210084033	23.960636886333482	0.0	0.0	0.0	199.14514617391947	225.35047976224442	72.75006776904311	0.0	47.75910364145658	8.61344537815126	116.52933900833061	0.0	238.25984677851508	42.90170613700025	74.15966386554622	0.0
Hbs1l	2a	10	+	21299178	21299225	18.75	38.02083333333333	0.0	0.0	0.0	7.291666666666666	0.0	146.28778594771242	61.458333333333336	0.0	97.314893018018	0.0	0.0	0.0	0.0	28.050595238095237	0.0	84.41506410256409	0.0	18.93939393939394	80.72916666666667	220.87162990196074	38.432017543859644	160.93749999999997	181.1646861473103	33.42645346306212	48.93162393162393	0.0	54.80435363247862	65.75520833333333	113.09121621621622	51.075268817204304	0.0	0.0	9.375	0.0	201.99652777777774	85.49107142857142	0.0	0.0	12.499999999999998	30.729166666666664	19.188596491228072	0.0	0.0	0.0	0.0	354.4781931074281	50.52083333333335	0.0	60.41666666666667	20.833333333333332	232.58213562489874	0.0	307.4809876413495	40.71691176470588	143.35937499999997	0.0
Hbs1l	2b	10	+	21299225	21299243	49.99999999999999	93.42105263157893	0.0	0.0	0.0	24.999999999999996	0.0	217.9975060199518	24.999999999999996	0.0	147.09182867077604	0.0	0.0	0.0	0.0	49.99999999999999	0.0	75.49482681061627	0.0	7.974481658692184	13.157894736842104	329.8181114551084	128.94736842105263	101.3157894736842	196.15296687665108	122.66988811980325	101.99055330634278	0.0	65.9804011777696	74.85380116959062	87.84574047731942	163.59777743478932	0.0	0.0	0.0	0.0	299.19590643274853	79.82456140350877	0.0	0.0	0.0	46.05263157894736	6.925207756232687	0.0	0.0	0.0	0.0	425.69298169954817	152.834008097166	0.0	111.21883656509695	53.94736842105262	326.9444945467432	0.0	314.39429860482494	86.60287081339713	71.71052631578948	0.0
Hbs1l	3	10	+	21304530	21304643	6.140350877192983	57.090643274853804	8.991228070175437	0.0	0.0	30.263157894736842	0.0	192.73715513073097	26.75438596491228	0.0	81.7982456140351	0.0	0.0	0.0	0.0	26.75438596491228	0.0	66.40142166457954	0.0	17.982456140350873	66.51103565365025	354.6017572625969	54.15512465373961	136.7074484456756	152.93385490753914	74.21810261145443	38.950742240215924	0.0	32.98112706007443	86.79273109674772	128.99161315682008	41.75305688463583	0.0	1.5479876160990713	5.482456140350877	0.0	130.06760718641524	57.29166666666666	0.0	0.0	26.699561403508774	24.56140350877193	17.982456140350873	0.0	0.0	0.0	0.0	304.961791949021	80.89293747188486	0.0	42.43998153277931	36.622807017543856	119.59720732685943	0.0	186.47448165127813	60.11928495481126	52.491471734892784	0.0
Hbs1l	4	10	+	21307585	21307779	48.08731808731808	67.78143482477849	0.0	0.0	5.256410256410256	51.87025450183345	0.0	168.86493136493135	13.205128205128204	0.0	94.36572199730094	0.0	0.0	0.0	0.0	32.17948717948718	0.0	65.81319925122982	0.0	8.205128205128204	96.30924630924633	303.86596368557315	63.11414392059553	120.93952212879337	134.6944146944147	68.8833746898263	71.3434000445885	0.0	51.2564264746428	74.64932728090623	163.4070117015461	44.787927419506374	0.0	0.0	32.00589544392601	0.0	178.00655916280607	61.417004048582996	0.0	0.0	19.96309246309246	29.277065527065524	40.7918552036199	0.0	0.0	0.0	0.0	499.2894137181755	62.126068376068375	0.0	34.93154993154993	21.06960950764007	230.49315782675882	0.0	233.40136184982114	60.850077832692726	78.84379707641199	0.0
Hbs1l	5a	10	+	21309099	21309314	0.0	0.0	0.0	0.0	0.0	9.496832358674466	0.0	49.9903549382716	4.74537037037037	8.57767489711934	0.0	0.0	0.0	0.0	0.0	0.0	2.5462962962962967	64.0525942609276	0.0	4.74537037037037	0.0	0.0	20.023148148148145	0.0	0.0	49.95158557250061	7.291666666666667	0.0	26.04775828460039	0.0	0.0	18.86574074074074	0.0	0.0	1.5432098765432098	0.0	0.0	0.0	0.0	0.0	3.125	0.0	0.0	0.0	0.0	0.0	0.0	54.458648989899	0.0	0.0	0.0	4.74537037037037	8.79926400759734	0.0	11.627560325476994	0.0	0.0	0.0
Hbs1l	5b	10	+	21309314	21309743	0.0	0.0	0.0	0.0	0.0	0.0	0.0	0.32299741602067183	0.0	5.723514211886306	0.0	0.0	0.0	0.0	0.0	0.0	0.0	62.02390034725876	0.0	0.0	0.0	0.0	0.0	0.0	0.0	0.3419972640218878	11.918604651162791	0.0	40.42635658914728	0.0	0.0	0.0	0.0	0.0	9.534883720930232	0.0	0.0	0.0	0.0	0.0	0.0	0.0	0.0	0.0	0.0	0.0	0.0	53.47045568210232	0.0	0.0	0.0	27.616279069767444	9.551762940735184	0.0	0.0	0.0	0.0	0.0
Hbs1l	5c	10	+	21309743	21311206	0.0	0.0	0.0	0.0	0.0	0.0	0.0	0.0	0.0	4.9220330517515585	0.0	0.0	0.0	0.0	0.0	0.0	0.0	0.0	0.0	0.0	0.0	0.0	0.0	0.0	0.0	0.0	16.820686898016184	0.0	28.77633325891522	0.0	0.0	0.0	0.0	0.0	8.401346723652441	2.10328719550031	0.0	0.0	0.0	0.0	0.0	0.0	0.0	0.0	0.0	0.0	0.0	7.030603162775294	0.0	0.0	0.0	12.912119410178079	0.0	0.0	0.0	0.0	0.0	0.0
Hbs1l	5d	10	+	21311206	21311209	0.0	0.0	0.0	0.0	0.0	0.0	0.0	0.0	0.0	25.64102564102564	0.0	0.0	0.0	0.0	0.0	0.0	0.0	0.0	0.0	0.0	0.0	0.0	0.0	0.0	0.0	0.0	0.0	0.0	0.0	0.0	0.0	0.0	0.0	0.0	0.0	0.0	0.0	0.0	0.0	0.0	0.0	0.0	0.0	0.0	0.0	0.0	0.0	0.0	0.0	0.0	0.0	0.0	0.0	0.0	0.0	0.0	0.0	0.0
Hbs1l	6a	10	+	21336967	21336974	75.00000000000001	31.25	0.0	0.0	0.0	0.0	0.0	175.0	25.0	0.0	0.0	0.0	0.0	0.0	0.0	50.0	50.0	0.0	0.0	25.0	150.0	350.42293233082717	0.0	25.0	75.00000000000001	25.0	56.61881977671451	0.0	0.0	50.0	151.31578947368422	25.0	0.0	0.0	0.0	0.0	241.9407894736842	0.0	0.0	0.0	50.0	25.0	25.0	0.0	0.0	0.0	0.0	277.0759246088194	25.0	0.0	25.0	0.0	100.0	0.0	125.0	76.3157894736842	25.0	0.0
Hbs1l	6b	10	+	21336974	21336976	75.0	66.66666666666667	0.0	0.0	0.0	0.0	0.0	175.00000000000003	41.666666666666664	0.0	16.666666666666668	0.0	0.0	0.0	0.0	49.99999999999999	49.99999999999999	0.0	0.0	24.999999999999996	150.0	307.5657894736841	0.0	24.999999999999996	75.0	24.999999999999996	56.61881977671451	0.0	0.0	49.99999999999999	167.9824561403509	24.999999999999996	0.0	0.0	0.0	0.0	226.31578947368416	0.0	0.0	0.0	49.99999999999999	24.999999999999996	24.999999999999996	0.0	0.0	0.0	0.0	278.3428165007112	24.999999999999996	0.0	24.999999999999996	0.0	99.99999999999999	0.0	125.0	76.3157894736842	41.666666666666664	0.0
Hbs1l	6c	10	+	21336976	21337075	30.25	53.5	0.0	0.0	0.0	10.0	0.0	105.27643084260734	31.181818181818183	0.0	99.5530303030303	0.0	0.0	0.0	0.0	14.75	50.56249999999999	0.0	0.0	5.75	129.6875	243.2951609793715	20.499999999999996	68.52027027027026	77.36235337243403	25.07258064516129	34.436602870813395	0.0	0.0	54.803030303030305	114.78708133971293	30.749999999999996	0.0	0.0	0.0	0.0	102.10526315789473	51.32258064516129	0.0	0.0	11.000000000000002	9.000000000000002	20.499999999999996	0.0	0.0	0.0	0.0	167.17953299224519	79.93750000000001	0.0	40.24999999999999	0.0	112.33277027027027	0.0	108.02777777777776	45.918100539811064	53.5625	0.0
Hbs1l	6d	10	+	21337075	21337176	0.0	0.0	0.0	0.0	0.0	0.0	0.0	124.67944528023779	0.0	0.0	0.0	0.0	0.0	0.0	0.0	0.0	0.0	0.0	0.0	0.0	0.0	0.0	0.0	0.0	0.0	0.0	0.0	0.0	0.0	0.0	104.81647501543695	0.0	0.0	0.0	0.0	0.0	0.0	47.718702865761685	0.0	0.0	34.60207612456747	0.0	0.0	0.0	0.0	0.0	0.0	0.0	0.0	0.0	0.0	0.0	0.0	0.0	0.0	0.0	0.0	0.0
Hbs1l	7	10	+	21341714	21341979	12.499999999999998	29.88721804511278	0.0	0.0	0.0	22.760946483856696	0.0	50.855894934842304	9.26104135937931	0.0	109.38274071080886	0.0	0.0	0.0	0.0	17.998349980523155	11.936090225563909	0.0	0.0	11.654135338345865	53.08153963339721	240.81583701646701	27.9184804115552	90.23414074771182	94.03337890179994	35.56974823422192	38.659147869674186	0.0	8.270676691729323	63.75218348902559	0.0	21.74022214344795	0.0	0.0	0.0	0.0	123.45138024215748	0.0	0.0	0.0	0.0	16.76065162907268	20.587787035155458	0.0	0.0	0.0	0.0	109.16776933961171	44.00035175658445	0.0	16.114149008885853	26.97368421052632	146.75238012606198	0.0	78.125	12.186575034872249	35.92713842021321	0.0
Hbs1l	8	10	+	21342399	21342564	35.54216867469879	2.4096385542168677	1.5060240963855422	0.0	5.572289156626506	10.240963855421688	0.0	39.90963855421686	37.65060240963855	0.0	58.5843373493976	0.0	0.0	0.0	0.0	20.632530120481928	35.70498209052426	0.0	0.0	10.171041308089501	86.75084955205436	142.85024714241578	41.57012666048811	92.01803713453253	118.26960591088307	37.978384124734234	31.024096385542173	0.0	6.174698795180722	21.837349397590362	0.0	36.92416725726435	0.0	0.0	0.0	0.0	80.04253131670697	44.74564926372156	0.0	0.0	6.174698795180722	48.64457831325301	16.419732985998042	0.0	0.0	24.7888683922292	0.0	12.365250475586556	43.99741824440619	0.0	0.0	16.87539632213063	134.30234094271825	0.0	87.1433285589912	128.10989373432216	25.451807228915662	0.0
Hbs1l	9a	10	+	21344672	21345077	0.0	0.43103448275862066	0.0	0.0	0.0	0.12315270935960593	0.0	78.27809613685942	0.12315270935960593	2.524630541871921	0.0	0.0	0.0	0.0	0.0	0.0	2.524630541871921	0.0	0.0	5.049261083743842	0.5620815965643551	0.36945812807881784	0.0	0.24630541871921185	0.8083870152835668	0.12315270935960593	0.0	0.0	0.0	0.0	0.0	0.24630541871921185	0.0	0.0	0.0	0.0	2.678571428571429	25.399968934451692	0.0	0.0	0.0	0.12315270935960593	0.0	0.0	0.0	0.0	0.0	0.7551205600207415	36.614537614014154	0.0	0.2724287207045828	0.12315270935960593	12.242498880429913	0.0	0.6418868487834006	0.708128078817734	0.4389288872047492	0.0
Hbs1l	9b	10	+	21345077	21345151	0.0	0.0	0.0	0.0	0.0	5.333333333333334	0.0	178.65331400625516	9.666666666666668	7.666666666666666	32.56989247311829	0.0	0.0	0.0	0.0	0.0	0.0	0.0	0.0	0.0	73.72649572649573	69.33333333333333	21.666666666666668	47.666666666666664	61.30769230769231	69.05995438253503	42.74999999999999	0.0	13.666666666666666	31.666666666666668	0.0	39.666666666666664	0.0	0.0	0.0	0.0	67.17521367521367	0.0	0.0	0.0	0.0	1.6666666666666667	29.360360360360353	0.0	0.0	0.0	0.0	105.03561935140881	149.80392156862743	0.0	37.98989898989899	22.666666666666668	92.20202020202021	0.0	42.96546106223526	89.0	58.97435897435898	0.0
Hbs1l	9c	10	+	21345151	21345194	9.090909090909092	0.0	0.0	0.0	0.0	56.227863046044874	0.0	157.5616057233704	9.659090909090908	44.31818181818182	15.835777126099705	0.0	0.0	0.0	0.0	65.9090909090909	0.0	0.0	0.0	39.20454545454545	48.178904428904424	41.477272727272734	35.79545454545455	31.250000000000007	152.27272727272722	41.82551319648095	21.022727272727273	0.0	0.0	21.59090909090909	0.0	16.761363636363637	0.0	0.0	0.0	0.0	18.181818181818183	0.0	0.0	0.0	0.0	19.318181818181817	40.340909090909086	0.0	0.0	0.0	0.0	51.13636363636364	174.4318181818182	0.0	17.897727272727273	15.340909090909092	88.63636363636364	0.0	91.61931818181817	112.87068546426835	75.00000000000001	0.0
Hbs1l	10	10	+	21347262	21347408	64.07312925170068	0.0	0.0	0.0	0.0	89.36795497419747	0.0	213.09886531660726	25.049374588545096	11.054421768707483	58.18756073858113	6.9727891156462585	0.0	0.0	0.0	22.845804988662127	6.9727891156462585	0.0	0.0	36.412707841279264	87.9736781992421	132.7099800784011	35.88871446014303	45.06802721088435	193.82854151761717	71.5986394557823	47.12773998488285	0.0	6.9727891156462585	26.360544217687075	0.0	93.04138321995462	0.0	0.0	0.0	0.0	58.16326530612244	0.0	0.0	0.0	0.0	21.485260770975056	57.448206555349415	0.0	0.0	0.0	0.0	90.48997977569407	152.34780193396492	0.0	37.99769907963185	30.27210884353741	124.21358229628908	0.0	65.30612244897958	111.54733801792626	35.0765306122449	0.0
Hbs1l	11	10	+	21349312	21349386	13.5	0.0	0.0	17.666666666666664	0.0	8.23529411764706	0.0	184.5492577597841	27.360360360360357	0.0	11.000000000000002	0.0	0.0	0.0	0.0	38.33333333333333	0.0	0.0	0.0	0.6666666666666667	52.17171717171717	53.66666666666667	9.000000000000002	9.000000000000002	73.66666666666667	22.000000000000004	3.3333333333333335	0.0	0.0	22.666666666666664	0.0	54.333333333333336	0.0	0.0	0.0	0.0	55.33333333333332	0.0	0.0	0.0	0.0	37.33333333333333	73.66666666666667	0.0	0.0	0.0	0.0	54.333333333333336	64.03225806451614	0.0	23.999999999999996	35.333333333333336	40.666666666666664	0.0	42.87455197132617	42.666666666666664	50.666666666666664	0.0
Hbs1l	12	10	+	21351927	21352044	41.94915254237287	0.0	0.0	38.582862523540484	0.0	15.04237288135593	0.0	201.79886343764724	8.195807314897413	8.686440677966102	54.237288135593225	0.0	0.0	0.0	0.0	49.36440677966102	8.686440677966102	0.0	0.0	8.686440677966102	74.53606087638201	115.26055064190659	11.440677966101694	31.69377004122767	110.37592351151672	0.0	34.74576271186441	0.0	0.0	20.369249394673123	0.0	39.27195685670262	0.0	0.0	0.0	8.686440677966102	44.91525423728813	0.0	0.0	0.0	0.0	19.915254237288135	30.084745762711865	0.0	0.0	0.0	0.0	49.638390316356414	76.98517351172288	0.0	19.491525423728813	9.110169491525424	78.43477144324599	0.0	68.9388589282657	91.8694186258429	64.01331719128328	0.0
Hbs1l	13a	10	+	21352542	21352553	35.41666666666667	0.0	0.0	22.916666666666668	0.0	22.916666666666668	0.0	175.2450980392157	51.315789473684205	0.0	24.999999999999996	0.0	0.0	0.0	0.0	24.999999999999996	0.0	0.0	0.0	0.0	139.58333333333334	120.83333333333334	24.999999999999996	59.34684684684685	89.58333333333333	0.0	18.229166666666668	0.0	22.916666666666668	14.583333333333332	0.0	97.60101010101009	0.0	0.0	0.0	0.0	68.75	0.0	0.0	0.0	0.0	38.14102564102564	49.99999999999999	0.0	0.0	0.0	0.0	124.40476190476191	87.07120582120582	0.0	0.0	0.0	125.32051282051282	0.0	62.18434343434343	72.91666666666667	12.499999999999998	0.0
Hbs1l	13b	10	+	21352553	21352604	39.562655086848636	19.71153846153846	0.0	39.42307692307692	0.0	2.403846153846154	0.0	97.29920814479638	9.994939271255062	9.615384615384617	6.73076923076923	0.0	0.0	0.0	0.0	10.096153846153847	0.0	0.0	0.0	0.0	90.38461538461539	152.34546051671288	45.812655086848636	0.0	53.22802197802198	0.0	41.22596153846154	0.0	14.903846153846155	16.826923076923077	0.0	50.0	0.0	0.0	0.0	0.0	23.3974358974359	0.0	0.0	0.0	0.0	43.60207100591717	15.384615384615385	0.0	0.0	0.0	0.0	67.10164835164835	86.03664358754857	0.0	12.82051282051282	19.81351981351981	76.23274161735701	0.0	58.173076923076934	39.42307692307692	39.90384615384616	0.0
Hbs1l	13c	10	+	21352604	21352610	0.0	0.0	0.0	0.0	0.0	24.999999999999996	0.0	244.34523809523807	0.0	24.999999999999996	0.0	0.0	0.0	0.0	0.0	24.999999999999996	0.0	0.0	0.0	0.0	74.99999999999999	193.69747899159663	17.857142857142858	0.0	159.82142857142856	0.0	72.6190476190476	0.0	0.0	0.0	0.0	24.999999999999996	0.0	0.0	0.0	0.0	24.999999999999996	0.0	0.0	0.0	0.0	24.999999999999996	24.999999999999996	0.0	0.0	0.0	0.0	24.999999999999996	79.41176470588236	0.0	33.333333333333336	0.0	50.641025641025635	0.0	74.99999999999999	49.99999999999999	99.99999999999999	0.0
Hbs1l	14a	10	+	21354639	21354650	0.0	0.0	0.0	0.0	0.0	24.999999999999996	0.0	207.63888888888886	22.916666666666668	24.999999999999996	0.0	0.0	0.0	0.0	0.0	24.999999999999996	0.0	0.0	0.0	0.0	31.25	164.828431372549	0.0	0.0	195.93253968253967	0.0	93.00213675213675	0.0	0.0	0.0	0.0	56.24999999999999	0.0	0.0	0.0	0.0	24.999999999999996	0.0	0.0	0.0	0.0	16.666666666666668	24.999999999999996	0.0	0.0	0.0	0.0	24.999999999999996	89.82843137254902	0.0	13.888888888888888	0.0	50.42735042735042	0.0	97.91666666666666	43.75000000000001	138.02083333333334	0.0
Hbs1l	14b	10	+	21354650	21354743	19.960806270996642	21.01063829787234	0.0	10.91825307950728	0.0	59.6409574468085	0.0	234.74859174047302	13.080270793036751	30.0531914893617	59.33702301036468	0.0	0.0	0.0	0.0	6.914893617021277	0.0	0.0	0.0	0.0	48.69976359338061	168.84434796567908	16.48936170212766	46.89254351231016	257.6567062995411	0.0	44.592198581560275	0.0	0.0	2.6595744680851063	0.0	37.32269503546099	0.0	0.0	10.904255319148934	0.0	41.75531914893617	0.0	0.0	0.0	0.0	1.3297872340425532	13.82978723404255	0.0	0.0	0.0	0.0	14.893617021276595	119.1925512951796	0.0	21.27659574468085	19.9468085106383	53.67208964283434	0.0	100.36443398931208	93.22751195404511	62.0345744680851	0.7978723404255319
Hbs1l	15	10	+	21358313	21358403	35.478806907378335	55.287945137569196	0.0	0.0	0.0	0.0	0.0	219.27422387948698	33.76900876900877	26.373626373626372	30.76923076923077	0.0	0.0	0.0	0.0	5.4945054945054945	0.0	0.0	0.0	11.312217194570135	61.343495214462955	104.60164835164835	22.252747252747252	53.021978021978015	203.33710407239818	0.0	35.16483516483517	0.0	0.0	10.989010989010989	0.0	37.087912087912095	0.0	0.0	0.0	9.89010989010989	17.857142857142858	0.0	0.0	0.0	0.0	23.626373626373624	0.0	0.0	0.0	0.0	0.0	29.453879453879452	100.0606536320822	0.0	22.596153846153847	35.43956043956044	212.33812531889453	0.0	76.74950642496678	61.07581417755114	70.32967032967034	99.79336902413823
Hbs1l	16	10	+	21358732	21358840	38.302752293577974	20.400772573635926	0.0	9.470257472625038	0.0	21.6337688814753	0.0	94.40888869180827	14.72986748216106	17.889908256880734	7.339449541284404	0.0	0.0	0.0	0.0	18.34862385321101	0.0	0.0	0.0	0.0	91.86220889202541	46.11298889425398	56.19266055045872	11.057825966082847	132.18654434250766	0.0	22.358686001775673	0.0	0.0	54.225012071463055	0.0	11.697247706422017	0.0	0.0	0.0	1.146788990825688	32.60157273918742	0.0	0.0	0.0	0.0	18.11926605504587	9.40366972477064	0.0	0.0	0.0	0.0	29.58715596330275	114.07199451924221	0.0	28.25148407987048	9.40366972477064	156.47886771739982	0.0	77.01593433124094	68.57798165137615	35.76632487857528	0.0
Hbs1l	17a	10	+	21364675	21364775	39.913366336633665	27.22772277227723	0.0	31.76137713026886	0.0	21.782178217821784	0.0	232.18153546123838	13.5659533695305	0.9900990099009901	20.297029702970296	0.0	0.0	0.0	0.0	0.0	0.0	0.0	0.0	0.0	104.1219051054903	106.07815234132703	22.77227722772277	18.564356435643564	209.75140099033993	0.0	67.78022095013472	0.0	0.0	31.302638620903345	0.0	64.62706158302377	0.0	0.0	0.0	0.0	116.14581736811454	0.0	0.0	0.0	0.0	18.31683168316832	10.148514851485148	0.0	0.0	0.0	0.0	56.68951510535668	103.4928492849285	0.0	20.04950495049505	35.39958834593137	103.63067616059519	0.0	49.61217319888671	107.98780870642898	51.95766182953136	195.5621854879985
Hbs1l	17b	10	+	21364775	21365166	0.0	0.0	0.0	0.0	0.0	0.0	0.0	0.0	12.053571428571427	20.568227290916365	0.0	0.0	0.0	0.0	0.0	0.0	0.0	0.0	0.0	0.0	0.20139634801288936	0.0	0.0	0.0	0.0	0.0	0.0	0.0	0.0	0.0	0.0	0.0	0.0	0.0	0.0	0.0	0.0	0.0	0.0	0.0	0.8928571428571428	0.0	0.0	0.0	0.0	0.0	0.0	0.0	0.0	0.0	0.0	0.0	0.0	0.0	0.0	0.0	0.0	2.6168531928900594
Hbs1l	18a	10	+	21367401	21367642	0.0	0.41322314049586784	0.0	0.20661157024793392	4.235537190082645	0.20661157024793392	4.235537190082645	1.0768845479589282	9.032740841758436	0.0	0.0	0.0	0.0	0.0	0.0	0.0	0.0	0.0	0.0	0.0	0.2119093028183937	1.535780934607914	0.20661157024793392	0.0	5.121967475339909	0.0	0.6198347107438017	0.0	0.0	0.2582644628099174	0.0	0.2504382669671926	0.0	0.0	32.16432328002576	0.0	0.0	0.0	0.0	0.0	4.235537190082645	4.240974336668117	0.0	0.0	0.0	0.0	0.0	0.20661157024793392	0.6198347107438017	0.0	0.0	0.6798187150093308	0.9228911505951354	0.0	0.0	0.8917280178277246	4.654058063148972	1.9194881364969343
Hbs1l	18b	10	+	21367642	21367786	29.3103448275862	47.224783330259996	2.5615763546798034	48.644267609784855	0.0	25.862068965517242	0.0	241.3895437019169	21.0321232345704	7.068965517241379	215.77557126692386	0.0	0.0	0.0	0.0	7.068965517241379	52.7115987460815	0.0	0.0	14.162561576354678	64.90858279651383	148.33644525663433	19.310344827586203	35.3448275862069	265.3732016037355	0.0	55.517241379310335	0.0	7.068965517241379	55.50572064198315	0.0	34.94252873563218	0.0	0.0	88.21545343792283	0.0	65.22459165154265	0.0	0.0	0.0	0.0	28.333333333333336	26.666666666666664	0.0	0.0	0.0	0.0	43.538903625110514	101.97518618411112	16.706194414105166	52.590627763041546	67.30812013348164	162.45356130579907	0.0	89.34299895506791	73.86151703170613	57.2383794366553	329.72394139246194
Hbs1l	19a	10	+	21368289	21368543	31.487107663578247	119.05717941868738	2.57703081232493	27.35545500251383	0.0	41.80322128851541	0.0	170.7497519831486	21.775599128540303	0.0	304.9205008800329	0.0	0.0	0.0	0.0	233.8786016677185	44.27411368587839	70.18591339776742	0.0	12.058823529411764	76.75568568302131	189.5363244177286	46.86274509803921	17.981397687280037	164.014210588605	0.0	38.2237600922722	0.0	1.8627450980392157	38.13725490196078	0.0	57.55696873343933	0.0	0.0	60.10131980720216	53.14557741602584	44.50672790889333	0.0	236.6102895897178	45.11688158746982	0.0	24.138443256090316	33.19372910454504	0.0	0.0	0.0	0.0	75.99588176145268	115.20984093945127	251.3361021517624	54.81605792273248	24.52710495963091	157.97455400717482	8.039215686274508	127.84366084497239	101.47875793136953	67.97601379462607	217.49836396395867
Hbs1l	19b	10	+	21368543	21368883	30.108424807991327	90.82148646420188	3.0271497493141615	42.80199007593717	0.0	43.661113027811325	0.0	159.5884959634354	9.017595307917887	0.0	252.45270269483117	0.0	0.0	0.0	24.00209617304666	215.7433457265944	49.8296532689322	74.06317013742132	0.0	0.0	68.75027719429997	153.87930810808302	41.98715080608941	116.25006154799792	141.84575872818655	0.0	43.89086311604633	0.0	16.799329702555504	35.05692599620493	0.0	58.24616598129177	0.0	0.0	66.78867787091866	128.56015114867282	62.50476996983809	0.0	322.8640125548174	117.07776623114506	3.0058651026392957	24.091616591769615	19.97261514576505	11.743143005002587	0.0	0.0	0.0	91.5054576423316	63.535292441237445	214.45539539513342	21.010110284456857	26.83858303552701	151.31521574538795	48.15860322406906	104.58510412689296	78.34989477604078	23.973607038123166	202.18037944216053
Hbs1l	19c	10	+	21368883	21368898	0.0	0.0	0.0	0.0	0.0	0.0	0.0	7.6923076923076925	0.0	0.0	0.0	0.0	0.0	0.0	5.0	36.666666666666664	0.0	10.256410256410257	0.0	0.0	0.0	11.76470588235294	0.0	5.0	0.0	0.0	11.76470588235294	0.0	0.0	0.0	0.0	11.76470588235294	0.0	0.0	0.0	15.000000000000004	0.0	0.0	22.021116138763194	0.0	0.0	0.0	40.625	15.000000000000004	0.0	0.0	0.0	0.0	0.0	0.0	0.0	0.0	0.0	0.0	0.0	5.0	0.0	15.0
