Gene	Index	Chromosome	Strand	Start	End	H11	H12	H15	H16	H19	H2	H20	H22	H23	H24	H26	H30	H31	H32	H33	H35	H36	H38	H39	H4	H42	H46	H48	H52	H53	H57	H6	H60	H9	Som10	Som103	Som105	Som109	Som11	Som111	Som115	Som116	Som12	Som123	Som124	Som126	Som127	Som128	Som131	Som133	Som134	Som137	Som138	Som14	Som15	Som17	Som18	Som20	Som36	Som37	Som43	Som45	Som46	Som47	Som48	Som5	Som50	Som51	Som52	Som53	Som58	Som59	Som6	Som60	Som61	Som7	Som71	Som72	Som73	Som74	Som79	Som80	Som81	Som82	Som87	Som88	Som89	Som9	Som90
Hba-a1	1	11	+	32283511	32283801	0.0	0.0	0.0	0.0	0.0	451.10213535044176	0.0	327.969514224921	0.0	3227.095511722682	0.8811090225563909	608143.7581545444	0.0	0.0	473.1221481062401	0.0	0.0	0.0	6002.862578347216	0.0	7.876536885245901	0.0	0.0	0.0	0.0	0.0	0.0	0.0	0.0	303.7177160881019	2405.0864346478375	0.0	0.0	0.0	0.0	0.0	1002.2721452222268	0.0	0.0	0.0	0.0	0.0	0.0	0.0	3808.5953053412254	4.001524390243903	4530.148757980362	19191.803039557595	0.0	0.0	0.0	0.0	0.0	0.0	0.0	0.0	0.0	0.0	0.0	0.0	0.0	0.0	774.170915289064	0.0	0.0	0.0	0.0	1877.222474610102	0.0	1946.4845043909756	1085.0388483301303	0.0	0.0	0.0	0.0	0.0	0.0	0.0	0.0	0.0	0.0	0.0	0.0	0.0
Hba-a1	2a	11	+	32283811	32283924	0.0	0.0	0.0	0.0	0.0	23.044049878400042	0.0	13.707614837124712	0.0	142.58482871323054	0.2638174383326738	26099.540617698876	0.0	0.0	16.17273381579463	0.0	0.0	0.0	299.9027743966945	0.0	0.0	0.0	0.0	0.0	0.0	0.0	0.0	0.0	0.0	13.899817197049138	100.83397344977263	0.0	0.0	0.0	0.0	0.0	46.24924401579968	0.0	0.0	0.0	0.0	0.0	0.0	0.0	150.7112278135593	0.0	205.76893569091067	787.7431547614469	0.0	0.0	0.0	0.0	0.0	0.0	0.0	0.0	0.0	0.0	0.0	0.0	0.0	0.0	31.786242901686386	0.0	0.0	0.0	0.0	112.26161412996214	0.0	99.66873869580695	46.39008765732377	0.0	0.0	0.0	0.0	0.0	0.0	0.0	0.0	0.0	0.0	0.0	0.0	0.0
Hba-a1	2b	11	+	32283924	32284128	0.0	0.0	0.0	0.0	0.0	833.8154506789728	0.0	674.4547315373311	0.0	5243.616904815033	18.554429665237304	1211688.045012839	0.0	0.0	845.8611982292499	0.0	0.0	0.0	14400.713994098523	0.0	1.9512195121951221	0.0	0.0	0.0	0.0	0.0	0.0	0.0	0.0	652.3282239605594	4971.071754981287	0.0	0.0	0.0	0.0	0.0	1983.6982755105157	0.0	0.0	0.0	0.0	0.0	0.0	0.0	6490.241764929833	0.0	8627.704097214099	31721.40170824416	0.0	0.0	0.0	0.0	0.0	0.0	0.0	0.0	0.0	0.0	0.0	0.0	0.0	0.0	1411.382710222511	0.0	0.0	0.0	0.0	6788.531629023769	0.0	4668.925034646332	2372.2649193035377	0.0	0.0	0.0	0.0	0.0	0.0	0.0	0.0	0.0	0.0	0.0	0.0	0.0
Hba-a1	3a	11	+	32284263	32284438	0.0	0.0	0.0	0.0	0.0	121.58942395144868	12.211668928086839	147.0197935740975	0.0	471.27967417855297	0.0	225148.04197901182	22.9906749141663	0.0	194.26238600234228	0.0	0.0	36.00787844709316	3512.328790342357	0.0	3.4564393939393936	0.0	0.0	0.0	0.0	0.0	0.0	0.0	0.0	200.94341779730016	1388.6688927424968	0.0	0.0	0.0	0.0	0.0	234.02614030418297	0.0	0.0	0.0	0.0	0.0	0.0	0.0	1616.6984647209458	0.0	1413.8049248911636	7155.439012662546	0.0	0.0	0.0	0.0	0.0	0.0	0.0	0.0	0.0	0.0	0.0	0.0	0.0	232.83429143597178	127.50258532427586	0.0	0.0	0.0	0.0	5781.894792740342	0.0	756.6092616704676	543.5953269919227	0.0	0.0	0.0	0.0	0.0	0.0	0.0	0.0	0.0	0.0	0.0	0.0	0.0
Hba-a1	3b	11	+	32284438	32284465	0.0	0.0	0.0	0.0	0.0	234.50266253785318	167.16417910447763	179.43877308761398	0.0	697.1949296104946	0.0	211622.54374776172	359.9088669950739	0.0	203.9197108911212	0.0	0.0	246.59709044908286	3839.544301177951	0.0	0.0	0.0	0.0	0.0	0.0	0.0	0.0	0.0	0.0	157.41326432815796	1263.2584837840393	0.0	0.0	0.0	0.0	0.0	103.77941019908444	0.0	0.0	0.0	0.0	0.0	0.0	0.0	5448.5974066504405	0.0	1521.508616334167	8886.829651282567	0.0	0.0	0.0	0.0	0.0	0.0	0.0	0.0	0.0	0.0	0.0	0.0	0.0	890.2944514280285	196.64463142217141	0.0	0.0	0.0	0.0	23529.848743415965	0.0	1313.456838995221	1040.5871590379572	0.0	0.0	0.0	0.0	0.0	0.0	0.0	62.96296296296297	0.0	0.0	0.0	0.0	0.0
Hba-a2	1	11	+	32296489	32296618	0.0	0.0	0.0	0.0	0.0	700.1042900013108	0.0	339.7793967273489	0.0	5512.582294562166	1.187178472497032	808473.9302751893	0.0	0.0	666.0037522268973	0.0	0.0	0.0	7883.228537599217	0.0	10.612597066436582	0.0	0.0	0.0	0.0	0.0	0.0	0.0	0.0	384.36848046297365	3044.7299185972574	0.0	0.0	0.0	0.0	0.0	1749.2449035086463	0.0	0.0	0.0	0.0	0.0	0.0	0.0	6114.73041024999	10.783055198973043	6380.013412177733	20957.50269296456	0.0	0.0	0.0	0.0	0.0	0.0	0.0	0.0	0.0	0.0	0.0	0.0	0.0	0.0	1283.8661830941642	0.0	0.0	0.0	0.0	2552.234742943531	0.0	3107.7614342979036	1581.9894280233598	0.0	0.0	0.0	0.0	0.0	0.0	0.0	0.0	0.0	0.0	0.0	0.0	0.0
Hba-a2	2a	11	+	32296628	32296741	0.0	0.0	0.0	0.0	0.0	14.316907132303015	0.0	4.894597862549684	0.0	99.28488531144869	0.1319087191663369	12591.452253415606	0.0	0.0	8.289645437235494	0.0	0.0	0.0	138.51162386580887	0.0	0.0	0.0	0.0	0.0	0.0	0.0	0.0	0.0	0.0	6.141149111153662	43.47750182349165	0.0	0.0	0.0	0.0	0.0	32.11273568925387	0.0	0.0	0.0	0.0	0.0	0.0	0.0	91.09907789633071	0.0	107.92046697778956	273.0578131128238	0.0	0.0	0.0	0.0	0.0	0.0	0.0	0.0	0.0	0.0	0.0	0.0	0.0	0.0	21.094654376687494	0.0	0.0	0.0	0.0	53.61064230968799	0.0	60.63471984522114	24.892003020921724	0.0	0.0	0.0	0.0	0.0	0.0	0.0	0.0	0.0	0.0	0.0	0.0	0.0
Hba-a2	2b	11	+	32296741	32296945	0.0	0.0	0.0	0.0	0.0	610.6979949908672	0.0	168.75605809273998	0.0	4170.271698571305	9.277214832618652	570371.1549421017	0.0	0.0	417.9128233588522	0.0	0.0	0.0	6643.9936109868995	0.0	1.9512195121951221	0.0	0.0	0.0	0.0	0.0	0.0	0.0	0.0	185.88963529315467	1897.0104436129016	0.0	0.0	0.0	0.0	0.0	1594.4061885227868	0.0	0.0	0.0	0.0	0.0	0.0	0.0	4606.036516473631	0.0	4781.683168495981	7896.652592529474	0.0	0.0	0.0	0.0	0.0	0.0	0.0	0.0	0.0	0.0	0.0	0.0	0.0	0.0	1106.9243334133287	0.0	0.0	0.0	0.0	3106.7223117984236	0.0	3408.1368941655765	1565.6256665000071	0.0	0.0	0.0	0.0	0.0	0.0	0.0	0.0	0.0	0.0	0.0	0.0	0.0
Hba-a2	3a	11	+	32297080	32297255	0.0	0.0	0.0	0.0	0.0	182.95211222761878	6.1058344640434195	32.57735251512553	0.0	938.9770283982434	0.0	129018.03275114179	14.583135076130768	0.0	93.43755513123888	0.0	0.0	5.016552075375604	2046.9807398151456	0.0	3.4564393939393936	0.0	0.0	0.0	0.0	0.0	0.0	0.0	0.0	22.279494984891535	403.6948797014897	0.0	0.0	0.0	0.0	0.0	338.8554070475664	0.0	0.0	0.0	0.0	0.0	0.0	0.0	2370.032084210638	0.0	1194.528099899602	1202.6755446881407	0.0	0.0	0.0	0.0	0.0	0.0	0.0	0.0	0.0	0.0	0.0	0.0	0.0	126.02273898835189	258.46258848524127	0.0	0.0	0.0	0.0	3254.71417840321	0.0	1120.437495530281	731.5745555723933	0.0	0.0	0.0	0.0	0.0	0.0	0.0	0.0	0.0	0.0	0.0	0.0	0.0
Hba-a2	3b	11	+	32297255	32297298	0.0	0.0	0.0	0.0	0.0	201.08952348488813	98.50746268656715	94.94702324021513	0.0	590.5876590194	0.0	155657.526464468	262.45771756978655	0.0	109.50983345861746	0.0	0.0	222.72160477094067	3081.57005068625	0.0	0.0	0.0	0.0	0.0	0.0	0.0	0.0	0.0	0.0	115.49634741124102	692.4713952864853	0.0	0.0	0.0	0.0	0.0	72.10292861818783	0.0	0.0	0.0	0.0	0.0	0.0	0.0	5411.931426851117	0.0	1321.112498036276	5475.655217983446	0.0	0.0	0.0	0.0	0.0	0.0	0.0	0.0	0.0	0.0	0.0	0.0	0.0	542.4942255687857	139.1239495607646	0.0	0.0	0.0	0.0	20999.089374185132	0.0	1075.6541745922343	800.5613447760334	0.0	0.0	0.0	0.0	0.0	0.0	0.0	103.7037037037037	0.0	0.0	0.0	0.0	0.0
Hba-ps3	1	15	-	56171988	56172389	0.0	0.0	0.0	0.0	0.0	0.0	0.0	0.0	0.0	0.0	0.0	0.0	0.0	0.0	0.0	0.0	0.0	0.0	0.0	0.0	0.0	0.0	0.0	0.0	0.0	0.0	0.0	0.0	0.0	0.0	0.0	0.0	0.0	0.0	0.0	0.0	0.0	0.0	0.0	0.0	0.0	0.0	0.0	0.0	0.0	0.0	0.0	0.0	0.0	0.0	0.0	0.0	0.0	0.0	0.0	0.0	0.0	0.0	0.0	0.0	0.0	0.0	0.0	0.0	0.0	0.0	0.0	0.0	0.0	0.0	0.0	0.0	0.0	0.0	0.0	0.0	0.0	0.0	0.0	0.0	0.0	0.0	0.0	0.0
Hba-ps4	1	17	-	26286940	26287061	0.0	0.0	0.0	4209.380233057431	0.0	0.0	0.0	0.0	0.0	0.0	0.0	0.0	0.0	0.0	0.0	0.0	0.0	0.0	0.0	0.0	0.0	0.0	0.0	0.0	0.0	0.0	0.0	0.0	0.0	0.0	0.0	0.0	0.0	0.0	0.0	0.0	0.0	0.0	0.0	0.0	0.0	0.0	0.0	0.0	0.0	0.0	0.0	0.0	0.0	0.0	0.0	0.0	0.0	0.0	0.0	0.0	0.0	0.0	0.0	0.0	0.0	0.0	0.0	0.0	0.0	0.0	0.0	0.0	0.0	0.0	0.0	0.0	0.0	0.0	0.0	0.0	0.0	0.0	0.0	0.0	0.0	0.0	0.0	0.0
Hba-ps4	2	17	-	26286630	26286834	0.0	0.0	0.0	1851.4518324200126	0.0	0.0	0.0	0.0	0.0	0.0	0.0	126.8210123713288	0.0	0.0	0.0	0.0	0.0	0.0	5.065666041275798	0.0	0.0	0.0	0.0	0.0	0.0	0.0	0.0	0.0	0.0	0.0	0.0	0.0	0.0	0.0	0.0	0.0	0.0	0.0	0.0	0.0	0.0	0.0	0.0	0.0	10.076055599265668	0.0	0.0	5.05226480836237	0.0	0.0	0.0	0.0	0.0	0.0	0.0	0.0	0.0	0.0	0.0	0.0	0.0	0.0	0.0	0.0	0.0	0.0	0.0	0.0	0.0	0.0	0.0	0.0	0.0	0.0	0.0	0.0	0.0	0.0	0.0	0.0	0.0	0.0	0.0	0.0
Hba-ps4	3	17	-	26286363	26286482	0.0	0.0	0.0	4255.084893588742	0.0	0.0	0.0	0.0	0.0	0.0	0.0	86.13612909278542	0.0	0.0	0.0	0.0	0.0	0.0	0.0	0.0	0.0	0.0	0.0	0.0	0.0	0.0	0.0	0.0	0.0	0.0	0.0	0.0	0.0	0.0	0.0	0.0	0.0	0.0	0.0	0.0	0.0	0.0	0.0	0.0	0.0	0.0	0.0	24.652406417112303	0.0	0.0	0.0	0.0	0.0	0.0	0.0	0.0	0.0	0.0	0.0	0.0	0.0	0.0	0.0	0.0	0.0	0.0	0.0	0.0	0.0	0.0	0.0	0.0	0.0	0.0	0.0	0.0	0.0	0.0	0.0	0.0	0.0	0.0	0.0	0.0
Hba-x	1	11	+	32276400	32276758	0.0	0.0	0.0	0.0	0.0	0.0	0.0	0.0	0.0	0.0	0.0	0.0	0.0	0.0	0.0	0.0	0.0	0.0	0.0	0.0	0.0	0.0	0.0	0.0	0.0	0.0	0.0	0.0	0.0	0.0	0.0	0.0	0.0	0.0	0.0	0.0	0.0	0.0	0.0	0.0	0.0	0.0	0.0	0.0	0.0	0.0	0.0	0.0	0.0	0.0	0.0	0.0	0.0	0.0	0.0	0.0	0.0	0.0	0.0	0.0	0.0	0.0	0.0	0.0	0.0	0.0	0.0	0.0	0.0	0.0	0.0	0.0	0.0	0.0	0.0	0.0	0.0	0.0	0.0	0.0	0.0	0.0	0.0	0.0
Hba-x	2	11	+	32276893	32277029	0.0	0.0	0.0	0.0	0.0	0.0	0.0	0.0	0.0	0.0	0.0	0.0	0.0	0.0	0.0	0.0	0.0	0.0	0.0	0.0	0.0	0.0	0.0	0.0	0.0	0.0	0.0	0.0	0.0	0.0	0.0	0.0	0.0	0.0	0.0	0.0	0.0	0.0	0.0	0.0	0.0	0.0	0.0	0.0	0.0	0.0	0.0	0.0	0.0	0.0	0.0	0.0	0.0	0.0	0.0	0.0	0.0	0.0	0.0	0.0	0.0	0.0	0.0	0.0	0.0	0.0	0.0	0.0	0.0	0.0	0.0	0.0	0.0	0.0	0.0	0.0	0.0	0.0	0.0	0.0	0.0	0.0	0.0	0.0
Hba-x	3	11	+	32277569	32277773	0.0	0.0	0.0	0.0	0.0	0.0	0.0	0.0	0.0	0.0	0.0	9.774797831146786	0.0	0.0	0.0	0.0	0.0	0.0	0.0	0.0	0.0	0.0	0.0	0.0	0.0	0.0	0.0	0.0	0.0	0.0	0.0	0.0	0.0	0.0	0.0	0.0	0.0	0.0	0.0	0.0	0.0	0.0	0.0	0.0	0.0	0.0	0.0	0.0	0.0	0.0	0.0	0.0	0.0	0.0	0.0	0.0	0.0	0.0	0.0	0.0	0.0	0.0	0.0	0.0	0.0	0.0	0.0	0.0	0.0	0.0	0.0	0.0	0.0	0.0	0.0	0.0	0.0	0.0	0.0	0.0	0.0	0.0	0.0	0.0
Hba-x	4	11	+	32277880	32278116	0.0	0.0	0.0	0.0	0.0	0.0	0.0	0.0	0.0	0.0	0.0	2.7722772277227725	0.0	0.0	0.0	0.0	0.0	0.0	0.0	0.0	0.0	0.0	0.0	0.0	0.0	0.0	0.0	5.127298444130127	0.0	0.0	0.0	0.0	0.0	0.0	0.0	0.0	0.0	0.0	0.0	0.0	0.0	0.0	0.0	0.0	0.0	0.0	0.0	0.0	0.0	0.0	0.0	0.0	0.0	0.0	0.0	0.0	0.0	0.0	0.0	0.0	0.0	0.0	0.0	0.0	0.0	0.0	0.0	0.0	0.0	0.0	0.0	0.0	0.0	0.0	0.0	0.0	0.0	0.0	0.0	0.0	0.0	0.0	0.0	0.0
Hbb-bh0	1	7	-	103850020	103850148	0.0	0.0	0.0	0.0	0.0	0.0	0.0	0.0	0.0	0.0	0.0	0.0	0.0	0.0	0.0	0.0	0.0	0.0	0.0	0.0	0.0	0.0	0.0	0.0	0.0	0.0	0.0	0.0	0.0	0.0	0.0	0.0	0.0	0.0	0.0	0.0	0.0	0.0	0.0	0.0	0.0	0.0	0.0	0.0	0.0	0.0	0.0	0.0	0.0	0.0	0.0	0.0	0.0	0.0	0.0	0.0	0.0	0.0	0.0	0.0	0.0	0.0	0.0	0.0	0.0	0.0	0.0	0.0	0.0	0.0	0.0	0.0	0.0	0.0	0.0	0.0	0.0	0.0	0.0	0.0	0.0	0.0	0.0	0.0
Hbb-bh1	1	7	-	103843019	103843164	0.0	0.0	0.0	0.0	0.0	0.0	0.0	0.0	0.0	0.0	0.0	0.0	0.0	0.0	0.0	0.0	0.0	0.0	0.0	0.0	0.0	0.0	0.0	0.0	0.0	0.0	0.0	0.0	0.0	0.0	0.0	0.0	0.0	0.0	0.0	0.0	0.0	0.0	0.0	0.0	0.0	0.0	0.0	0.0	0.0	0.0	0.0	0.0	0.0	0.0	0.0	0.0	0.0	0.0	0.0	0.0	0.0	0.0	0.0	0.0	0.0	0.0	0.0	0.0	0.0	0.0	0.0	0.0	0.0	0.0	0.0	0.0	0.0	0.0	0.0	0.0	0.0	0.0	0.0	0.0	0.0	0.0	0.0	0.0
Hbb-bh1	2	7	-	103842691	103842913	0.0	0.0	0.0	0.0	0.0	0.0	0.0	0.0	0.0	0.0	0.0	9.990564699249148	0.0	0.0	0.0	0.0	0.0	0.0	0.0	0.0	0.0	0.0	0.0	0.0	0.0	0.0	0.0	0.0	0.0	0.0	0.0	0.0	0.0	0.0	0.0	0.0	0.0	0.0	0.0	0.0	0.0	0.0	0.0	0.0	0.0	0.0	0.0	0.0	0.0	0.0	0.0	0.0	0.0	0.0	0.0	0.0	0.0	0.0	0.0	0.0	0.0	0.0	0.0	0.0	0.0	0.0	0.0	0.0	0.0	0.0	0.0	0.0	0.0	0.0	0.0	0.0	0.0	0.0	0.0	0.0	0.0	0.0	0.0	0.0
Hbb-bh1	3	7	-	103841637	103841880	0.0	0.0	0.0	0.0	0.0	0.0	0.0	0.0	0.0	0.0	0.0	0.0	0.0	0.0	0.0	0.0	0.0	0.0	0.0	0.0	0.0	0.0	0.0	0.0	0.0	0.0	0.0	0.0	0.0	0.0	0.0	0.0	0.0	0.0	0.0	0.0	0.0	0.0	0.0	0.0	0.0	0.0	0.0	0.0	0.0	0.0	0.0	0.0	0.0	0.0	0.0	0.0	0.0	0.0	0.0	0.0	0.0	0.0	0.0	0.0	0.0	0.0	0.0	0.0	0.0	0.0	0.0	0.0	0.0	0.0	0.0	0.0	0.0	0.0	0.0	0.0	0.0	0.0	0.0	0.0	0.0	0.0	0.0	0.0
Hbb-bh2	1	7	-	103840336	103840520	0.0	0.0	0.0	0.0	0.0	0.0	0.0	0.0	0.0	0.0	0.0	0.0	0.0	0.0	0.0	0.0	0.0	0.0	0.0	0.0	0.0	0.0	0.0	0.0	0.0	0.0	0.0	0.0	0.0	0.0	0.0	0.0	0.0	0.0	0.0	0.0	0.0	0.0	0.0	0.0	0.0	0.0	0.0	0.0	0.0	0.0	0.0	0.0	0.0	0.0	0.0	0.0	0.0	0.0	0.0	0.0	0.0	0.0	0.0	0.0	0.0	0.0	0.0	0.0	0.0	0.0	0.0	0.0	0.0	0.0	0.0	0.0	0.0	0.0	0.0	0.0	0.0	0.0	0.0	0.0	0.0	0.0	0.0	0.0
Hbb-bh2	2	7	-	103840028	103840250	0.0	0.0	0.0	0.0	0.0	0.0	0.0	0.0	0.0	0.0	0.0	2.3857614053292817	0.0	0.0	0.0	0.0	0.0	0.0	0.0	0.0	0.0	0.0	0.0	0.0	0.0	0.0	0.0	0.0	0.0	0.0	0.0	0.0	0.0	0.0	0.0	0.0	0.0	0.0	0.0	0.0	0.0	0.0	0.0	0.0	0.0	0.0	0.0	0.0	0.0	0.0	0.0	0.0	0.0	0.0	0.0	0.0	0.0	0.0	0.0	0.0	0.0	0.0	0.0	0.0	0.0	0.0	0.0	0.0	0.0	0.0	0.0	0.0	0.0	0.0	0.0	0.0	0.0	0.0	0.0	0.0	0.0	0.0	0.0	0.0
Hbb-bh2	3	7	-	103839124	103839273	0.0	0.0	0.0	0.0	0.0	0.0	0.0	0.0	0.0	0.0	0.0	0.0	0.0	0.0	0.0	0.0	0.0	0.0	0.0	0.0	0.0	0.0	0.0	0.0	0.0	0.0	0.0	0.0	0.0	0.0	0.0	0.0	0.0	0.0	0.0	0.0	0.0	0.0	0.0	0.0	0.0	0.0	0.0	0.0	0.0	0.0	0.0	0.0	0.0	0.0	0.0	0.0	0.0	0.0	0.0	0.0	0.0	0.0	0.0	0.0	0.0	0.0	0.0	0.0	0.0	0.0	0.0	0.0	0.0	0.0	0.0	0.0	0.0	0.0	0.0	0.0	0.0	0.0	0.0	0.0	0.0	0.0	0.0	0.0
Hbb-bh3	1	7	-	103833648	103833723	0.0	0.0	0.0	0.0	0.0	0.0	0.0	0.0	0.0	0.0	0.0	0.0	0.0	0.0	0.0	0.0	0.0	0.0	0.0	0.0	0.0	0.0	0.0	0.0	0.0	0.0	0.0	0.0	0.0	0.0	0.0	0.0	0.0	0.0	0.0	0.0	0.0	0.0	0.0	0.0	0.0	0.0	0.0	0.0	0.0	0.0	0.0	0.0	0.0	0.0	0.0	0.0	0.0	0.0	0.0	0.0	0.0	0.0	0.0	0.0	0.0	0.0	0.0	0.0	0.0	0.0	0.0	0.0	0.0	0.0	0.0	0.0	0.0	0.0	0.0	0.0	0.0	0.0	0.0	0.0	0.0	0.0	0.0	0.0
Hbb-bh3	2	7	-	103833464	103833530	0.0	0.0	0.0	0.0	0.0	0.0	0.0	0.0	0.0	0.0	0.0	11.061712713030591	0.0	0.0	0.0	0.0	0.0	0.0	0.0	0.0	0.0	0.0	0.0	0.0	0.0	0.0	0.0	0.0	0.0	0.0	0.0	0.0	0.0	0.0	0.0	0.0	0.0	0.0	0.0	0.0	0.0	0.0	0.0	0.0	0.0	0.0	0.0	0.0	0.0	0.0	0.0	0.0	0.0	0.0	0.0	0.0	0.0	0.0	0.0	0.0	0.0	0.0	0.0	0.0	0.0	0.0	0.0	0.0	0.0	0.0	0.0	0.0	0.0	0.0	0.0	0.0	0.0	0.0	0.0	0.0	0.0	0.0	0.0	0.0
Hbb-bh3	3	7	-	103832628	103832750	0.0	0.0	0.0	0.0	0.0	0.0	0.0	0.0	0.0	0.0	0.0	0.0	0.0	0.0	0.0	0.0	0.0	0.0	0.0	0.0	0.0	0.0	0.0	0.0	0.0	0.0	0.0	0.0	0.0	0.0	0.0	0.0	0.0	0.0	0.0	0.0	0.0	0.0	0.0	0.0	0.0	0.0	0.0	0.0	0.0	0.0	0.0	0.0	0.0	0.0	0.0	0.0	0.0	0.0	0.0	0.0	0.0	0.0	0.0	0.0	0.0	0.0	0.0	0.0	0.0	0.0	0.0	0.0	0.0	0.0	0.0	0.0	0.0	0.0	0.0	0.0	0.0	0.0	0.0	0.0	0.0	0.0	0.0	0.0
Hbb-bs	1	7	-	103828012	103828096	0.0	0.0	0.0	0.0	0.0	0.0	0.0	0.0	0.0	0.0	0.0	16.74157232862574	0.0	0.0	0.0	0.0	0.0	0.0	0.0	0.0	0.0	0.0	0.0	0.0	0.0	0.0	0.0	0.0	0.0	0.0	0.0	0.0	0.0	0.0	0.0	0.0	0.0	0.0	0.0	0.0	0.0	0.0	0.0	0.0	0.0	0.0	0.0	0.0	0.0	0.0	0.0	0.0	0.0	0.0	0.0	0.0	0.0	0.0	0.0	0.0	0.0	0.0	0.0	0.0	0.0	0.0	0.0	0.0	0.0	0.0	0.0	0.0	0.0	0.0	0.0	0.0	0.0	0.0	0.0	0.0	0.0	0.0	0.0	0.0
Hbb-bs	2a	7	-	103827886	103827928	0.0	0.0	0.0	0.0	0.0	0.0	0.0	0.0	0.0	0.0	0.0	412636.98666878935	0.0	0.0	21.7787822914808	0.0	0.0	0.0	3242.597202340409	0.0	0.0	0.0	0.0	0.0	0.0	0.0	0.0	0.0	0.0	0.0	2402.0440166985636	0.0	0.0	0.0	0.0	749.7533622179169	0.0	0.0	12.513423146976317	0.0	0.0	0.0	0.0	0.0	0.0	0.0	1538.9526012321012	0.0	0.0	0.0	0.0	0.0	0.0	0.0	0.0	0.0	0.0	0.0	0.0	0.0	0.0	0.0	0.0	0.0	0.0	0.0	0.0	906.6460716599217	0.0	0.0	0.0	0.0	0.0	0.0	0.0	0.0	0.0	0.0	0.0	0.0	2241.532025775058	0.0	0.0	0.0
Hbb-bs	2b	7	-	103827784	103827886	0.0	0.0	0.0	0.0	0.0	0.0	0.0	0.0	0.0	0.0	0.0	888399.5137701799	8.152375305714074	0.0	28.199207078356885	0.0	0.0	0.0	7397.78315727985	0.0	0.0	0.0	0.0	0.0	0.0	0.0	0.0	0.0	0.0	0.0	5823.8564399875495	0.0	0.0	0.0	0.0	1598.305783288779	0.0	0.0	2134.858367081547	0.0	0.0	149.09658622484423	0.0	0.0	0.0	0.0	3282.925212449889	0.0	0.0	0.0	0.0	0.0	0.0	0.0	0.0	0.0	0.0	0.0	0.0	0.0	0.0	0.0	0.0	0.0	0.0	0.0	0.0	888.2395861900551	0.0	0.0	0.0	0.0	0.0	0.0	0.0	0.0	0.0	0.0	0.0	0.0	5239.750340245275	0.0	0.0	0.0
Hbb-bs	3a	7	-	103827670	103827725	0.0	0.0	0.0	0.0	0.0	0.0	0.0	0.0	0.0	0.0	0.0	438.46604434542553	0.0	0.0	0.0	0.0	0.0	0.0	3.4823610241521266	0.0	0.0	0.0	0.0	0.0	0.0	0.0	0.0	0.0	0.0	0.0	6.607084458219047	0.0	0.0	0.0	0.0	0.5411255411255411	0.0	0.0	0.0	0.0	0.0	0.0	0.0	0.0	0.0	0.0	1.913265306122449	0.0	0.0	0.0	0.0	0.0	0.0	0.0	0.0	0.0	0.0	0.0	0.0	0.0	0.0	0.0	0.0	0.0	0.0	0.0	0.0	2.614859503123283	0.0	0.0	0.0	0.0	0.0	0.0	0.0	0.0	0.0	0.0	0.0	0.0	0.7763975155279502	0.0	0.0	0.0
Hbb-bs	3b	7	-	103827452	103827670	0.0	0.0	0.0	0.0	0.0	0.0	0.0	0.0	0.0	0.0	14.07478819312104	818611.7027120591	5.367911046045522	0.0	17.300873834309186	0.0	0.0	0.0	8362.523537869394	0.0	0.0	0.0	0.0	0.0	0.0	0.0	0.0	0.0	0.0	0.0	8324.189920228015	0.0	0.0	0.0	0.0	1188.072848484981	0.0	0.0	4438.894344570391	0.0	0.0	358.68039037777027	0.0	0.0	9.206667409139843	0.0	2631.048388058597	0.0	0.0	0.0	0.0	0.0	0.0	0.0	0.0	0.0	0.0	0.0	0.0	0.0	0.0	0.0	0.0	0.0	0.0	0.0	0.0	3808.1721866707926	0.0	0.0	0.0	0.0	0.0	0.0	0.0	0.0	0.0	0.0	0.0	0.0	4394.995362816809	0.0	0.0	0.0
Hbb-bs	3c	7	-	103827448	103827452	0.0	0.0	0.0	0.0	0.0	0.0	0.0	0.0	0.0	0.0	7.092198581560284	455882.16281863366	0.0	0.0	10.752688172043012	0.0	0.0	0.0	5762.397169077179	0.0	0.0	0.0	0.0	0.0	0.0	0.0	0.0	0.0	0.0	0.0	5473.614681970846	0.0	0.0	0.0	0.0	709.1931374275842	0.0	0.0	2458.605488002136	0.0	0.0	144.5358113402338	0.0	0.0	0.0	0.0	1455.6664102561522	0.0	0.0	0.0	0.0	0.0	0.0	0.0	0.0	0.0	0.0	0.0	0.0	0.0	0.0	0.0	0.0	0.0	0.0	0.0	0.0	6240.172813451165	0.0	0.0	0.0	0.0	0.0	0.0	0.0	0.0	0.0	0.0	0.0	0.0	2159.2953824815427	0.0	0.0	0.0
Hbb-bs	4a	7	-	103826728	103826793	0.0	0.0	0.0	0.0	0.0	0.0	0.0	0.0	0.0	0.0	7.092198581560283	323543.29193063726	0.0	0.0	6.353861192570871	0.0	0.0	0.0	3866.5397877821397	0.0	0.0	0.0	0.0	0.0	0.0	0.0	0.0	0.0	0.0	0.0	3318.4725412754024	0.0	0.0	0.0	0.0	432.0107438287218	0.0	0.0	1489.9983278784034	0.0	0.0	82.98029699204956	0.0	0.0	0.0	0.0	1058.07883651448	0.0	0.0	0.0	0.0	0.0	0.0	0.0	0.0	0.0	0.0	0.0	0.0	0.0	0.0	0.0	0.0	0.0	0.0	0.0	0.0	8885.404537270659	0.0	0.0	0.0	0.0	0.0	0.0	0.0	0.0	0.0	0.0	0.0	0.0	1510.7237224966932	0.0	0.0	0.0
Hbb-bs	4b	7	-	103826534	103826728	0.0	0.0	0.0	0.0	0.0	0.0	0.0	0.0	0.0	0.0	2.969858156028369	90910.56093353641	0.0	0.0	18.92785370617178	0.0	0.0	0.0	1207.3923585414927	0.0	0.0	0.0	0.0	0.0	0.0	0.0	0.0	0.0	0.0	0.0	587.9995304237873	0.0	0.0	0.0	0.0	141.10299577539865	0.0	0.0	475.42685494809984	0.0	0.0	5.511811023622047	0.0	0.0	546.3461521879026	0.0	335.7777365077545	0.0	0.0	0.0	0.0	0.0	0.0	0.0	0.0	0.0	0.0	0.0	0.0	0.0	0.0	0.0	0.0	0.0	0.0	0.0	0.0	13099.027557156955	0.0	0.0	0.0	0.0	0.0	0.0	0.0	0.0	0.0	0.0	0.0	0.0	376.165101342166	0.0	0.0	0.0
Hbb-bt	1	7	-	103813778	103813996	0.0	0.0	0.0	0.0	0.0	0.0	0.0	0.0	0.0	0.0	0.0	136009.41279886055	2.2817789578493195	0.0	0.0	0.0	0.0	0.0	1246.6772467264002	0.0	0.0	0.0	0.0	0.0	0.0	0.0	0.0	0.0	0.0	0.0	1493.5465746047266	0.0	0.0	0.0	0.0	174.52924879852972	0.0	0.0	1512.968790534793	0.0	0.0	145.62845846348335	0.0	0.0	0.0	0.0	347.7549357240191	0.0	0.0	0.0	0.0	0.0	0.0	0.0	0.0	0.0	0.0	0.0	0.0	0.0	0.0	0.0	0.0	0.0	0.0	0.0	0.0	334.11992417826707	0.0	0.0	0.0	0.0	0.0	0.0	0.0	0.0	0.0	0.0	0.0	0.0	697.9196081082636	0.0	0.0	0.0
Hbb-bt	2	7	-	103813439	103813661	0.0	0.0	0.0	0.0	0.0	0.0	0.0	0.0	0.0	0.0	9.115395624316527	294588.3430466399	2.6358128230582274	0.0	4.516108513818655	0.0	0.0	0.0	3343.4685271018634	0.0	0.0	0.0	0.0	0.0	0.0	0.0	0.0	0.0	0.0	0.0	4613.19176947734	0.0	0.0	0.0	0.0	326.50307266396845	0.0	0.0	3238.893590259781	0.0	0.0	287.26260600032356	0.0	0.0	4.5207626964162015	0.0	740.8020584822724	0.0	0.0	0.0	0.0	0.0	0.0	0.0	0.0	0.0	0.0	0.0	0.0	0.0	0.0	0.0	0.0	0.0	0.0	0.0	0.0	1616.835981732744	0.0	0.0	0.0	0.0	0.0	0.0	0.0	0.0	0.0	0.0	0.0	0.0	1532.5414265332993	0.0	0.0	0.0
Hbb-bt	3	7	-	103812524	103812784	0.0	0.0	0.0	0.0	0.0	0.0	0.0	0.0	0.0	0.0	0.0	37089.528875221295	0.0	0.0	0.0	0.0	0.0	0.0	577.6486992636936	0.0	0.0	0.0	0.0	0.0	0.0	0.0	0.0	0.0	0.0	0.0	1379.6405848608115	0.0	0.0	0.0	22.56985526855182	21.686286653237175	0.0	0.0	1048.7665677739756	0.0	0.0	88.59528495191707	0.0	0.0	0.0	0.0	56.68951851206892	0.0	0.0	0.0	0.0	0.0	0.0	0.0	0.0	0.0	0.0	0.0	0.0	0.0	0.0	0.0	0.0	0.0	0.0	0.0	0.0	975.0539199636564	0.0	0.0	0.0	0.0	0.0	0.0	0.0	0.0	0.0	0.0	0.0	0.0	105.56657832735505	0.0	0.0	0.0
Hbb-y	1	7	-	103853061	103853216	0.0	0.0	0.0	0.0	0.0	0.0	0.0	0.0	0.0	2720.8045156588314	0.0	0.0	0.0	0.0	0.0	0.0	0.0	0.0	0.0	0.0	0.0	0.0	0.0	0.0	0.0	0.0	0.0	0.0	0.0	0.0	0.0	0.0	0.0	0.0	0.0	0.0	0.0	0.0	0.0	0.0	0.0	0.0	0.0	0.0	0.0	0.0	0.0	0.0	0.0	0.0	0.0	0.0	0.0	0.0	0.0	0.0	0.0	0.0	0.0	0.0	0.0	0.0	679.0071995493415	0.0	0.0	0.0	0.0	0.0	0.0	0.0	0.0	0.0	0.0	0.0	0.0	0.0	0.0	0.0	0.0	0.0	0.0	0.0	0.0	0.0
Hbb-y	2	7	-	103852748	103852970	0.0	0.0	0.0	0.0	0.0	0.0	0.0	0.0	0.0	3343.8977920908073	0.0	9.327354260089686	0.0	0.0	0.0	0.0	0.0	0.0	0.0	0.0	0.0	0.0	0.0	0.0	0.0	0.0	0.0	0.0	0.0	0.0	0.0	0.0	0.0	0.0	0.0	0.0	0.0	0.0	0.0	0.0	0.0	0.0	0.0	0.0	0.0	0.0	0.0	0.0	0.0	0.0	0.0	0.0	0.0	0.0	0.0	0.0	0.0	0.0	0.0	0.0	0.0	0.0	567.0620416121876	0.0	0.0	0.0	0.0	0.0	0.0	0.0	0.0	0.0	0.0	0.0	0.0	0.0	0.0	0.0	0.0	0.0	0.0	0.0	0.0	0.0
Hbb-y	3	7	-	103851749	103852002	0.0	0.0	0.0	0.0	0.0	0.0	0.0	0.0	0.0	958.0212297383752	4.623287671232877	0.0	0.0	0.0	0.0	0.0	13.857831456482037	0.0	0.0	0.0	0.0	0.0	0.0	0.0	0.0	0.0	0.0	0.0	0.0	0.0	0.0	0.0	0.0	0.0	0.0	0.0	0.0	0.0	0.0	0.0	0.0	0.0	0.0	0.0	0.0	0.0	0.0	0.0	0.0	0.0	0.0	0.0	0.0	0.0	0.0	0.0	0.0	0.0	0.0	0.0	0.0	0.0	188.8094990258723	0.0	0.0	0.0	0.0	0.0	0.0	0.0	0.0	0.0	0.0	0.0	0.0	0.0	0.0	0.0	0.0	0.0	0.0	0.0	0.0	0.0
Hbegf	1	18	-	36515468	36515805	0.0	0.0	0.0	0.0	0.0	1297.1816948153253	799.7552436001316	82.09145669976056	693.1145339035247	1277.3939809840338	536.8163270735188	353.0589464211245	79.45253435920056	0.0	99.79509618508371	60.479465156407755	0.0	315.937554231512	0.0	0.0	0.0	0.0	0.0	0.0	0.0	293.2658507311749	0.0	29.84229898324586	0.0	0.0	0.0	593.3753591665192	0.0	0.0	1504.4095403596455	92.1857339810387	0.0	0.0	0.0	0.0	0.0	0.0	0.0	0.0	0.0	0.0	0.0	0.0	126.95789607536263	0.0	0.0	0.0	0.0	0.0	0.0	0.0	0.0	0.0	612.6985547733168	230.88126964458593	0.0	0.0	1747.9233252781507	1178.9359090139812	0.0	0.0	0.0	528.3748424924727	0.0	0.0	0.0	0.0	0.0	0.0	0.0	0.0	581.9082327608655	3869.5362995414725	0.0	0.0	0.0	0.0	242.66563601959345	0.0
Hbegf	2	18	-	36515087	36515260	0.0	0.0	0.0	0.0	0.0	642.62239066396	594.1087387913867	53.51905854492826	733.5228817407495	1597.1806498838682	527.08830242046	62.686542154286	94.97207685348438	0.0	219.42378375145506	481.74169525725347	0.0	427.75516363216053	0.0	0.0	0.0	0.0	0.0	0.0	0.0	188.88760064134107	0.0	33.219205999836966	0.0	0.0	0.0	662.0211978365207	0.0	0.0	1859.411723310911	118.56737404773854	0.0	0.0	0.0	0.0	0.0	0.0	0.0	0.0	0.0	0.0	0.0	0.0	265.86307949278205	0.0	0.0	0.0	0.0	0.0	0.0	0.0	0.0	0.0	715.8368928787156	368.71890427056894	0.0	0.0	1884.2728530701988	1308.8248161291901	0.0	0.0	0.0	352.0931019868034	0.0	0.0	0.0	0.0	0.0	0.0	0.0	0.0	834.8687588752961	3549.9211996694676	0.0	0.0	0.0	0.0	328.34197713015703	0.0
Hbegf	3	18	-	36512557	36512734	0.0	0.0	0.0	0.0	0.0	405.6664314947286	360.17561992791565	33.47544293037958	917.370114863156	1923.818606249473	670.3235182197806	5.839406822552889	140.76518137505548	0.0	363.7242853413596	394.34852493676664	0.0	521.8692412068038	0.0	0.0	0.0	0.0	0.0	0.0	0.0	220.1195671858431	0.0	66.63731115204867	0.0	0.0	0.0	713.1056642937417	0.0	0.0	2228.69006431232	144.6114959677777	0.0	0.0	0.0	0.0	0.0	0.0	0.0	0.0	0.0	0.0	0.0	0.0	302.8532705475441	0.0	0.0	0.0	0.0	0.0	0.0	4.342975535899275	0.0	0.0	1002.5823267697049	409.8276346380326	0.0	0.0	2030.6506811943743	1595.6676909492753	0.0	0.0	0.0	0.0	0.0	0.0	0.0	0.0	0.0	0.0	0.0	0.0	955.7449136741145	3003.899756606548	0.0	0.0	0.0	0.0	577.6567506093999	0.0
Hbegf	4	18	-	36507449	36507604	0.0	0.0	0.0	0.0	0.0	534.5056758038005	945.6977422422832	63.43459753625237	1096.6319041051713	2264.9441139031287	689.256396396372	0.0	136.66094763588418	0.0	399.5651087660653	557.870696597738	0.0	546.7816730037495	0.0	0.0	0.0	0.0	0.0	0.0	0.0	258.4171770192347	0.0	30.944523445395436	0.0	0.0	0.0	944.4999604166264	0.0	0.0	2497.427300632147	161.59329879338097	0.0	0.0	0.0	0.0	0.0	0.0	0.0	0.0	0.0	0.0	0.0	0.0	329.006801499754	0.0	0.0	0.0	0.0	0.0	0.0	511.7150220444449	0.0	0.0	1166.975024092725	573.9578988224179	0.0	0.0	2846.7050451977775	2240.579501057282	0.0	0.0	0.0	0.0	0.0	0.0	0.0	0.0	0.0	0.0	0.0	0.0	1114.653714322034	4251.534950325912	0.0	0.0	0.0	0.0	647.1677907154674	0.0
Hbegf	5	18	-	36506635	36506725	0.0	0.0	0.0	0.0	0.0	691.9252417618716	538.4628323528211	36.24035538929156	1092.0728704710766	1646.0270190920571	702.9114965438586	0.0	140.7756235956665	0.0	357.3320952123962	438.2595672228255	0.0	602.4672947857313	0.0	0.0	0.0	0.0	0.0	0.0	0.0	225.09549042882983	0.0	31.174499259605643	0.0	0.0	0.0	879.377744212163	0.0	0.0	2146.845324951179	126.56160860416179	0.0	0.0	0.0	0.0	0.0	0.0	0.0	0.0	0.0	0.0	0.0	0.0	249.05278964002747	0.0	0.0	0.0	0.0	0.0	0.0	592.1667118047209	0.0	0.0	1010.3026982406018	537.8768603548766	0.0	0.0	2329.198060369809	1746.73031745655	0.0	0.0	0.0	0.0	0.0	0.0	0.0	0.0	0.0	0.0	0.0	0.0	1042.8975471715341	3593.185854511222	0.0	0.0	0.0	0.0	558.8674891182872	0.0
Hbegf	6	18	-	36504929	36506364	0.0	0.0	0.0	0.0	0.0	418.8638647191508	1014.6376727750174	14.548373921231255	942.2151383086068	132.6073066522104	608.5652681760628	40.334636995903985	38.18001926944878	2695.9719329865907	408.0589753610263	317.6790861581832	38.93223464263985	508.31727043057185	0.0	0.0	0.0	0.0	0.0	0.0	0.0	90.85858194154534	0.0	104.97519601459088	45.37692785119124	0.0	0.0	684.3408001032875	0.0	0.0	1262.588245296101	105.53476751304456	0.0	0.0	0.0	0.0	0.0	0.0	0.0	0.0	0.0	0.0	0.0	0.0	241.6290680580196	0.0	79.36038072196054	0.0	0.0	0.0	0.0	501.77870360617413	0.0	0.0	587.1982098274146	65.74659719898061	0.0	0.0	1566.3719897762642	1463.2617020387572	0.0	0.0	0.0	78.84231844259759	0.0	0.0	332.47116645960034	0.0	402.4771337486056	0.0	0.0	0.0	789.6405651731675	989.5151120630982	0.0	0.0	0.0	0.0	438.5044121583458	0.0
Hbp1	1a	12	-	31950234	31950535	0.0	3.1674183825899833	0.0	0.0	0.0	0.0	0.0	0.0	0.0	0.0	0.0	0.0	0.0	0.0	0.0	0.0	0.0	0.0	0.0	0.0	0.0	0.0	0.0	0.0	0.0	0.0	0.0	0.0	0.0	0.0	0.0	0.0	0.0	0.0	0.0	0.0	0.0	0.0	0.0	0.0	0.0	0.0	0.0	0.0	0.0	0.0	0.0	0.0	91.93260885690955	0.0	0.0	0.0	0.0	0.0	0.0	0.0	0.0	0.0	0.0	0.0	0.0	0.0	0.0	0.0	0.0	0.0	0.0	0.0	0.0	0.0	0.0	0.0	0.0	0.0	0.0	0.0	0.0	0.0	0.0	0.0	0.0	0.0	0.0	0.0
Hbp1	1b	12	-	31950223	31950234	0.0	177.2745144309115	0.0	0.0	0.0	0.0	0.0	0.0	0.0	0.0	0.0	0.0	0.0	0.0	0.0	0.0	0.0	0.0	0.0	0.0	0.0	0.0	0.0	0.0	0.0	0.0	0.0	0.0	0.0	0.0	0.0	0.0	0.0	0.0	0.0	0.0	0.0	0.0	0.0	0.0	0.0	0.0	0.0	0.0	0.0	0.0	0.0	0.0	557.6553374107848	0.0	0.0	0.0	0.0	0.0	0.0	0.0	0.0	0.0	0.0	0.0	0.0	0.0	0.0	0.0	0.0	0.0	0.0	0.0	0.0	0.0	0.0	0.0	0.0	0.0	0.0	0.0	0.0	0.0	0.0	0.0	0.0	0.0	0.0	0.0
Hbp1	1c	12	-	31950221	31950223	0.0	188.59406038583185	0.0	0.0	0.0	169.1976908775085	0.0	0.0	0.0	0.0	0.0	0.0	0.0	0.0	0.0	0.0	0.0	0.0	0.0	0.0	0.0	0.0	0.0	0.0	0.0	0.0	0.0	0.0	0.0	0.0	0.0	0.0	0.0	0.0	0.0	0.0	0.0	0.0	0.0	0.0	0.0	0.0	0.0	0.0	0.0	0.0	0.0	0.0	633.081272408561	0.0	0.0	81.10905357512473	0.0	0.0	0.0	0.0	0.0	0.0	0.0	0.0	0.0	0.0	132.55410009662904	0.0	0.0	0.0	0.0	0.0	0.0	0.0	0.0	0.0	0.0	0.0	0.0	0.0	0.0	0.0	0.0	0.0	0.0	0.0	0.0	0.0
Hbp1	1d	12	-	31950210	31950221	0.0	195.6862589673921	21.756359184721177	0.0	0.0	350.792106857488	0.0	0.0	0.0	0.0	0.0	0.0	0.0	23.98105664224959	0.0	81.12069112046821	111.13667888624573	147.77566609805493	0.0	0.0	0.0	0.0	0.0	0.0	0.0	80.45090172664675	0.0	0.0	0.0	0.0	268.0465970738913	0.0	0.0	0.0	173.28098263202776	0.0	0.0	0.0	0.0	0.0	0.0	0.0	0.0	0.0	0.0	0.0	0.0	0.0	783.6987581414946	0.0	0.0	452.82276743593224	0.0	7.5136612021857925	0.0	0.0	0.0	0.0	0.0	0.0	0.0	0.0	227.67609505151398	0.0	0.0	0.0	0.0	0.0	0.0	0.0	0.0	0.0	0.0	0.0	0.0	0.0	0.0	0.0	0.0	0.0	0.0	0.0	0.0	0.0
Hbp1	1e	12	-	31950196	31950210	0.0	212.23472232436615	23.734210019695823	0.0	0.0	402.2367819977227	0.0	0.0	0.0	0.0	0.0	0.0	0.0	26.161152700635917	0.0	112.31729596550542	121.2400133304499	185.19733695844138	0.0	0.0	0.0	0.0	0.0	0.0	0.0	101.94901722855339	0.0	0.0	0.0	0.0	372.61535925946595	0.0	0.0	0.0	236.62034661489352	0.0	0.0	0.0	0.0	0.0	0.0	0.0	0.0	0.0	0.0	0.0	0.0	0.0	867.3227643338131	0.0	0.0	575.6853309558832	0.0	11.033600744099525	0.0	0.0	0.0	0.0	0.0	0.0	0.0	0.0	300.3647966429638	0.0	0.0	0.0	0.0	0.0	0.0	0.0	0.0	0.0	0.0	0.0	0.0	0.0	0.0	0.0	0.0	0.0	0.0	0.0	0.0	0.0
Hbp1	1f	12	-	31950170	31950196	0.0	16.246438585624176	1.7580896310885799	0.0	0.0	30.35568843096694	0.0	0.0	0.0	0.0	0.0	0.0	0.0	1.9378631630100678	0.0	8.670031729867576	8.980741728181473	14.804040545209824	0.0	0.0	0.0	0.0	0.0	0.0	0.0	7.551779053966918	0.0	0.0	0.0	0.0	28.636016878751235	0.0	0.0	0.0	18.83338302018107	0.0	0.0	0.0	0.0	0.0	0.0	0.0	0.0	0.0	0.0	0.0	0.0	0.0	65.46015613709747	0.0	0.0	46.72663888778923	0.0	22.38111847459598	0.0	0.0	0.0	0.0	0.0	0.0	0.0	0.0	23.580125904907398	0.0	0.0	0.0	0.0	0.0	0.0	0.0	0.0	0.0	0.0	0.0	0.0	0.0	0.0	0.0	0.0	0.0	0.0	0.0	0.0	0.0
Hbp1	1g	12	-	31950131	31950170	0.0	0.0	0.0	0.0	0.0	0.0	0.0	0.0	0.0	0.0	0.0	0.0	0.0	0.0	0.0	0.0	0.0	0.0	0.0	0.0	0.0	0.0	0.0	0.0	0.0	0.0	0.0	0.0	0.0	0.0	0.0	0.0	0.0	0.0	0.0	0.0	0.0	0.0	0.0	0.0	0.0	0.0	0.0	4.909975205035284	0.0	0.0	0.0	0.0	0.0	0.0	0.0	0.0	0.0	34.557656714964004	0.0	0.0	0.0	0.0	0.0	0.0	0.0	0.0	0.0	0.0	0.0	0.0	0.0	0.0	0.0	0.0	0.0	0.0	0.0	0.0	0.0	0.0	0.0	0.0	0.0	0.0	0.0	0.0	0.0	0.0
Hbp1	1h	12	-	31950105	31950131	0.0	0.0	0.0	0.0	0.0	0.0	0.0	0.0	0.0	0.0	0.0	0.0	0.0	0.0	0.0	0.0	0.0	0.0	0.0	0.0	0.0	0.0	0.0	0.0	0.0	0.0	0.0	0.0	0.0	0.0	0.0	0.0	0.0	0.0	0.0	0.0	0.0	0.0	0.0	0.0	0.0	0.0	0.0	3.637018670396507	0.0	0.0	0.0	0.0	0.0	0.0	0.0	0.0	0.0	42.028425355945416	0.0	0.0	0.0	0.0	0.0	0.0	0.0	0.0	0.0	0.0	0.0	0.0	0.0	0.0	0.0	0.0	0.0	0.0	0.0	0.0	0.0	0.0	0.0	0.0	0.0	0.0	0.0	0.0	0.0	0.0
Hbp1	2	12	-	31949575	31949608	0.0	0.0	0.0	0.0	0.0	0.0	0.0	0.0	0.0	0.0	0.0	0.0	0.0	0.0	0.0	0.0	0.0	0.0	0.0	0.0	0.0	0.0	0.0	0.0	0.0	0.0	0.0	0.0	0.0	0.0	0.0	0.0	0.0	0.0	0.0	0.0	0.0	0.0	0.0	0.0	0.0	0.0	0.0	0.0	0.0	0.0	0.0	0.0	0.0	0.0	0.0	0.0	0.0	0.0	0.0	0.0	0.0	0.0	0.0	0.0	0.0	0.0	0.0	0.0	0.0	0.0	0.0	0.0	0.0	0.0	0.0	0.0	0.0	0.0	0.0	0.0	0.0	0.0	0.0	0.0	0.0	0.0	0.0	0.0
Hbp1	3	12	-	31943829	31944012	0.0	608.3807877649621	59.51005781697101	0.0	0.0	1079.110833623907	0.0	0.0	0.0	0.0	0.0	0.0	140.89092563083065	38.36997607389177	0.0	281.1576328131586	239.93861294295152	529.5928714530131	0.0	0.0	0.0	0.0	0.0	0.0	0.0	322.4913824601433	0.0	0.0	3.93154486586494	0.0	1098.8246956918244	0.0	0.0	0.0	983.9606888972273	0.0	0.0	0.0	0.0	0.0	0.0	0.0	0.0	118.59730224476837	0.0	0.0	124.20522411778636	0.0	1509.8482016867624	0.0	0.0	1576.993515789281	0.0	0.0	0.0	0.0	0.0	0.0	0.0	0.0	0.0	0.0	764.2406454756873	0.0	0.0	0.0	0.0	0.0	0.0	0.0	0.0	0.0	0.0	0.0	0.0	0.0	0.0	0.0	0.0	0.0	0.0	0.0	0.0	0.0
Hbp1	4a	12	-	31940407	31940506	0.0	585.1793459842435	62.27645208607417	0.0	0.0	1123.0262337587067	0.0	0.0	0.0	0.0	0.0	0.0	0.0	36.40618955512572	0.0	390.72259383759973	198.97466637408584	476.8222324984646	0.0	0.0	0.0	0.0	0.0	0.0	0.0	213.89286151386116	0.0	0.0	2.8368794326241136	0.0	980.8559160229088	0.0	0.0	6.028368794326241	1131.0998013257422	0.0	0.0	0.0	0.0	0.0	0.0	0.0	0.0	102.52791970648295	0.0	0.0	717.0132496829141	0.0	1569.9282836896737	0.0	0.0	1861.335630785765	0.0	0.0	0.0	0.0	0.0	0.0	0.0	0.0	0.0	0.0	937.7200403347855	0.0	0.0	0.0	0.0	0.0	0.0	0.0	0.0	0.0	0.0	0.0	0.0	0.0	0.0	0.0	0.0	0.0	0.0	0.0	0.0	0.0
Hbp1	4b	12	-	31940278	31940407	0.0	450.5855991484675	57.22196243472839	0.0	0.0	1069.3340001399042	0.0	1.4729950900163666	0.0	0.0	0.0	0.0	0.0	84.41005802707929	0.0	291.8493956564372	249.11346323684646	353.81787449391385	0.0	0.0	0.0	0.0	0.0	0.0	0.0	280.9372232926022	0.0	0.0	0.0	0.0	929.6283085726639	0.0	0.0	3.1642116748499722	968.204413429918	0.0	0.0	0.0	0.0	0.0	0.0	0.0	0.0	55.34740082612423	0.0	0.0	687.2331099987489	0.0	1163.6817800242043	0.0	0.0	1487.813005282223	0.0	0.0	0.0	0.0	0.0	0.0	0.0	0.0	0.0	0.0	859.2116034237752	0.0	3.8188761593016913	0.0	0.0	0.0	0.0	0.0	0.0	0.0	0.0	0.0	0.0	0.0	0.0	0.0	0.0	0.0	0.0	0.0	0.0	0.0
Hbp1	4c	12	-	31939751	31940278	0.0	1.5150843688719098	0.16118633139909733	0.0	0.0	3.337189439419241	0.0	0.026864388566516226	0.0	0.0	0.0	0.0	0.0	0.13432194283258111	0.0	0.8105200909156061	0.9290852585138984	1.2304441432976538	0.0	0.0	0.0	0.0	0.0	0.0	0.0	101.14750736049157	0.0	0.0	0.0	0.0	395.7980647973211	0.0	0.0	3.8399628065281557	3.42565436223976	0.0	0.0	0.0	0.0	0.0	0.0	0.0	0.0	0.08059316569954868	0.0	0.0	2.633441576144171	0.0	4.4694509819843455	0.0	0.0	5.134597203981172	0.0	0.0	0.0	0.0	0.0	0.0	0.0	0.0	0.0	0.0	2.8484234355566524	0.0	0.9805501826778422	0.0	0.0	0.0	0.0	0.0	0.0	0.0	0.0	0.0	0.0	0.0	0.0	0.0	0.0	0.0	0.0	0.0	0.0	0.0
Hbp1	5	12	-	31937618	31937759	0.0	600.5223087426383	109.43732278187042	0.0	0.0	1297.4624319275783	0.0	5.7436819498551595	0.0	0.0	0.0	0.0	0.0	57.321006228309116	0.0	323.9352795554394	296.4912652895882	338.4380980592442	0.0	0.0	0.0	0.0	0.0	0.0	0.0	0.0	0.0	0.0	6.742583158525623	0.0	0.0	0.0	0.0	0.0	1432.8311096112245	0.0	0.0	0.0	0.0	0.0	0.0	0.0	0.0	83.402129165451	0.0	0.0	1085.917456641498	0.0	1593.0867571967763	0.0	5.946199310150211	1604.7989776319093	0.0	0.0	0.0	0.0	0.0	0.0	333.81064126916107	0.0	0.0	0.0	1176.2261704712878	0.0	0.0	0.0	0.0	0.0	3.1554819096150752	0.0	0.0	0.0	0.0	0.0	0.0	0.0	0.0	0.0	0.0	0.0	0.0	0.0	0.0	0.0
Hbp1	6	12	-	31937170	31937281	0.0	582.3266768821513	44.36776635613311	0.0	0.0	1211.5264875942703	0.0	0.0	0.0	0.0	0.0	0.6332320162107397	0.0	91.59963363913425	0.0	338.48513980010705	218.1093562274891	386.96345323754423	0.0	0.0	0.0	0.0	0.0	0.0	0.0	0.0	0.0	34.1798802451348	0.44326241134751776	0.0	0.0	0.0	0.0	0.0	1109.416079291975	0.0	0.0	0.0	0.0	0.0	0.0	0.0	0.0	83.9340945827793	0.0	0.0	931.5688569803131	0.0	1492.8228584817475	0.0	0.0	1762.5815914868244	0.0	0.0	0.0	0.0	0.0	0.0	357.8146327296066	0.0	0.0	0.0	865.7020917729257	0.0	0.0	0.0	0.0	0.0	0.0	0.0	0.0	0.0	0.0	0.0	0.0	0.0	0.0	0.0	0.0	0.0	0.0	0.0	0.0	0.0
Hbp1	7a	12	-	31937045	31937084	0.0	645.3401264785521	42.5478186116484	0.0	0.0	1144.9880145002257	0.0	0.0	0.0	0.0	0.0	7.092198581560284	0.0	17.793043758584925	0.0	393.2017654617957	0.0	430.5401625868215	0.0	0.0	0.0	0.0	0.0	0.0	0.0	0.0	0.0	0.0	0.0	0.0	0.0	0.0	0.0	0.0	1061.526807561155	0.0	0.0	0.0	0.0	0.0	0.0	0.0	0.0	58.663342881925466	0.0	0.0	808.4294143736283	0.0	1426.2650583927052	0.0	0.0	1690.9824925517519	0.0	0.0	0.0	0.0	0.0	0.0	366.1580974660835	0.0	0.0	0.0	667.1959039240982	0.0	0.0	0.0	0.0	0.0	0.0	0.0	0.0	0.0	0.0	0.0	0.0	0.0	0.0	0.0	0.0	0.0	0.0	0.0	0.0	0.0
Hbp1	7b	12	-	31936972	31937045	0.0	535.2467513599872	40.1571784550508	0.0	0.0	1039.6453039073913	0.0	0.0	0.0	0.0	0.0	7.092198581560283	0.0	21.712234478191924	0.0	384.8946085052214	0.0	350.2326003253307	0.0	0.0	0.0	0.0	0.0	0.0	0.0	0.0	0.0	0.0	0.0	0.0	0.0	0.0	0.0	0.0	999.9568263417594	0.0	324.24075944101816	0.0	0.0	0.0	0.0	0.0	0.0	80.3907623581745	0.0	0.0	803.3364943896071	0.0	1401.2411623508976	0.0	0.0	1491.3464602243223	0.0	0.0	0.0	0.0	0.0	0.0	356.28891429022946	0.0	0.0	0.0	723.038566728911	0.0	0.0	0.0	0.0	0.0	0.0	0.0	0.0	0.0	0.0	0.0	0.0	0.0	0.0	0.0	0.0	0.0	0.0	0.0	0.0	0.0
Hbp1	7c	12	-	31936459	31936972	0.0	1.6949420085479112	0.1655766205811739	0.0	0.0	325.14446247926196	0.0	0.0	0.0	0.0	0.0	0.027596103430195657	0.0	0.14266479891221176	0.0	1.2617929955744376	19.65625881573266	1.5895211500188184	0.0	0.0	0.0	0.0	0.0	0.0	0.0	0.0	0.0	0.0	0.0	0.0	0.0	0.0	0.0	0.0	3.2189431830205706	0.0	1.967178346069349	0.0	0.0	0.0	0.0	0.0	0.0	0.4750811943974201	0.0	0.0	2.750443426211537	0.0	5.2007470332594625	0.0	0.0	5.181880041184268	0.0	0.0	0.0	0.0	0.0	0.0	1.1829245010058451	0.0	0.0	0.0	2.9910874653829045	0.0	0.0	0.0	0.0	0.0	0.0	0.0	0.0	0.0	0.0	0.0	0.0	0.0	0.0	0.0	0.0	0.0	0.0	0.0	0.0	0.0
Hbp1	8a	12	-	31934441	31934803	0.0	0.0	0.0	0.0	0.0	321.14127049058	0.0	0.0	0.0	0.0	0.0	0.0	0.0	0.0	0.0	72.56862557491749	251.47164531977793	0.0	0.0	0.0	0.0	0.0	0.0	0.0	0.0	0.0	0.48395502940957486	0.0	0.0	0.0	0.0	0.0	0.0	0.0	0.0	0.0	0.0	0.0	1.5814712784409755	0.0	0.0	0.0	0.0	0.0	0.0	1.2052341597796143	0.0	0.6069944436662464	0.17668298981352987	0.0	0.0	0.2762297817585511	0.0	0.0	0.0	0.0	0.0	0.0	0.0	0.0	0.0	0.0	0.0	0.0	0.0	0.0	0.0	0.0	0.0	0.0	0.0	0.0	0.0	0.0	0.0	0.0	0.0	0.0	0.0	0.0	0.0	0.0	0.0	0.0
Hbp1	8b	12	-	31934342	31934441	0.0	479.346843380316	86.53193793196947	0.0	0.0	1083.0839562385754	0.0	0.0	0.0	0.0	0.0	1.3475177304964538	0.0	37.09778973243069	0.0	422.50240765028127	360.0146617638046	402.5001656968793	0.0	0.0	0.0	0.0	0.0	0.0	0.0	0.0	0.0	0.0	0.0	0.0	0.0	0.0	0.0	0.0	1028.0850464948244	0.0	780.4068060323729	0.0	0.0	0.0	0.0	0.0	0.0	135.33764839946235	0.0	0.0	829.5112928096893	0.0	1698.1856109624125	0.0	0.0	1815.573568982162	0.0	0.0	0.0	0.0	0.0	0.0	375.40106468900757	0.0	0.0	0.0	957.3531001747224	0.0	0.0	0.0	0.0	0.0	0.0	0.0	0.0	0.0	0.0	0.0	0.0	0.0	0.0	0.0	0.0	0.0	0.0	0.0	0.0	0.0
Hbp1	8c	12	-	31934285	31934342	0.0	659.1259629658333	158.17499086837472	0.0	0.0	1354.2995697385957	0.0	0.0	0.0	0.0	0.0	0.0	0.0	31.725615955799398	0.0	432.91438730992786	353.8627238077417	549.6471795753479	0.0	0.0	0.0	0.0	0.0	0.0	0.0	0.0	0.0	0.0	8.804108584005869	0.0	0.0	0.0	0.0	0.0	1434.9833784782065	0.0	1021.4563141457916	0.0	0.0	0.0	0.0	0.0	0.0	128.7036261942138	0.0	0.0	1117.4090307853082	0.0	2107.293543826894	0.0	0.0	2656.962137923222	0.0	0.0	0.0	0.0	0.0	0.0	467.83092792775227	0.0	0.0	0.0	1252.8801187013948	0.0	0.0	0.0	0.0	0.0	0.0	0.0	0.0	0.0	0.0	0.0	0.0	0.0	0.0	0.0	0.0	0.0	0.0	0.0	0.0	0.0
Hbp1	9	12	-	31933357	31933501	0.0	654.2906771857113	134.81362903476236	0.0	0.0	1241.2322735427247	0.0	0.0	0.0	0.0	0.0	0.0	0.0	48.209932995161	0.0	393.1056029851944	364.4888849564254	399.37660358447044	0.0	0.0	0.0	0.0	0.0	0.0	0.0	0.0	0.0	0.0	10.36928344338469	0.0	0.0	0.0	0.0	0.0	1306.3757176244314	0.0	884.6680614874672	0.0	0.0	0.0	0.0	0.0	0.0	96.46675394631747	0.0	0.0	1007.318754719075	0.0	1660.5761625665632	0.0	0.0	2243.2704100929545	0.0	0.0	0.0	0.0	0.0	0.0	0.8787015301959504	0.0	0.0	0.0	1052.5759855159597	0.0	0.0	0.0	0.0	0.0	0.0	0.0	0.0	0.0	0.0	0.0	0.0	0.0	0.0	0.0	0.0	0.0	0.0	0.0	0.0	0.0
Hbp1	10	12	-	31932833	31933031	0.0	0.0	0.0	0.0	0.0	0.0	0.0	0.0	0.0	0.0	0.0	0.0	0.0	0.0	0.0	0.0	0.0	0.0	0.0	0.0	0.0	0.0	0.0	0.0	0.0	0.0	0.0	0.0	0.0	0.0	0.0	0.0	0.0	0.0	0.0	0.0	0.0	0.0	0.0	0.0	0.0	0.0	0.0	0.0	0.0	0.0	0.0	0.0	0.0	0.0	0.0	0.0	0.0	0.0	0.0	0.0	0.0	0.0	0.0	0.0	0.0	0.0	0.0	0.0	0.0	0.0	0.0	0.0	0.0	0.0	0.0	0.0	0.0	0.0	0.0	0.0	0.0	0.0	0.0	0.0	0.0	0.0	0.0	0.0
Hbp1	11a	12	-	31930924	31931005	0.0	554.3777329590944	0.0	0.0	0.0	1196.9002117024052	0.0	0.0	0.0	0.0	0.0	0.0	0.0	70.62741709293991	0.0	356.9012034214994	313.9209196619818	434.24449012086467	0.0	0.0	0.0	0.0	0.0	0.0	0.0	0.0	0.0	0.0	18.595398719944647	0.0	0.0	0.0	0.0	0.0	1317.7580807358997	0.0	974.24386791299	0.0	0.0	0.0	0.0	0.0	0.0	111.24008330025003	0.0	0.0	1012.1731160933745	0.0	1557.0193306502847	0.0	0.0	1773.6605116599915	0.0	0.0	0.0	0.0	0.0	0.0	585.4644240551476	0.0	0.0	0.0	1010.5871369529318	0.0	0.0	0.0	0.0	0.0	0.0	0.0	0.0	0.0	0.0	0.0	0.0	0.0	0.0	0.0	0.0	0.0	0.0	0.0	0.0	0.0
Hbp1	11b	12	-	31930813	31930924	0.0	568.5598277057737	0.0	0.0	0.0	1290.7032500006906	0.0	0.0	357.40758708445895	0.0	0.0	0.0	0.0	102.64201740481359	0.0	824.1045895193909	161.0282507490408	508.66757365206325	0.0	0.0	0.0	0.0	0.0	0.0	0.0	0.0	0.0	0.0	13.551165146909828	0.0	0.0	0.0	0.0	0.0	1476.823236378537	0.0	944.6514153150891	0.0	0.0	0.0	0.0	0.0	0.0	105.41519058936393	0.0	0.0	968.7292826591794	0.0	1597.8946187691636	0.0	0.0	1846.1350168360464	0.0	0.0	0.0	0.0	0.0	0.0	545.0625412248306	0.0	0.0	0.0	1165.6785188782435	0.0	0.0	0.0	0.0	0.0	0.0	0.0	0.0	0.0	0.0	0.0	0.0	0.0	0.0	0.0	0.0	0.0	0.0	0.0	0.0	0.0
Hbp1	11c	12	-	31930682	31930813	0.0	571.5082146278124	1.7417235043134325	0.0	0.0	1576.961960239198	0.0	0.0	1092.95730726458	0.0	0.0	0.0	0.0	114.16833641489463	0.0	1072.26497311422	41.101608927756736	494.89511214551834	0.0	0.0	0.0	0.0	0.0	0.0	0.0	0.0	0.0	0.1074575542660649	9.329402697273023	0.2149151085321298	0.0	0.0	0.0	0.0	1430.7668502098343	0.0	932.5141613656901	0.0	0.0	0.0	0.0	0.0	0.0	127.18559118768883	0.0	0.0	1069.9550179534172	0.0	1231.688823571839	0.0	0.1074575542660649	2025.4573704977981	0.0	0.0	140.6884554704474	0.0	0.0	0.0	578.356041055382	0.0	0.0	0.0	1078.8583748545584	0.0	0.0	0.0	0.24036558191093466	123.51842939954327	0.0	0.0	0.0	0.0	0.0	0.0	0.0	0.0	0.0	0.0	0.0	0.2149151085321298	0.0	0.0	0.0	0.0
Hbp1	11d	12	-	31929383	31930682	0.0	1.2505268558058413	0.06632935409913827	0.0	0.0	2.9801650460606597	0.0	0.0	653.9466655719818	0.0	0.0	16.270371294096993	0.0	0.17465513210194059	154.90948441182093	65.86135517407824	0.02182214948172395	0.7950653337303976	0.0	0.0	0.0	0.0	0.0	0.0	0.0	0.0	0.0	0.010911074740861976	0.5763166557645689	0.02182214948172395	0.0	0.0	0.0	0.0	2.736123318081276	0.0	1.7599993311046085	0.0	0.0	0.0	0.0	0.0	0.0	3.298501825506734	0.0	0.0	1.9325493441292585	0.0	2.756749314525271	0.0	0.010911074740861976	3.8036130903174974	0.0	0.0	1.41970853825077	0.0	0.0	0.0	0.8990254401065791	0.0	0.0	0.0	255.59572690154098	0.0	0.0	0.0	0.024406351394033365	600.4204357275295	0.0	0.0	0.0	0.0	0.0	0.0	0.0	0.0	0.0	0.0	0.0	0.02182214948172395	0.0	0.0	0.0	0.0
Hbp1	12	12	-	31928584	31928725	0.0	967.510643343305	122.68957250135925	0.0	0.0	1652.1822178064424	0.0	0.0	1760.0269801734848	0.0	0.0	548.2713944986772	0.0	123.21268033734322	842.7340106397443	1235.0991572740668	359.1001414976253	581.5843959008905	328.08479495847484	0.0	469.59199370218107	0.0	0.0	0.0	0.0	0.0	0.0	525.1440556275561	710.4536571430042	449.15353890592	0.0	884.370675171425	0.0	0.0	2916.627636523994	0.0	1176.0599356109194	6.592747977225053	0.0	0.0	0.0	0.0	0.0	130.73085966673779	0.0	0.0	1314.3954161296583	4.0954949555488955	2395.3933400927194	0.0	1254.0250817172378	2598.558142536769	49.712379286523046	0.0	1744.23927294254	0.0	438.7723224277187	0.0	661.3622697625531	0.0	0.0	0.0	798.0567880815404	0.0	0.0	67.8308038224463	1425.0252224784165	0.0	0.0	0.0	0.0	0.0	0.0	0.0	0.0	0.0	0.0	0.0	0.0	3056.6673199385673	26.470882029767257	0.0	0.0	0.0
Hbp1	13	12	-	31926254	31927507	0.0	449.98947183025507	45.793662779308846	0.0	0.0	717.6367192134603	0.0	0.0	900.0707491044947	0.0	530.8837067001401	263.954829671523	0.0	37.72296097909915	0.0	592.7325126278427	0.0	296.94027669075365	275.1002428814024	0.0	271.48799380615804	0.0	0.0	0.0	0.0	22.370977024884215	339.64077803606494	86.77679773674396	386.22361347492824	399.7424906531862	0.0	28.37859050680502	0.0	0.8261625911251519	1926.1227509873409	0.0	1052.319766684882	5.015600136595293	0.0	0.0	0.0	0.0	0.0	137.25161607645654	0.0	0.0	564.5523269418368	0.8261625911251519	771.1255858374842	0.0	548.656059494718	2236.2059640802063	33.39483145829608	0.0	1140.4916662569308	0.0	421.0948902972724	0.0	391.0247164032762	0.0	2.498105736128492	0.0	370.72604850526574	0.0	0.0	60.133744584960894	2527.3374375013577	0.0	0.0	0.0	0.0	0.0	0.0	0.0	0.0	0.0	0.0	0.0	0.0	0.0	9.089566238781675	0.0	0.0	0.0
Hbq1a	1	11	+	32300069	32300212	0.0	0.0	0.0	0.0	0.0	0.0	0.0	0.0	0.0	0.0	0.0	361.77283383447144	0.0	0.0	0.0	0.0	0.0	0.0	0.0	0.0	0.0	0.0	0.0	0.0	0.0	0.0	0.0	0.0	0.0	0.0	0.0	0.0	0.0	0.0	0.0	0.0	0.0	0.0	0.0	0.0	0.0	0.0	0.0	0.0	0.0	0.0	0.0	0.0	0.0	0.0	0.0	0.0	0.0	0.0	0.0	0.0	0.0	0.0	0.0	0.0	0.0	0.0	0.0	0.0	0.0	0.0	0.0	0.0	0.0	0.0	0.0	0.0	0.0	0.0	0.0	0.0	0.0	0.0	0.0	0.0	0.0	0.0	0.0	0.0
Hbq1a	2	11	+	32300308	32300512	0.0	0.0	0.0	0.0	0.0	0.0	0.0	0.0	0.0	0.0	0.0	356.90279854893214	0.0	0.0	0.0	0.0	0.0	0.0	0.0	0.0	0.0	0.0	0.0	0.0	0.0	0.0	0.0	0.0	0.0	0.0	0.0	0.0	0.0	0.0	0.0	0.0	0.0	0.0	0.0	0.0	0.0	0.0	0.0	0.0	0.0	0.0	0.0	0.0	0.0	0.0	0.0	0.0	0.0	0.0	0.0	0.0	0.0	0.0	0.0	0.0	0.0	0.0	0.0	0.0	0.0	0.0	0.0	0.0	0.0	0.0	0.0	0.0	0.0	0.0	0.0	0.0	0.0	0.0	0.0	0.0	0.0	0.0	0.0	0.0
Hbq1a	3	11	+	32300619	32300873	0.0	0.0	0.0	0.0	0.0	0.0	0.0	0.0	0.0	0.0	0.0	106.81290949014152	0.0	0.0	0.0	0.0	0.0	0.0	0.0	0.0	0.0	0.0	0.0	0.0	0.0	0.0	0.0	0.0	0.0	0.0	0.0	0.0	0.0	0.0	0.0	0.0	0.0	0.0	0.0	0.0	0.0	0.0	0.0	0.0	0.0	0.0	0.0	0.0	0.0	0.0	0.0	0.0	0.0	0.0	0.0	0.0	0.0	0.0	0.0	0.0	0.0	0.0	0.0	0.0	0.0	0.0	0.0	0.0	0.0	0.0	0.0	0.0	0.0	0.0	0.0	0.0	0.0	0.0	0.0	0.0	0.0	0.0	0.0	0.0
Hbq1b	1a	11	+	32286965	32287001	0.0	0.0	0.0	0.0	0.0	0.0	0.0	0.0	0.0	0.0	0.0	682.5314651782484	0.0	0.0	0.0	0.0	0.0	0.0	0.0	0.0	0.0	0.0	0.0	0.0	0.0	0.0	0.0	0.0	0.0	0.0	0.0	0.0	0.0	0.0	0.0	0.0	0.0	0.0	0.0	0.0	0.0	0.0	0.0	0.0	0.0	0.0	0.0	0.0	0.0	0.0	0.0	0.0	0.0	0.0	0.0	0.0	0.0	0.0	0.0	0.0	0.0	0.0	0.0	0.0	0.0	0.0	0.0	0.0	0.0	0.0	0.0	0.0	0.0	0.0	0.0	0.0	0.0	0.0	0.0	0.0	0.0	0.0	0.0	0.0
Hbq1b	1b	11	+	32287001	32287107	0.0	0.0	0.0	0.0	0.0	0.0	0.0	0.0	0.0	0.0	0.0	264.4935041435274	0.0	0.0	0.0	0.0	0.0	0.0	0.0	0.0	0.0	0.0	0.0	0.0	0.0	0.0	0.0	0.0	0.0	0.0	0.0	0.0	0.0	0.0	0.0	0.0	0.0	0.0	0.0	0.0	0.0	0.0	0.0	0.0	0.0	0.0	0.0	0.0	0.0	0.0	0.0	0.0	0.0	0.0	0.0	0.0	0.0	0.0	0.0	0.0	0.0	0.0	0.0	0.0	0.0	0.0	0.0	0.0	0.0	0.0	0.0	0.0	0.0	0.0	0.0	0.0	0.0	0.0	0.0	0.0	0.0	0.0	0.0	0.0
Hbq1b	2a	11	+	32287203	32287407	0.0	0.0	0.0	0.0	0.0	0.0	0.0	0.0	0.0	0.0	0.0	338.73495840405684	0.0	0.0	0.0	0.0	0.0	0.0	0.0	0.0	0.0	0.0	0.0	0.0	0.0	0.0	0.0	0.0	0.0	0.0	0.0	0.0	0.0	0.0	0.0	0.0	0.0	0.0	0.0	0.0	0.0	0.0	0.0	0.0	0.0	0.0	0.0	0.0	0.0	0.0	0.0	0.0	0.0	0.0	0.0	0.0	0.0	0.0	0.0	0.0	0.0	0.0	0.0	0.0	0.0	0.0	0.0	0.0	0.0	0.0	0.0	0.0	0.0	0.0	0.0	0.0	0.0	0.0	0.0	0.0	0.0	0.0	0.0	0.0
Hbq1b	2b	11	+	32287407	32287514	0.0	0.0	0.0	0.0	0.0	0.0	0.0	0.0	0.0	0.0	0.0	0.8333230539531675	0.0	0.0	0.0	0.0	0.0	0.0	0.0	0.0	0.0	0.0	0.0	0.0	0.0	0.0	0.0	0.0	0.0	0.0	0.0	0.0	0.0	0.0	0.0	0.0	0.0	0.0	0.0	0.0	0.0	0.0	0.0	0.0	0.0	0.0	0.0	0.0	0.0	0.0	0.0	0.0	0.0	0.0	0.0	0.0	0.0	0.0	0.0	0.0	0.0	0.0	0.0	0.0	0.0	0.0	0.0	0.0	0.0	0.0	0.0	0.0	0.0	0.0	0.0	0.0	0.0	0.0	0.0	0.0	0.0	0.0	0.0	0.0
Hbq1b	2c	11	+	32287514	32287727	0.0	0.0	0.0	0.0	0.0	0.0	0.0	0.0	0.0	0.0	0.0	0.5302578378736661	0.0	0.0	0.0	0.0	0.0	0.0	0.0	0.0	0.0	0.0	0.0	0.0	0.0	0.0	0.0	0.0	0.0	0.0	0.0	0.0	0.0	0.0	0.0	0.0	0.0	0.0	0.0	0.0	0.0	0.0	0.0	0.0	0.0	0.0	0.0	0.0	0.0	0.0	0.0	0.0	0.0	0.0	0.0	0.0	0.0	0.0	0.0	0.0	0.0	0.0	0.0	0.0	0.0	0.0	0.0	0.0	0.0	0.0	0.0	0.0	0.0	0.0	0.0	0.0	0.0	0.0	0.0	0.0	0.0	0.0	0.0	0.0
Hbq1b	2d	11	+	32287727	32287784	0.0	0.0	0.0	0.0	0.0	0.0	0.0	0.0	0.0	0.0	0.0	0.0	0.0	0.0	0.0	0.0	0.0	0.0	0.0	0.0	0.0	0.0	0.0	0.0	0.0	0.0	0.0	0.0	0.0	0.0	0.0	0.0	0.0	0.0	0.0	0.0	0.0	0.0	0.0	0.0	0.0	0.0	0.0	0.0	0.0	0.0	0.0	0.0	0.0	0.0	0.0	0.0	0.0	0.0	0.0	0.0	0.0	0.0	0.0	0.0	0.0	0.0	0.0	0.0	0.0	0.0	0.0	0.0	0.0	0.0	0.0	0.0	0.0	0.0	0.0	0.0	0.0	0.0	0.0	0.0	0.0	0.0	0.0	0.0
Hbs1l	1a	10	+	21295979	21296009	-0.0	-3071.4425002000953	-0.0	-32211.935309611312	-0.0	-0.0	-0.0	-0.0	-0.0	-0.0	-0.0	-0.0	-0.0	-0.0	-0.0	-0.0	-59.78059903858005	-878.298054013496	-0.0	-0.0	-0.0	-0.0	-0.0	-0.0	-0.0	-0.0	-0.0	-356.182228710221	-2003.792979621151	-0.0	-0.0	-0.0	-0.0	-0.0	-0.0	-0.0	-0.0	-0.0	-0.0	-0.0	-0.0	-0.0	-0.0	-0.0	-0.0	-0.0	-0.0	-0.0	-0.0	-0.0	-0.0	-0.0	-0.0	-0.0	-0.0	-0.0	-0.0	-2057.324138602095	-935.6086720626199	-0.0	-0.0	-0.0	-0.0	-0.0	-0.0	-0.0	-0.0	-1898.0121022093224	-0.0	-0.0	-0.0	-0.0	-284.5089471058274	-0.0	-0.0	-0.0	-469.27007527111977	-0.0	-0.0	-0.0	-0.0	-0.0	-0.0	-0.0
Hbs1l	1b	10	+	21296009	21296018	0.0	601.5829579007423	0.0	4854.281962360551	0.0	182.50181934018354	0.0	0.0	210.56122409398478	0.0	0.0	85.68063824765507	0.0	0.0	136.39963892858006	42.3275049752395	98.26491777135402	236.59755068467425	0.0	316.8875892133444	0.0	0.0	0.0	0.0	0.0	45.52227946321317	0.0	78.89935261238864	395.6925523547281	293.34409802443935	138.46049364624474	0.0	307.81667653954804	0.0	0.0	0.0	0.0	0.0	0.0	0.0	0.0	12.275742862012754	0.0	0.0	0.0	0.0	0.0	12.216742202079446	0.0	500.3764864704313	19.258310860053147	0.0	13.760504201680673	57.555336441626764	0.0	14.124994832973591	192.14064139402717	354.0640922361577	235.27466688250868	0.0	48.36162229057982	0.0	127.0264623984222	42.20962198935056	0.0	85.36341799504959	0.0	869.183412203674	82.84906675041628	0.0	0.0	0.0	476.1628189511008	0.0	162.4603331762684	0.0	121.68441124492705	0.0	0.0	0.0	0.0	0.0	0.0	0.0
Hbs1l	1c	10	+	21296018	21296030	0.0	738.9002616201676	0.0	5129.668510027626	426.09642557123664	192.01808070767626	0.0	0.0	351.48001570201006	96.71393171430947	77.98792389677237	286.9635978802026	0.0	0.0	143.19777073968544	47.030561083599444	204.18547168328797	455.9772572377912	50.315859045671154	329.41403526340235	0.0	171.19450220008133	0.0	0.0	0.0	113.95633663020153	0.0	288.31995365967197	633.9427817199573	455.663285350664	393.33413715800003	0.0	410.44881436478204	0.0	0.0	0.0	0.0	0.0	0.0	0.0	0.0	54.01243256241021	0.0	0.0	6.405606579696236	24.393337831139178	0.0	26.710590655006698	0.0	628.8088775608962	128.90958454117592	0.0	15.289449112978524	119.27600604808744	0.0	47.083316109911976	526.4889308298261	450.5704037143863	332.55802988086424	29.544427291210933	875.9045791438645	0.0	240.76197774212307	145.0631698608467	0.0	315.66077372365925	0.0	1259.6383468803488	308.0407094136813	0.0	0.0	0.0	557.9187903925485	0.0	218.33654040861964	0.0	139.286950549594	0.0	0.0	0.0	0.0	0.0	171.98614800941857	0.0
Hbs1l	1d	10	+	21296030	21296033	0.0	869.8189186866966	0.0	5362.188711785716	522.5790622084298	222.2963131135683	0.0	0.0	452.6948461353603	283.50987648125636	215.22240848785358	305.08998288664793	0.0	0.0	159.15521754819608	50.5766603743796	209.50462061945822	510.485458679955	117.22426385701705	366.23891251381133	0.0	397.6180713787324	0.0	0.0	0.0	127.1990041281882	0.0	312.4677801045014	793.9581816142155	512.5651844790666	414.3276625674227	245.43470461960183	474.005824730303	0.0	0.0	0.0	0.0	0.0	0.0	0.0	0.0	79.92623507195738	0.0	0.0	17.046278833599306	66.96877765174203	0.0	33.76775367547248	0.0	811.8583322949464	191.32632215598144	0.0	15.289449112978524	184.98800806605138	4.065040650406504	55.60604338263926	883.9142486494782	524.4875707953586	447.9877608872093	60.78119257516812	1476.6130717330866	0.0	272.81325979340505	210.7268743059825	0.0	404.1949374551462	0.0	1626.572214746639	634.1346210249302	0.0	0.0	0.0	618.2380579273572	0.0	260.92772581895406	0.0	151.01635589602068	0.0	0.0	0.0	0.0	0.0	294.66656621375796	0.0
Hbs1l	1e	10	+	21296033	21296038	0.0	896.5947387221579	0.0	5583.547716746733	579.5474818524815	236.48071027668885	0.0	0.0	467.47025984694426	292.77598810629496	245.98059828859655	308.636082177428	0.0	3.5460992907801416	168.0204657751464	54.122759665159734	217.1878357494818	535.921237031887	138.45091454126438	376.8772103861517	0.0	412.98450163877965	0.0	0.0	0.0	141.71615850767046	0.0	334.92640894610895	820.9448348783019	542.707028450698	428.51205973054317	263.0012392121622	503.57353834056994	0.0	0.0	0.0	0.0	0.0	0.0	0.0	0.0	83.47233436273754	0.0	0.0	110.21595272415637	83.51724100871601	0.0	52.72249869404729	0.0	886.3570755055562	198.4438500181902	0.0	15.289449112978525	197.39935558378187	379.242423805467	65.64119707786489	1017.3242810493618	557.0456526308736	506.7240542995727	75.91675699597191	1663.0382393485722	0.0	300.26148456489693	252.98211530397003	0.0	433.42315699736696	0.0	1747.4416239204504	654.8202002211476	0.0	0.0	0.0	935.5295636493125	0.0	286.1232362039592	0.0	165.2007530591412	0.0	0.0	0.0	0.0	0.0	316.4078309742281	0.0
Hbs1l	1f	10	+	21296038	21296058	0.0	991.3600207214824	0.0	5802.420282990908	664.2590073734775	293.36813411047166	0.0	0.0	523.8701247574475	315.8103428545046	343.7421072356252	333.27140993138005	0.0	7.092198581560283	176.63242119561252	54.122759665159734	262.9935909408007	598.2390370472101	182.22278989839594	362.767862943471	0.0	490.97801690433135	0.0	0.0	0.0	171.3701038655983	0.0	392.50830695353875	912.5392461392045	579.1659441880597	463.9134543309366	305.0828626037857	605.6258595418273	0.0	0.0	0.0	0.0	0.0	0.0	0.0	0.0	99.68307397773246	0.0	0.0	126.25783046816177	88.07651152543333	0.0	62.18720656301046	0.0	1058.0357256076861	244.99927079023666	0.0	15.289449112978522	207.42492609567455	470.09723628167546	72.41996858953094	1464.3194924591708	615.3799847270509	621.7814343279841	92.3502574976724	1881.0322658790378	0.0	344.5067459328598	303.97840034280824	0.0	468.4018609642848	0.0	1961.228484153843	782.4144893488981	0.0	0.0	0.0	1039.9454746809513	0.0	319.78053555987174	0.0	185.29531570689534	0.0	0.0	0.0	0.0	0.0	392.27395756670904	0.0
Hbs1l	1g	10	+	21296058	21296176	0.0	913.460079118145	0.0	4921.935541503897	765.6904920574169	380.1557639210439	0.0	0.0	698.2170878608749	455.7825792056144	451.7609659405558	279.9381314811406	0.0	7.092198581560283	197.61177419258308	66.23329588765638	354.14424604177213	664.9784037364826	324.04668243227997	426.796859444321	0.0	652.3582897824193	0.0	0.0	0.0	237.24795046521206	0.0	582.7283357157806	990.8171398891667	638.479928377327	514.9073516144183	442.2956923324709	751.1985795584604	0.0	0.0	0.0	0.0	19.309851600214554	0.0	0.0	0.0	145.3272802341626	0.0	0.0	149.8766728116939	129.51334840480575	0.0	65.68914605537068	0.0	1418.2333429535981	341.2381358819681	0.0	10.768032703277388	314.6276105787347	702.1189631999822	105.30181403444928	2124.5130411072273	684.6507914201491	718.9839861739368	150.22670585768796	2543.5288123520027	0.0	427.48399981256375	489.04763275815776	0.0	716.8537902678228	0.0	2050.957354974513	1113.770325943149	0.0	0.0	0.0	1449.7604349387825	0.0	477.4359425091127	0.0	176.69957036891137	0.0	0.0	0.0	0.0	0.0	547.4334133749592	0.0
Hbs1l	2a	10	+	21299178	21299225	0.0	466.12525231329636	0.0	0.0	732.9509597021558	359.29951350553904	0.0	0.0	877.8056883279028	663.8566470239385	451.93416935901604	82.22210446701665	7.47757792888304	8.154972982100642	230.02104013250627	95.55275279666591	350.4615889309748	575.3853749456796	442.82865813809246	622.4390604303626	0.0	659.0033986974047	0.0	0.0	0.0	246.35865163787966	0.0	611.1961053866843	735.5686513989109	585.3424057305015	507.4744774261758	414.28881615287213	769.9701414307674	0.0	0.0	0.0	0.0	0.0	0.0	0.0	0.0	194.4281288244828	0.0	0.0	52.85048219445384	93.82589088887879	0.0	64.02353345289465	0.0	1168.0829322242196	365.62950452761544	0.0	0.0	424.67184613631144	708.053903822269	91.39942234720804	2556.4999085278814	985.9977258028648	543.6042005097927	210.81179623253564	2859.708041811023	0.0	504.38599504094395	606.0001002351322	0.0	923.6008157922034	0.0	1743.4943211116047	1046.9307656241183	0.0	0.0	0.0	1770.009020512117	0.0	647.4934619709101	0.0	146.91994491803237	0.0	0.0	0.0	0.0	0.0	588.4411322066146	0.0
Hbs1l	2b	10	+	21299225	21299243	0.0	532.753687612216	0.0	0.0	973.4269932546291	435.97376556503093	0.0	0.0	1124.0023198463489	990.2661763877137	588.335143567544	34.47622008652243	17.40147693207575	14.235055724417425	317.6316601960904	116.6922570739197	455.1264879055616	763.5396887329866	588.9274442334411	810.3379733427327	0.0	922.2415068282545	0.0	0.0	0.0	273.585946319851	0.0	768.9760765841311	947.9965522210252	802.3623544163336	698.9895908715463	633.8168333359007	1233.4364857349885	0.0	0.0	0.0	0.0	0.0	0.0	0.0	0.0	365.34933860272537	0.0	0.0	112.02933456572877	99.35560135133959	0.0	70.70633950590248	0.0	1546.4687212851113	523.26471364395	0.0	0.0	570.7011301868856	925.8975562014914	122.52235571362439	3206.326487109858	1398.2535006535231	766.6075453574225	224.05105299567262	2807.9662662819583	0.0	727.2269167619419	967.2267978041127	0.0	1232.3199198972832	0.0	2474.8181550715667	1291.1674435266557	0.0	0.0	4.048476769817732	2289.273234049727	0.0	924.5827203580192	0.0	273.55752525601355	0.0	0.0	0.0	0.0	0.0	792.129306876411	0.0
Hbs1l	3	10	+	21304530	21304643	0.0	288.4893719250386	0.0	0.0	1194.5739443404614	504.3694533422666	0.0	0.0	1294.6839400925742	1109.80577679662	765.2125029204528	4.121983125342588	19.51476996212107	50.31017259460708	441.93670634896176	157.14866669497115	614.6647739645277	831.6701589580445	584.4519221783553	885.6160485541471	0.0	1161.4794417539836	0.0	0.0	0.0	297.11727501397013	0.0	868.8877623204095	1006.6806761364548	1024.6083836177463	877.6218797208498	739.634928797016	1586.2616026744263	0.0	0.0	0.0	0.0	0.0	0.0	0.0	0.0	643.953396309189	0.0	0.0	134.32107344306394	142.40181666488888	0.0	84.30595215227383	0.0	1843.2389483844631	557.6055147042649	0.0	0.0	576.2640333656994	965.7857829394134	110.52227193333445	3482.1223483770987	1402.2586304276042	982.049130003221	248.3969216491553	3419.8656590906994	0.0	863.4194277950875	1073.481443201455	0.0	1384.6232270206178	0.0	3115.248782450596	1564.9319169876226	0.0	0.0	3687.9919808374225	2537.0623824038653	0.0	937.5419632252471	8.906882591093117	415.3657952371707	0.0	0.0	0.0	0.0	0.0	1013.6050202503866	0.0
Hbs1l	4	10	+	21307585	21307779	0.0	280.32316064540794	0.0	0.0	1349.428157709146	594.5404429754801	0.0	0.0	1271.5488587772657	757.6334914993388	704.6840250408721	0.0	8.146935806510275	18.912529550827422	438.2350310582963	153.90848723852454	555.5804712671846	663.5667010417147	487.4388211481394	815.3738736569917	0.0	1074.0660498719785	0.0	3.7825059101654843	0.0	378.36746131545743	0.0	747.4371503479047	917.7692547051269	785.1695885620104	816.7499721520492	736.7041240750577	1494.4609817823798	0.0	0.0	0.0	0.0	0.0	0.0	0.0	0.0	615.0543805201995	0.0	0.0	74.2807783233315	167.1246687806001	0.0	93.46985807205517	0.0	1502.6792204238757	540.5450064900032	0.0	6.619385342789597	414.44769569855464	1052.0622328162328	182.77293255129138	3420.7455642885843	1258.036426581012	706.2318038540944	0.0	3107.6521372003463	0.0	847.8112332553779	916.8016962565797	0.0	1244.1606050193693	0.0	2878.7676480560654	1492.9292334502381	0.0	0.0	0.0	2300.6382687030814	0.0	754.8228002002453	0.0	349.7970345601338	0.0	0.0	0.0	14.159215328076156	0.0	948.0160188196788	0.0
Hbs1l	5a	10	+	21309099	21309314	0.0	311.27416783072204	0.0	0.0	1306.981995212466	0.0	0.0	0.0	0.0	0.0	0.0	0.0	9.324927764644075	22.286079521142536	397.49163350349204	0.0	109.90930931160247	0.0	0.0	0.0	0.0	0.06661337596589395	0.0	0.0	0.0	0.0	0.0	0.0	0.0	0.0	0.0	0.06566850538481744	542.7608425729337	0.0	0.0	0.0	0.0	0.0	0.0	0.0	0.0	0.0	0.0	0.0	51.02109510758425	0.0	0.0	0.0	0.0	0.06709608158883522	446.8622307810242	0.0	0.0	0.0	0.0992063492063492	0.0	0.0	314.6417337535417	0.0	0.0	1364.9571437034665	0.0	0.0	0.0	0.0	0.0	0.0	0.0	451.5365512699611	0.0	0.0	0.0	0.0	0.0	893.7563258288492	0.0	0.0	0.0	0.0	0.0	0.0	0.0	1100.1642717876366	0.0
Hbs1l	5b	10	+	21309314	21309743	0.0	258.8106084465911	0.0	0.0	1153.5791091273022	0.0	0.0	0.0	0.0	0.0	0.0	0.0	0.0	0.1673080140538732	0.4397924878044908	0.0	0.0	0.0	0.0	0.0	0.0	0.0	0.0	0.0	0.0	0.0	0.0	0.12742911755336092	0.0	0.0	0.0	0.0	0.43737397578162174	0.0	0.0	0.0	0.0	0.0	0.0	0.0	0.0	0.0	0.0	0.0	0.0	0.0	0.0	0.0	0.0	0.0	360.92077059315017	0.0	0.0	0.0	0.0	0.0	0.0	0.504550939551776	0.0	0.0	2.9600512053548114	0.0	0.0	0.0	0.0	0.0	0.0	0.0	0.2581307668701502	0.0	0.0	0.0	0.0	0.0	0.6097861203852049	0.0	0.0	0.0	0.0	0.0	0.0	0.0	312.72110315694067	0.0
Hbs1l	5c	10	+	21309743	21311206	0.0	307.3245017191614	0.0	0.0	1023.9883899399174	0.0	0.0	0.0	0.0	0.0	0.0	0.0	4.815331550594892	0.0	0.0	0.0	0.0	0.0	0.0	0.0	0.0	0.0	0.0	0.0	0.0	0.0	0.0	1.3522506409204833	0.0	0.0	0.0	0.0	0.0	0.0	0.0	0.0	110.63930999891578	0.0	0.0	0.0	0.0	0.0	0.0	0.0	0.0	0.0	0.0	0.0	0.0	0.0	373.52866284348033	0.0	0.0	0.0	0.0	0.0	0.0	0.0	0.0	0.0	0.0	0.0	0.0	0.0	0.0	0.0	0.0	0.0	0.0	0.0	0.0	0.0	0.0	0.0	0.0	0.0	0.0	0.0	0.0	0.0	0.0	0.0	0.0	0.0
Hbs1l	5d	10	+	21311206	21311209	0.0	280.2438899943874	0.0	0.0	739.8131666024345	0.0	0.0	0.0	0.0	0.0	0.0	0.0	0.0	0.0	0.0	0.0	0.0	0.0	0.0	0.0	0.0	0.0	0.0	0.0	0.0	0.0	0.0	0.0	0.0	0.0	0.0	0.0	0.0	0.0	0.0	0.0	275.3878212863685	0.0	0.0	0.0	0.0	0.0	0.0	0.0	0.0	0.0	0.0	0.0	0.0	0.0	495.9778740828793	0.0	0.0	0.0	0.0	0.0	0.0	0.0	0.0	0.0	0.0	0.0	0.0	0.0	0.0	0.0	0.0	0.0	0.0	0.0	0.0	0.0	0.0	0.0	0.0	0.0	0.0	0.0	0.0	0.0	0.0	0.0	0.0	0.0
Hbs1l	6a	10	+	21336967	21336974	0.0	0.0	0.0	0.0	0.0	607.8038683853156	0.0	0.0	1332.6172628658596	5.502468086987828	679.7522282586405	0.0	14.184397163120567	7.092198581560283	401.5509571083774	146.25769803686168	463.71277988131277	604.5089181646175	497.3188696648623	923.5690080979238	0.0	945.7827521682783	0.0	7.092198581560283	0.0	344.91110056809845	0.0	826.05415603404	929.8364701508456	404.135969762769	759.8370543681154	601.6656358340578	1456.0362589232327	0.0	0.0	0.0	0.0	0.0	0.0	0.0	0.0	710.7456437144347	0.0	0.0	42.553191489361694	164.46829201223287	0.0	106.38297872340422	0.0	1858.7037124511992	0.0	0.0	14.184397163120567	506.1660801204807	932.8137772250194	88.13113539320199	3452.570663889262	1121.9926362918848	824.525364603583	153.89964323799595	3248.8495029682394	0.0	1050.8040715890638	807.9921021072697	0.0	1323.5488609418567	0.0	2852.263372172206	1750.7531386708602	0.0	0.0	0.0	2759.064287509738	0.0	869.5757112984879	0.0	361.2945021109143	0.0	0.0	0.0	799.9750880040857	0.0	0.0	0.0
Hbs1l	6b	10	+	21336974	21336976	0.0	0.0	0.0	0.0	0.0	582.4886595594686	0.0	0.0	1264.7985829904426	529.812906074312	644.1069084075065	0.0	28.368794326241133	7.092198581560283	404.2105315764626	128.8227098571926	397.5766205769148	583.1133010811988	485.40924842568336	875.1965767467693	0.0	911.201535007593	0.0	7.092198581560283	0.0	289.5186572359994	0.0	810.6370672126963	864.9376708778436	658.9001835612335	728.4962911124588	570.3577407390998	1452.490159632453	0.0	0.0	0.0	0.0	0.0	0.0	0.0	0.0	677.8557780065286	0.0	0.0	42.5531914893617	167.1278664803179	0.0	113.47517730496449	0.0	1728.3877011152792	104.7788650242235	0.0	14.184397163120567	506.1660801204806	810.6707962353704	87.56793138819575	3214.9590961861313	1035.9192282840797	763.6298092588872	160.99184181955613	3154.4525850541977	0.0	1011.1021077406566	777.8349732249028	0.0	1204.6544259296718	0.0	2606.2138878760206	1724.3629649633883	0.0	0.0	0.0	2641.816225494235	0.0	884.8008115143376	0.0	353.50317419763525	0.0	0.0	0.0	841.9435952651462	0.0	0.0	0.0
Hbs1l	6c	10	+	21336976	21337075	0.0	0.0	0.0	0.0	0.0	647.6562906236768	0.0	0.0	1517.567689422524	903.9436397446669	647.9105407348075	0.0	48.794326241134755	7.163120567375887	442.49550387760604	117.0268236695236	439.0958830265539	691.1153906620893	596.2748341230401	848.2326897095227	0.0	1095.4355696446262	0.0	2.056737588652482	0.0	402.0468555288359	0.0	995.1452418792413	916.9554128467721	805.3644559532114	811.6920567844628	637.716180119386	1670.9095420921908	0.0	0.0	0.0	0.0	0.0	0.0	0.0	0.0	700.4426522323138	0.0	0.0	40.87395166287958	191.2617278907751	0.0	90.51743082609129	0.0	1940.1652077956053	148.5809504964788	0.0	16.312056737588655	522.3903452148973	931.1248805006687	126.94997083931139	2775.7490032267965	1096.5290029603054	786.0556639094917	176.97412599405487	3398.9979563669594	0.0	973.1483623179322	861.396741434366	0.0	1281.4397506940866	0.0	2804.9339212752516	1702.864758678473	0.0	0.0	0.0	2935.0701607288693	0.0	886.4262747135352	0.0	410.75443662996025	0.0	0.0	0.0	2237.57133597416	0.0	0.0	0.0
Hbs1l	6d	10	+	21337075	21337176	0.0	0.0	0.0	0.0	0.0	0.0	0.0	0.0	0.14742739200943536	0.0	0.21626297577854672	0.0	0.0	0.0	0.0	0.0	0.0	0.0	0.0	0.0	0.0	0.4759185227489054	0.0	0.0	0.0	0.21312872975277067	0.0	546.5046228152244	0.22281639928698754	0.643243722828498	0.22624434389140272	0.0	0.0	0.0	0.0	0.0	0.0	0.0	0.0	0.0	0.0	0.0	0.0	0.0	0.0	0.0	0.0	0.0	0.0	0.0	0.0	0.0	0.0	384.24741622115215	0.0	0.0	0.0	0.0	0.0	0.0	0.37136066547831253	0.0	0.29120559114735006	0.0	0.0	0.0	0.0	0.22281639928698754	0.0	0.0	0.0	0.0	0.0	0.0	0.0	0.0	0.0	0.0	0.0	0.0	0.0	0.0	0.0	0.0
Hbs1l	7	10	+	21341714	21341979	0.0	0.0	0.0	0.0	0.0	594.600047944461	0.0	0.0	981.5832485573582	832.9732556237767	575.0701048022418	0.0	21.009971737855274	29.062207189706793	380.6056768397176	665.2584306337228	538.139679548722	612.9612767633048	470.5163304780463	684.0435252807636	0.0	934.4268793729434	0.0	0.0	0.0	339.7167016698882	0.0	91.61795211624897	752.3362156862612	729.5946831945386	798.2137718802526	654.0090484657662	1277.1127593248814	0.0	0.0	0.0	0.0	0.0	0.0	0.0	0.0	528.8281223280584	0.0	0.0	62.408614150362645	126.44084246364123	0.0	80.1305987909792	0.0	1729.583773926553	113.54643210855588	0.0	18.829682902909447	0.0	955.0880344399487	136.95393372722654	2680.2260345063605	986.3980043805267	691.5564459275638	168.3517181111413	2898.375206158246	0.0	661.5702740855687	760.7184356531699	0.0	1052.6405312110767	0.0	2727.9094166736936	1435.6407167201119	0.0	0.0	0.0	2102.8793330933654	0.0	759.0497128479016	0.0	341.97988965654537	0.0	0.0	0.0	3602.104683290775	0.0	0.0	0.0
Hbs1l	8	10	+	21342399	21342564	0.0	0.0	0.0	0.0	0.0	744.4317992509544	0.0	0.0	1205.58841566787	1070.064666664854	845.1019226963186	0.0	11.549945662181239	4.357856959753909	371.37082016360404	2.039427723519184	514.5087491917628	551.320173635959	555.533570979199	952.1991034920853	0.0	1102.2437358767345	0.0	0.0	0.0	448.75003356730156	0.0	72.11580801673874	1117.7446642548805	879.775277119179	898.4304782590459	677.1303925027963	1502.2404831985382	0.0	0.0	0.0	0.0	0.0	0.0	0.0	0.0	682.2834007977956	0.0	0.0	36.14457831325301	138.19526290612268	0.0	115.17942758827736	0.0	2073.448639996435	209.41906409899357	0.0	0.0	0.0	1085.7810832687746	190.34865910885102	2252.75527702396	893.2411756654486	978.895986525186	307.52176040169326	3875.3042328330253	0.0	907.708673375853	985.0697399186671	0.0	1242.4675936052643	0.0	2813.2991106860586	1842.5502339514283	0.0	0.0	0.0	2947.4035437273756	0.0	835.6192453353577	0.0	480.08907407511947	0.0	0.0	0.13095861707700368	4.137713986514706	0.0	0.0	0.0
Hbs1l	9a	10	+	21344672	21345077	0.0	421.929088299499	0.0	0.0	0.0	4.061649594988854	0.0	0.0	6.882061216779498	6.401214165281484	5.3728567677599255	0.0	0.13950172052121979	0.0	2.85510160747895	0.5243036319443404	89.19291763574137	146.02861632962873	3.3710990251895625	5.892701864364604	569.0847608612573	6.22084786405913	0.0	0.0	0.0	2.739241584740343	0.0	0.24455857177794077	5.572682353157946	5.936661104939796	549.6729931789715	4.902444341096241	9.110832550124375	0.0	0.0	0.0	0.0	0.0	0.0	0.0	0.0	3.530778557935457	0.0	0.0	0.2794955106033609	166.03737773757476	0.0	0.7800378649026584	0.0	10.493868175571004	141.11758990178106	0.0	26.1236560956192	0.0	5.804963073225915	1.0114952152086008	14.549117654598447	6.262740664844282	4.805970395420167	266.9728907732602	19.31303003451385	0.0	5.1203101652859795	5.557164118378441	0.0	6.990579960690753	0.0	17.797276712663972	328.88514881486236	0.0	0.0	0.0	20.29907424484696	2.4884464984002843	635.3327150595151	0.0	3.043744070333835	0.0	0.0	4755.947883149646	14.694658329757997	0.0	0.0	0.0
Hbs1l	9b	10	+	21345077	21345151	0.0	447.61872272857335	0.0	0.0	0.0	769.7628893772629	0.0	0.0	1231.9269219039372	1210.6070802454853	1018.6561063542088	0.0	27.957912962408017	0.5673758865248227	580.7084115481659	148.99139484960278	681.5395954433851	892.6296436426042	592.3663321685897	1171.6254002947403	845.7755394314738	1241.8990720952713	0.0	0.0	0.0	471.63529848178695	0.0	64.84315455763637	1126.5284434280818	1155.618904139517	1805.7189563990846	960.5146884091968	1753.7086350832146	0.0	0.0	0.0	0.0	0.0	0.0	0.0	0.0	663.2730100807513	0.0	0.0	69.40886524822695	2558.1482118145186	0.0	135.14691097283438	0.0	1918.4813572354556	131.34271049164667	0.0	36.122931442080386	0.0	1090.4082115074184	214.91546201357176	2992.058283927647	1271.7918901706485	1044.4011499619653	292.49752068206527	3563.6066660573415	0.0	1021.9815812085571	1025.2065272694024	0.0	1174.5650425573444	0.0	3607.9206841028235	1818.890598927399	0.0	0.0	0.0	3919.0105850874565	0.0	823.9585199677555	0.0	444.00325854309426	0.0	0.0	6655.558506040101	3348.1153411355012	0.0	0.0	0.0
Hbs1l	9c	10	+	21345151	21345194	0.0	395.250036591383	0.0	0.0	0.0	710.9955831313011	0.0	0.0	1319.4431959912408	1238.144264841285	1140.5046217748386	0.0	29.281753707285628	7.966324455686157	676.6294896072394	154.27242578635676	794.5023532831041	864.5319818172985	535.7615546967569	1212.6227400978642	851.4644778216212	1456.7291473683936	0.0	0.0	0.0	555.3185759229681	0.0	106.15475184327745	1123.0750137304033	1162.6880994523294	1944.4992727988292	929.7894233582415	1587.085176821439	0.0	0.0	0.0	0.0	0.0	0.0	0.0	0.0	674.0289015457026	0.0	0.0	112.86589297227593	2596.5716443591004	0.0	162.852445249133	0.0	1740.7431030252048	160.2192134107028	0.0	20.470664087685364	0.0	1273.4695957437586	179.12978839785146	3363.250690846771	1452.0289660444619	1038.2406594731935	258.1839015979218	3368.3262426098568	0.0	951.93009512242	1075.024416732605	0.0	1062.4668840534525	0.0	3905.388507978132	1670.3439618274003	0.0	0.0	0.0	3811.5194030782222	0.0	1027.7203157391732	0.0	462.36617983088195	0.0	0.0	7697.651085541742	4314.014050958847	0.0	0.0	0.0
Hbs1l	10	10	+	21347262	21347408	0.0	0.0	0.0	0.0	0.0	713.3500176526287	0.0	0.0	1272.374866795612	918.4304971123489	954.4241629484114	4.100931152602885	43.675372921573526	17.931275074132216	496.3472588695278	143.72251312382173	742.37222415301	683.750567852983	605.3792615974874	983.3332821626382	632.8088013111108	1556.484548862211	0.0	0.0	0.0	456.3283420929521	0.0	102.7369735270497	1080.1452475625265	1162.5067802111525	1706.9377444559213	812.5301586368253	1648.2469382168665	0.0	0.0	0.0	0.0	0.0	791.8787444882469	0.0	0.0	655.0016061699433	0.0	0.0	47.35106305162193	1840.2635753967036	0.0	137.2912736122125	0.0	2330.6568025658917	196.75997383080212	0.0	22.055123974615178	0.0	1518.5697304844434	233.86344246196154	3364.935555265169	1401.7867473183865	1176.749558418596	291.5818873778275	3555.8464941156103	0.0	970.0555120166081	1072.268781074828	0.0	1365.7548297519118	0.0	3936.631161991181	1824.1423381551322	0.0	0.0	0.0	2942.6375208311115	0.0	897.0978455287586	0.0	464.8072471483981	0.0	0.0	6736.26174605181	4431.936613711618	0.0	722.1170091330064	0.0
Hbs1l	11	10	+	21349312	21349386	0.0	0.0	0.0	0.0	0.0	576.6953116369235	5.200945626477541	0.0	873.3479170534629	719.0170515121906	678.3001166889927	5.390070921985815	13.427895981087469	0.0	356.5404456564114	98.57889654713148	622.1671476470747	605.5192734036781	560.6351604071423	832.1449559318216	533.531398393292	1065.009380590461	0.0	0.0	0.0	208.64104189679577	0.0	38.58156028368794	1055.3784630714354	1021.9269629764915	1316.664723995306	748.3950494178358	1406.4966126772679	0.0	0.0	0.0	0.0	0.0	2858.3756324384913	0.0	0.0	576.1075972230759	0.0	0.0	39.12314642844016	1433.4368867902967	0.0	52.54213650356311	0.0	2144.2565801953283	238.26807479182344	0.0	37.059270516717326	0.0	1398.2308511688204	220.09793988517393	3334.099727112539	1244.7438751480984	1053.225318309148	238.1015253763153	3996.4748322420764	0.0	676.1030329294344	803.3656271257614	0.0	1008.7260807324035	0.0	3587.607444870533	1652.8867111868453	0.0	0.0	0.0	2307.710803673963	0.0	637.9784109736664	0.0	335.2370208138747	0.0	0.0	5379.000872933338	3268.5950572612323	0.0	1441.549029332724	0.0
Hbs1l	12	10	+	21351927	21352044	0.0	0.0	0.0	0.0	0.0	611.7452314234453	0.0	0.0	986.470423580105	815.0597638970632	616.9407209246583	0.0	10.183043792852665	0.0	377.1215939263247	86.53955225523111	418.2574387735898	587.8508423256483	531.8145006719558	729.4776532324221	438.69062365951044	891.5098790651242	0.0	0.0	0.0	391.05293476824966	0.0	38.26564449473785	1159.376538986933	1218.8236640055752	767.4544551396747	654.5128841442194	1321.1376290236738	0.0	0.0	0.0	0.0	0.0	2675.1571949713807	0.0	0.0	592.4894254740608	0.0	0.0	52.2428229824278	1448.1589203696788	0.0	85.90678639407777	0.0	1865.1436684810537	179.8890234789396	0.0	24.16155787955283	0.0	1111.5725030325839	156.72655893235367	3219.118373979777	1158.6892137039176	934.5447885860366	199.4019095106623	3123.344879324922	0.0	788.3932968792682	796.2605169842575	0.0	1059.3053325978933	0.0	2924.0974309654125	1606.302633872772	0.0	0.0	0.0	2447.885436618684	0.0	758.9236919674321	0.0	356.2738354528411	0.0	0.0	5346.357649082641	3159.911271267283	0.0	1091.2897993626525	0.0
Hbs1l	13a	10	+	21352542	21352553	0.0	0.0	0.0	0.0	0.0	744.2802631864427	0.0	0.0	1044.880395891905	992.8976400672306	649.1591457984986	0.0	16.15186615186615	0.0	402.6406638582382	120.87573234659266	424.56294804210177	500.11781545181475	543.5426656121912	801.9253649035167	443.3948730070419	964.4838459247184	0.0	0.0	0.0	391.5314933330806	0.0	34.034401239096766	1233.6126556603867	1342.1126982483938	765.7636378503753	727.5370736489162	1584.8447111304408	0.0	0.0	0.0	0.0	0.0	2864.2703776040685	0.0	0.0	777.5200458254859	0.0	0.0	44.264194462645236	1513.2175181516131	0.0	95.4845280310706	0.0	2047.6597327323466	125.00268643885667	0.0	14.184397163120567	0.0	1073.4086587255758	152.53846371857153	2887.4749770654844	1222.6203929733572	945.6913746123963	261.99680096663144	3290.7038647027543	0.0	986.3273607187679	1043.4811439340956	0.0	1282.821881904366	0.0	2512.227424633833	1986.1920387922537	0.0	0.0	0.0	2763.9394853969698	0.0	934.7597554868357	0.0	422.68249506959825	0.0	0.0	6154.7176607981955	3937.24064017592	0.0	1050.3353946487564	0.0
Hbs1l	13b	10	+	21352553	21352604	0.0	0.0	0.0	0.0	0.0	703.6516655507502	0.0	0.0	1132.4998122513164	919.9211851017104	644.6654177595856	3.6824877250409167	29.469342235299678	0.0	356.9813624698215	112.05594693106255	424.39595475979905	523.326033232866	550.5094894251885	867.2923457554758	447.00529055075725	975.9615564830588	0.0	0.0	0.0	314.3090828201501	0.0	45.35886282951579	1326.3869231095634	1314.9366822235072	774.3996169114808	773.3405047413693	1570.6522231143763	0.0	0.0	0.0	0.0	0.0	2836.9128640651593	0.0	0.0	716.5467479084933	0.0	0.0	36.740984187118656	1656.2557944763587	0.0	92.82353285012861	0.0	1981.5878760416647	122.03603134454197	0.0	14.320785597381342	0.0	1125.9891762106208	177.67134059660026	2966.39167382614	1178.5154351980098	813.4930556039772	242.5679435538924	3423.5893796396585	0.0	986.6769565883271	1095.5145865069742	0.0	1284.0350816863765	0.0	2484.3940350937623	1823.7185124044038	0.0	0.0	0.0	2767.718141787874	0.0	954.382422189685	0.0	407.91790843702677	0.0	0.0	6039.256541968426	4026.338989221161	0.0	1007.4501305579311	0.0
Hbs1l	13c	10	+	21352604	21352610	0.0	0.0	0.0	0.0	0.0	706.3532970911118	0.0	0.0	1314.4924458084763	991.0615118880243	666.4754611561368	7.092198581560284	28.903011881735292	0.0	343.3293513179698	127.37691437968957	543.4296193531188	619.5151725916907	594.1239399224847	1059.2443060069509	551.0513793235968	1092.8966205005702	0.0	0.0	0.0	335.2836779640641	0.0	44.13234112427069	1629.5514876042428	1415.6044469445142	950.994336636712	874.3134954951913	1635.0883623627612	0.0	0.0	0.0	0.0	0.0	3272.095239191423	0.0	0.0	770.4231839490925	0.0	0.0	44.21879898928675	1873.555654772076	0.0	83.27634245187436	0.0	2037.0926403072258	129.6582849774339	0.0	21.27659574468085	0.0	1225.0155379449127	179.93490107332437	3290.009040503978	1249.0935016900164	837.888355437915	223.331664441128	3343.472657345456	0.0	1016.6359941432535	1239.6310018098425	0.0	1492.810090993443	0.0	2742.5071257633604	1873.2942687984782	0.0	0.0	0.0	3030.7141274823935	0.0	1051.1030764784152	0.0	412.24271090714217	0.0	0.0	6660.60027385334	4513.448727049428	0.0	1120.066683149337	0.0
Hbs1l	14a	10	+	21354639	21354650	0.0	0.0	0.0	0.0	0.0	687.6771741596698	0.0	0.0	2150.6193364278042	0.0	713.4650344934167	7.092198581560283	28.90301188173529	0.0	360.46883122340705	124.13917154897729	579.8896725370619	662.4113743567423	534.7833331123846	1094.0155140195172	600.1871149134819	1055.314100059236	0.0	0.0	0.0	362.1327154513994	0.0	58.31673828739126	1693.5494025272274	1331.1211219093793	819.0523095553375	886.4715502064374	942.9508459892273	0.0	0.0	0.0	0.0	0.0	3407.0531013020786	0.0	0.0	733.7801579443641	0.0	0.0	44.218798989286746	1985.9292697516923	0.0	77.3661769672408	0.0	2120.721601576156	133.5211691381904	0.0	0.0	0.0	1203.540159000619	182.88998381564116	3536.382635922421	1263.5318583454043	849.4892865866481	0.0	3295.0155370966418	0.0	1043.8709306790074	1224.6622703867033	0.0	1513.0254941875692	0.0	2779.0203658360747	1821.9048137271702	0.0	0.0	0.0	3102.1309986506317	0.0	1091.799484748105	0.0	413.23054172846025	0.0	0.0	6677.725979523745	4617.49643761861	0.0	1164.5688450382147	0.0
Hbs1l	14b	10	+	21354650	21354743	0.0	0.0	0.0	0.0	0.0	581.961202197453	0.0	0.0	2308.8970559843624	5.802081695715002	798.9544981792876	7.092198581560283	59.53347241260324	12.071827372868569	296.82602585500325	128.82988798881289	629.2767701365556	694.5355664447126	614.5687982355882	1013.4952179124967	650.2217172691245	1022.7501079243713	0.0	0.0	0.0	366.05095256271665	0.0	81.77600895653048	1668.6046027217712	1285.792518944391	758.7881796780138	922.0501498216122	847.5392345751428	0.0	0.0	0.0	0.0	0.0	3489.359777442627	0.0	0.0	693.2986938525835	0.0	0.0	56.220759703630655	2134.1397115986015	0.0	64.74015930500767	0.0	1942.926018766472	159.57074772602658	0.0	0.0	0.0	1006.3812828361687	181.38155158554096	3439.3369504796015	1099.395681509313	831.0156084664115	1.1480177560079594	3331.379830018241	72.54996224706845	864.0661163633484	1144.7860040047062	0.0	1545.9619339386338	0.0	2979.5264181884572	1611.3270631692305	0.0	0.0	0.0	2925.689302893382	0.0	1008.2091687119024	0.0	333.81413189985	0.0	0.0	6078.220331243655	4527.338577420468	0.0	1095.0805698048346	0.0
Hbs1l	15	10	+	21358313	21358403	0.0	0.0	0.0	0.0	0.0	664.449171949295	0.0	0.0	2286.122078556924	1115.4193749347162	863.3508214001693	3.663003663003663	68.30769573346144	63.98396546407646	365.46733143826424	131.74417766972618	618.6329113486485	808.0037387273335	571.163284455827	1060.67894444748	594.1775525138102	1061.41493678904	0.0	0.0	0.0	497.04661882296887	0.0	100.41159914041528	1777.0774511408677	1439.4799934294101	815.8040977333886	1000.8763219957808	1617.4580808649227	0.0	0.0	0.0	0.0	0.0	3584.287127980339	0.0	0.0	699.6359057838611	0.0	0.0	81.29870814552947	2077.7673746807272	0.0	88.37970540098199	0.0	2118.3410348622124	258.1029383227788	0.0	32.18767048554283	0.0	978.5907233125134	198.06628718253137	2978.947968586286	1114.9393545875482	1283.2238240089644	226.4559331357305	3427.0614173319486	7970.054802530574	845.3836513340946	2542.050939510037	0.0	1596.3584007927782	0.0	3418.5140968061473	1845.4065293647166	0.0	0.0	0.0	2809.468302574365	0.0	955.6070968535429	0.0	790.1977818751217	0.0	0.0	6330.401919437617	4767.808167693123	0.0	1123.9667528867342	0.0
Hbs1l	16	10	+	21358732	21358840	0.0	0.0	0.0	0.0	0.0	633.7177540150575	0.0	0.0	1738.58634120501	737.4653762391963	572.5626898352352	71.55265177337931	34.05490471133285	19.128001878428343	312.61511230461593	119.79129089440569	440.8784155458719	585.985315928018	347.288948252155	735.3455449449018	372.07424621328806	950.204927407649	0.0	0.0	0.0	363.02993985613574	0.0	93.7573337862516	1206.8582365889795	1155.4144987914601	699.4628449056012	754.0495240348805	1122.062405566493	0.0	0.0	0.0	0.0	0.0	2553.4626539087008	0.0	0.0	476.1082007773171	0.0	0.0	37.16778131879575	1585.9225117825124	0.0	76.83749937863952	0.0	1685.4636077113905	709.9499557577053	0.0	17.95822760101503	0.0	787.8896913949584	105.53839221805367	2921.5629552981113	1027.042517184354	952.4972314343989	155.31217630885047	3231.0741425177	4128.1754656972835	681.9986009497621	1670.66532837903	0.0	985.1948894981257	0.0	2518.835332296331	1410.131809667345	0.0	0.0	0.0	2469.15942486951	0.0	736.0152253691328	0.0	1497.37988563186	0.0	0.0	5003.995409550917	3477.043935074988	0.0	864.0560383965117	0.0
Hbs1l	17a	10	+	21364675	21364775	0.0	0.0	0.0	0.0	0.0	709.5070298847028	0.0	0.0	3082.8113022846055	883.55779730221	879.7850827650676	303.74355684162407	47.18769749315357	53.59884873388646	464.2144273437597	126.9050612460375	605.1336366371228	625.4088203169323	554.8692433385296	1042.6292466057866	662.745518947734	1276.8949430641806	0.0	0.0	0.0	397.6315235524975	0.0	124.52760134877424	1667.4597485222773	1482.4593410255613	925.5612556685044	851.7174155962929	1219.755322495983	0.0	0.0	0.0	0.0	0.0	3062.0617250369573	0.0	0.0	649.5389260899709	0.0	0.0	32.371322238606844	2070.3677379277096	0.0	169.77270328852202	0.0	1989.6190007338107	1124.692872878557	0.0	33.21395969384173	0.0	1184.416832993761	128.10647056416494	3086.1003298325318	1281.5475155949784	1280.338708820633	324.5604762298266	3725.716572363133	5434.8978160328825	796.3044371597424	2082.515968683175	0.0	1089.632989446727	0.0	3105.532996488152	1712.6509692826344	0.0	0.0	0.0	2693.5964481300257	0.0	910.6717011942951	0.0	1963.6644491582856	0.0	0.0	6006.587748872193	3879.155903761687	0.0	1293.3207205013307	0.0
Hbs1l	17b	10	+	21364775	21365166	0.0	0.0	0.0	0.0	0.0	0.15618492294877134	0.0	0.0	0.18950095188828667	0.1578118492294877	0.03865182436611008	0.23846244296786615	0.0	0.0922055569215638	0.0	0.0	0.10932944606413994	0.0	0.11508362743593678	0.11299877911282198	0.1214316311232139	0.13099090768993682	0.0	0.0	0.0	0.0	0.0	0.0	0.5108284609853095	0.11641151544481299	0.5221386800334169	0.29761904761904767	115.80871792023424	0.0	0.0	0.0	0.0	0.0	0.16590951699655887	0.0	0.0	0.17528121717165757	0.0	0.0	0.0	441.27353575211134	0.0	0.0	0.0	0.250897062121552	0.43265912831130227	0.0	0.0	0.0	0.48899239185847454	0.0	0.6322421835142609	0.15085836111614842	0.11012168842692356	0.0	0.7883916360332809	0.6216000144463735	0.07021157086687888	0.4674891721110866	0.0	0.0	0.0	0.37779176994671954	0.15342798408814662	0.0	0.0	0.0	0.4225056672536627	0.0	0.05754181371796839	0.0	0.3121890221070223	0.0	0.0	0.6964245852773998	0.14406712720274598	0.0	0.1627394882345377	0.0
Hbs1l	18a	10	+	21367401	21367642	0.0	0.0	0.0	0.0	0.0	5.991988081257024	0.0	0.0	191.0110390471424	8.53936071309329	8.166170845734534	3.7050704950041253	0.46890569134282867	0.5275189027606823	4.386334781696434	2.770360362590044	5.588209437172805	29.35784699006742	5.217732748208192	9.921050536161665	5.972831724160226	12.194488971275527	0.0	0.0	0.0	3.6465324231195746	0.0	0.9628664999722436	14.388298911357186	12.822805376736715	8.101904920548241	6.910904334183738	6.633501095096587	0.0	0.0	0.0	0.0	0.0	29.561123424807242	0.0	0.0	5.811353248895813	0.0	0.0	0.29306605708926786	19.849552210085992	0.0	1.6935417316526076	0.0	16.544995378465835	9.936516022202685	0.0	0.29306605708926786	0.0	9.784816869976229	1.3262949273624676	24.64205396475913	73.33852593843585	11.156182885608347	2.985893811212598	30.348553495582866	48.84338321923204	6.123740441724049	18.65199040482854	0.0	9.490203342875873	139.9139034777245	29.129802967373283	14.845604628176043	0.0	0.0	0.0	162.7284442106507	0.0	7.913116725734427	0.0	18.480806294478818	0.0	0.0	53.45460004792264	34.403068830168664	0.0	11.56798616893815	0.0
Hbs1l	18b	10	+	21367642	21367786	0.0	0.0	0.0	0.0	0.0	535.0515993899193	0.0	0.0	2989.7351098075933	980.3644090869982	778.8340941903901	518.6325113605851	1558.9586213418077	49.743213499633164	343.12677627152897	616.6664138211543	560.4330692962493	665.7272686011086	858.4846041329382	866.0244045289974	610.2244130377563	1211.1099370349605	0.0	0.0	0.0	458.123757023568	0.0	89.8075959465012	1392.4708338045775	1397.5256411954713	786.5971514532648	690.8920568225972	791.513829015466	0.0	0.0	0.0	0.0	0.0	2887.3414281988926	0.0	0.0	597.9737750732824	0.0	0.0	37.90754288509241	2102.1726230894064	0.0	161.56350965549797	0.0	1671.2989124801963	1043.759047106826	0.0	23.897782113183045	0.0	1020.7993700623467	152.91194224147873	3068.289522610403	1270.388254707857	1157.1080157838196	205.66410216402576	3391.8814793160263	5003.269545953991	618.2438549970182	2054.333049296136	0.0	1170.599674842689	139.6876707230568	2957.72057992086	1422.790541634844	0.0	0.0	0.0	3429.432602278916	0.0	794.802669911157	0.0	1976.3329476485994	0.0	0.0	5546.081308280002	3675.7533698144116	0.0	990.7849304013783	0.0
Hbs1l	19a	10	+	21368289	21368543	0.0	0.0	0.0	3344.020132252243	0.0	604.4206913254584	0.0	1159.6521737016014	2539.938495179121	807.6752364714232	737.3317475809005	2638.3006333376206	3160.2754329749746	13.600333750521482	353.05996756722277	818.4259239695226	508.5934883898856	800.9072281616134	1126.5859437020754	754.3696862803752	634.9117592039154	1109.8161674680982	0.0	0.0	0.0	692.0561908033714	0.0	126.51631691489573	1583.2977161923263	1537.3249075881465	730.8576352831756	661.8697668481741	1249.4402936039185	0.0	0.0	0.0	0.0	0.0	2887.82063340425	0.0	0.0	441.366222876254	0.0	0.0	79.15450810895182	1817.3305259719632	0.0	98.12259724987234	0.0	2014.8846904880515	1146.4672760782094	0.0	22.16956946819657	0.0	1163.4628249234677	162.96994078212666	3537.458685513194	1565.6522708365385	1386.6304509300364	225.4418867641874	3435.134782529834	4692.792466134686	795.8914558477219	1875.3551137257891	0.0	1242.5142855370975	113.94845846450303	3057.7613572599867	1521.8366408799016	0.0	0.0	2089.4730540998626	3406.1520105546733	0.0	710.6513703598499	0.0	3326.069340548484	0.0	0.0	5482.4844135696185	3768.937775023879	0.0	1260.8369021706037	0.0
Hbs1l	19b	10	+	21368543	21368883	0.0	0.0	0.0	1646.3766737096712	0.0	463.5189294424192	0.0	490.8597172300443	568.5500807222921	190.26103714526067	199.7733480062583	1420.1464278668052	840.0374011009417	8.875907323059003	106.35474562899472	402.47675491269183	166.7884624351745	225.99079364493062	434.7748072075735	60.54807755033012	167.84162297629072	388.96132965463994	0.0	60.25128642510842	0.0	280.6588221335769	0.0	1029.6991072098317	451.9099113905828	684.0968766963662	417.56253427388833	267.4476184430854	345.0804167958564	0.0	8.9670956700214	109.37102306093364	0.0	0.0	2106.4756824982387	0.0	0.0	125.23649934922354	0.0	1213.1068313702046	25.82218218139004	834.6627620988178	0.0	34.239689588386014	0.0	1146.154665697343	404.08910180866167	0.0	3.6188931178636055	0.0	690.6733741979982	369.93111338172673	2124.961431051993	656.285540868926	686.2635095772732	108.37120467435955	2736.3440204347444	1544.9975350302286	265.0100905437732	649.9598687374769	0.0	429.73179105788125	44.399787266630334	1693.5023355307458	384.0604129653106	27.014523408872464	0.0	2058.3452506914987	878.8403269417566	0.0	230.58611567711893	0.0	1041.9498940282012	0.0	0.0	1654.697968769749	1050.8717238259069	0.0	451.7490169999472	0.0
Hbs1l	19c	10	+	21368883	21368898	0.0	0.0	0.0	9.67741935483871	0.0	0.0	0.0	0.0	0.0	0.0	0.0	0.0	0.0	0.0	0.0	0.0	0.0	0.0	0.0	0.0	0.0	0.0	0.0	0.0	0.0	0.0	0.0	0.0	0.0	0.0	0.0	0.0	0.0	0.0	0.0	0.0	0.0	0.0	2.836879432624113	0.0	0.0	0.0	0.0	0.0	0.0	11.851851851851853	0.0	0.0	0.0	0.0	0.0	0.0	0.0	0.0	45.61599929750615	0.0	18.61455478707208	0.0	0.0	0.0	32.046783625730995	0.0	4.032258064516129	15.222915222915223	0.0	0.0	0.0	14.055472263868065	0.0	0.0	0.0	5.681818181818182	0.0	0.0	0.0	0.0	0.0	0.0	0.0	16.167105841018884	0.0	0.0	0.0	0.0
