Gene	Index	Chromosome	Start	End	626103966	637879731	645375521	647102882	648137894	650129743	650131308	650132917	650161028	650487944	653195941	653289801	653327067	653677436	654704107	656147268	656156755	656718838	656896838	659012847	661409627	682332013	694413065	698586385	701152294	703141516	707403326	708712664	709153201	709454191	713692025	714378460	714755572	730878829	753733598	754834825	764902707	770238836	802993865	804957376	808859562	824840538	827524052	839118825	855798106	861959876	867130068	872026690	891931165	892414330
Hba-a1	1	11	32283511	32283801	11.962890625	0.0	0.0	0.0	0.0	0.0	0.0	0.0	0.0	0.0	0.0	0.0	0.0	0.0	7.975260416666666	0.0	0.0	0.0	0.0	0.0	0.0	59.98067652925531	0.0	15.950520833333332	48.95929074754903	3.90625	0.0	0.0	61.64048157618673	0.0	362.7499287613982	0.0	16.373697916666664	0.0	42.0350191885965	0.0	602.9570145382274	0.0	0.0	0.0	0.0	36.637369791666664	0.0	0.0	0.6510416666666666	0.0	16.682942708333332	0.0	0.0	0.0
Hba-a1	2a	11	32283811	32283924	0.0	0.0	0.0	0.0	0.0	0.0	0.0	0.0	0.0	0.0	0.0	0.0	0.0	0.0	0.0	0.0	0.0	0.0	0.0	0.0	0.0	4.0204678362573105	0.0	0.0	5.847953216374268	0.7309941520467835	0.0	0.0	1.827485380116959	0.0	2.923976608187134	0.0	0.7309941520467835	0.0	0.7309941520467835	0.0	18.410609857978276	0.0	0.0	0.0	0.0	0.36549707602339176	0.0	0.0	0.7309941520467835	0.0	1.0964912280701753	0.0	0.0	0.0
Hba-a1	2b	11	32283924	32284128	0.0	0.0	4.979674796747967	0.0	0.0	0.0	4.988913525498891	0.0	0.0	0.0	0.0	0.0	0.0	0.0	4.979674796747967	0.0	0.0	0.0	0.0	0.0	0.0	133.15911730545875	0.0	44.8170731707317	110.67073170731703	30.081300813008127	0.0	0.0	90.85365853658536	0.0	228.54336043360433	0.0	46.951219512195124	0.0	20.426829268292682	16.976462103330714	713.0521653120866	0.0	0.0	0.0	0.0	42.6829268292683	0.0	0.0	106.5898825654923	48.40639734424157	8.94308943089431	0.0	0.0	0.0
Hba-a1	3a	11	32284263	32284438	0.0	0.0	5.81095041322314	0.0	0.0	0.0	0.0	0.0	0.0	13.020833333333332	0.0	0.0	0.0	0.0	0.0	0.0	0.0	0.0	0.0	0.0	0.0	55.871212121212125	5.319148936170213	22.845643939393938	69.36553030303028	23.674242424242422	0.0	61.860413611925715	30.894886363636356	0.0	70.24936868686868	0.0	31.723484848484848	0.0	17.40056818181818	59.211309523809526	416.6718132411065	0.0	0.0	0.0	0.0	14.914772727272728	12.3477942113987	0.0	76.58869277885236	41.666666666666664	0.0	0.0	0.0	0.0
Hba-a1	3b	11	32284438	32284465	0.0	0.0	0.0	0.0	0.0	0.0	0.0	0.0	0.0	58.333333333333336	0.0	0.0	0.0	0.0	0.0	0.0	0.0	0.0	0.0	0.0	0.0	268.63095238095235	114.89361702127661	172.91666666666669	361.80555555555554	79.16666666666667	0.0	41.66666666666667	0.0	0.0	321.52777777777777	0.0	58.333333333333336	0.0	0.0	316.12445887445887	1158.3277591973244	0.0	0.0	0.0	0.0	29.166666666666668	60.869565217391305	0.0	258.33333333333337	22.916666666666668	0.0	0.0	0.0	0.0
Hba-a2	1	11	32296489	32296618	32.23684210526316	0.0	0.0	0.0	0.0	0.0	0.0	0.0	0.0	0.0	0.0	0.0	0.0	0.0	10.745614035087717	0.0	0.0	0.0	0.0	0.0	0.0	137.9432624113475	0.0	67.98245614035088	102.53181974544205	49.3421052631579	0.0	0.0	108.33333333333336	0.0	408.381992214579	0.0	76.14035087719299	0.0	52.52770083102492	0.0	936.4021444964962	0.0	0.0	0.0	0.0	38.90350877192982	0.0	0.0	0.8771929824561403	0.0	6.359649122807017	0.0	0.0	0.0
Hba-a2	2a	11	32296628	32296741	0.0	0.0	0.0	0.0	0.0	0.0	0.0	0.0	0.0	0.0	0.0	0.0	0.0	0.0	0.0	0.0	0.0	0.0	0.0	0.0	0.0	3.6549707602339185	0.0	1.0964912280701753	4.0204678362573105	1.0964912280701753	0.0	0.0	2.1929824561403506	0.0	2.5584795321637426	0.0	0.36549707602339176	0.0	0.36549707602339176	0.0	16.583124477861322	0.0	0.0	0.0	0.0	0.36549707602339176	0.0	0.0	0.36549707602339176	0.0	1.0964912280701753	0.0	0.0	0.0
Hba-a2	2b	11	32296741	32296945	0.0	0.0	0.0	0.0	0.0	0.0	4.988913525498891	0.0	0.0	0.0	0.0	0.0	0.0	0.0	9.959349593495935	0.0	0.0	0.0	0.0	0.0	0.0	137.31126596980255	0.0	61.788617886178876	116.76829268292681	32.41869918699186	0.0	0.0	90.7520325203252	0.0	280.15582655826563	0.0	44.20731707317073	0.0	12.703252032520325	13.521177550485183	786.9870251654045	0.0	0.0	0.0	0.0	39.329268292682926	0.0	0.0	83.21589882565492	34.44447850427394	11.78861788617886	0.0	0.0	0.0
Hba-a2	3a	11	32297080	32297255	0.0	0.0	0.0	0.0	0.0	0.0	0.0	0.0	0.0	8.641098484848484	0.0	0.0	0.0	0.0	0.0	0.0	0.0	0.0	0.0	0.0	0.0	126.89393939393939	5.319148936170213	39.89109848484848	55.634469696969695	29.947916666666664	0.0	71.16519407085315	96.5909090909091	0.0	186.958701021201	0.0	72.91666666666669	0.0	52.20170454545455	41.52867965367965	729.295331027668	0.0	0.0	0.0	0.0	54.09564393939395	7.100280504908836	0.0	125.97449788583506	91.73768939393939	0.0	0.0	0.0	0.0
Hba-a2	3b	11	32297255	32297298	0.0	0.0	0.0	0.0	0.0	0.0	0.0	0.0	0.0	158.33333333333331	0.0	0.0	0.0	0.0	0.0	0.0	0.0	0.0	0.0	0.0	0.0	645.7142857142857	114.89361702127661	433.3333333333333	861.3888888888889	200.0	0.0	83.33333333333334	0.0	0.0	672.9166666666667	0.0	183.33333333333331	0.0	0.0	546.1428571428571	2687.8734671125976	0.0	0.0	0.0	0.0	127.08333333333336	186.95652173913044	0.0	370.83333333333337	45.833333333333336	0.0	0.0	0.0	0.0
Hba-ps3	1	15	56171988	56172389	0.0	0.0	0.0	0.0	0.0	0.0	0.0	0.0	0.0	0.0	0.0	0.0	0.0	0.0	0.0	0.0	0.0	0.0	0.0	0.0	0.0	0.0	0.0	0.0	0.0	0.0	0.0	0.0	0.0	0.0	0.0	0.0	0.0	0.0	0.0	0.0	0.0	0.0	0.0	0.0	0.0	0.0	0.0	0.0	0.0	0.0	0.0	0.0	0.0	0.0
Hba-ps4	1	17	26286940	26287061	0.0	0.0	0.0	0.0	0.0	0.0	0.0	0.0	0.0	0.0	0.0	0.0	0.0	0.0	0.0	0.0	0.0	0.0	0.0	0.0	0.0	0.0	0.0	0.0	0.0	0.0	0.0	0.0	0.0	0.0	0.0	0.0	0.0	0.0	0.0	0.0	0.0	0.0	0.0	0.0	0.0	54.59770114942529	0.0	0.0	0.0	0.0	0.0	0.0	82.84152629865412	0.0
Hba-ps4	2	17	26286630	26286834	0.0	0.0	0.0	0.0	0.0	0.0	0.0	0.0	0.0	0.0	0.0	0.0	0.0	0.0	0.0	0.0	0.0	0.0	0.0	0.0	0.0	0.0	0.0	0.0	0.0	0.0	0.0	0.0	0.0	0.0	0.0	0.0	0.0	0.0	0.0	0.0	0.0	0.0	0.0	0.0	0.0	48.88427607680332	0.0	0.0	0.0	0.0	0.0	0.0	0.0	0.0
Hba-ps4	3	17	26286363	26286482	0.0	0.0	0.0	0.0	0.0	0.0	0.0	0.0	0.0	0.0	0.0	0.0	0.0	0.0	0.0	0.0	0.0	0.0	0.0	0.0	0.0	0.0	0.0	0.0	0.0	0.0	0.0	0.0	0.0	0.0	0.0	0.0	0.0	0.0	0.0	0.0	0.0	0.0	0.0	0.0	0.0	9.803921568627452	0.0	0.0	0.0	0.0	0.0	0.0	0.0	0.0
Hba-x	1	11	32276400	32276758	0.0	0.0	0.0	0.0	0.0	0.0	0.0	0.0	0.0	0.0	0.0	0.0	0.0	0.0	0.0	0.0	0.0	0.0	0.0	0.0	0.0	0.0	0.0	0.0	0.0	0.0	0.0	0.0	0.0	0.0	0.0	0.0	0.0	0.0	0.0	0.0	0.0	0.0	0.0	0.0	0.0	0.0	0.0	0.0	0.0	0.0	0.0	0.0	0.0	0.0
Hba-x	2	11	32276893	32277029	0.0	0.0	0.0	0.0	0.0	0.0	0.0	0.0	0.0	0.0	0.0	0.0	0.0	0.0	0.0	0.0	0.0	0.0	0.0	0.0	0.0	0.0	0.0	0.0	0.0	0.0	0.0	0.0	0.0	0.0	0.0	0.0	0.0	0.0	0.0	0.0	0.0	0.0	0.0	0.0	0.0	0.0	0.0	0.0	0.0	0.0	0.0	0.0	0.0	0.0
Hba-x	3	11	32277569	32277773	0.0	0.0	0.0	0.0	0.0	0.0	0.0	0.0	0.0	0.0	0.0	0.0	0.0	0.0	0.0	0.0	0.0	0.0	0.0	0.0	0.0	0.0	0.0	0.0	0.0	0.0	0.0	0.0	0.0	0.0	0.0	0.0	0.0	0.0	0.0	0.0	0.0	0.0	0.0	0.0	0.0	0.0	0.0	0.0	0.0	0.0	0.0	0.0	0.0	0.0
Hba-x	4	11	32277880	32278116	0.0	0.0	0.0	0.0	0.0	0.0	0.0	0.0	0.0	0.0	0.0	0.0	0.0	0.0	0.0	0.0	0.0	0.0	0.0	0.0	0.0	0.0	0.0	0.0	0.0	0.0	0.0	0.0	0.0	0.0	0.0	0.0	0.0	0.0	0.0	0.0	0.0	0.0	0.0	0.0	0.0	0.0	0.0	0.0	0.0	0.0	0.0	0.0	0.0	0.0
Hbb-bh0	1	7	103850020	103850148	0.0	0.0	0.0	0.0	0.0	0.0	0.0	0.0	0.0	0.0	0.0	0.0	0.0	0.0	0.0	0.0	0.0	0.0	0.0	0.0	0.0	0.0	0.0	0.0	0.0	0.0	0.0	0.0	0.0	0.0	0.0	0.0	0.0	0.0	0.0	0.0	0.0	0.0	0.0	0.0	0.0	0.0	0.0	0.0	0.0	0.0	0.0	0.0	0.0	0.0
Hbb-bh1	1	7	103843019	103843164	0.0	0.0	0.0	0.0	0.0	0.0	0.0	0.0	0.0	0.0	0.0	0.0	0.0	0.0	0.0	0.0	0.0	0.0	0.0	0.0	0.0	0.0	0.0	0.0	0.0	0.0	0.0	0.0	0.0	0.0	0.0	0.0	0.0	0.0	0.0	0.0	0.0	0.0	0.0	0.0	0.0	0.0	0.0	0.0	0.0	0.0	0.0	0.0	0.0	0.0
Hbb-bh1	2	7	103842691	103842913	0.0	0.0	0.0	0.0	0.0	0.0	0.0	0.0	0.0	0.0	0.0	0.0	0.0	0.0	0.0	0.0	0.0	0.0	0.0	0.0	0.0	0.0	0.0	0.0	0.0	0.0	0.0	0.0	0.0	0.0	0.0	0.0	0.0	0.0	0.0	0.0	0.0	0.0	0.0	0.0	0.0	0.0	0.0	0.0	0.0	0.0	0.0	0.0	0.0	0.0
Hbb-bh1	3	7	103841637	103841880	0.0	0.0	0.0	0.0	0.0	0.0	0.0	0.0	0.0	0.0	0.0	0.0	0.0	0.0	0.0	0.0	0.0	0.0	0.0	0.0	0.0	0.0	0.0	0.0	0.0	0.0	0.0	0.0	0.0	0.0	0.0	0.0	0.0	0.0	0.0	0.0	0.0	0.0	0.0	0.0	0.0	0.0	0.0	0.0	0.0	0.0	0.0	0.0	0.0	0.0
Hbb-bh2	1	7	103840336	103840520	0.0	0.0	0.0	0.0	0.0	0.0	0.0	0.0	0.0	0.0	0.0	0.0	0.0	0.0	0.0	0.0	0.0	0.0	0.0	0.0	0.0	0.0	0.0	0.0	0.0	0.0	0.0	0.0	0.0	0.0	0.0	0.0	0.0	0.0	0.0	0.0	0.0	0.0	0.0	0.0	0.0	0.0	0.0	0.0	0.0	0.0	0.0	0.0	0.0	0.0
Hbb-bh2	2	7	103840028	103840250	0.0	0.0	0.0	0.0	0.0	0.0	0.0	0.0	0.0	0.0	0.0	0.0	0.0	0.0	0.0	0.0	0.0	0.0	0.0	0.0	0.0	0.0	0.0	0.0	0.0	0.0	0.0	0.0	0.0	0.0	0.0	0.0	0.0	0.0	0.0	0.0	0.0	0.0	0.0	0.0	0.0	0.0	0.0	0.0	0.0	0.0	0.0	0.0	0.0	0.0
Hbb-bh2	3	7	103839124	103839273	0.0	0.0	0.0	0.0	0.0	0.0	0.0	0.0	0.0	0.0	0.0	0.0	0.0	0.0	0.0	0.0	0.0	0.0	0.0	0.0	0.0	0.0	0.0	0.0	0.0	0.0	0.0	0.0	0.0	0.0	0.0	0.0	0.0	0.0	0.0	0.0	0.0	0.0	0.0	0.0	0.0	0.0	0.0	0.0	0.0	0.0	0.0	0.0	0.0	0.0
Hbb-bh3	1	7	103833648	103833723	0.0	0.0	0.0	0.0	0.0	0.0	0.0	0.0	0.0	0.0	0.0	0.0	0.0	0.0	0.0	0.0	0.0	0.0	0.0	0.0	0.0	0.0	0.0	0.0	0.0	0.0	0.0	0.0	0.0	0.0	0.0	0.0	0.0	0.0	0.0	0.0	0.0	0.0	0.0	0.0	0.0	0.0	0.0	0.0	0.0	0.0	0.0	0.0	0.0	0.0
Hbb-bh3	2	7	103833464	103833530	0.0	0.0	0.0	0.0	0.0	0.0	0.0	0.0	0.0	0.0	0.0	0.0	0.0	0.0	0.0	0.0	0.0	0.0	0.0	0.0	0.0	0.0	0.0	0.0	0.0	0.0	0.0	0.0	0.0	0.0	0.0	0.0	0.0	0.0	0.0	0.0	0.0	0.0	0.0	0.0	0.0	0.0	0.0	0.0	0.0	0.0	0.0	0.0	0.0	0.0
Hbb-bh3	3	7	103832628	103832750	0.0	0.0	0.0	0.0	0.0	0.0	0.0	0.0	0.0	0.0	0.0	0.0	0.0	0.0	0.0	0.0	0.0	0.0	0.0	0.0	0.0	0.0	0.0	0.0	0.0	0.0	0.0	0.0	0.0	0.0	0.0	0.0	0.0	0.0	0.0	0.0	0.0	0.0	0.0	0.0	0.0	0.0	0.0	0.0	0.0	0.0	0.0	0.0	0.0	0.0
Hbb-bs	1	7	103828012	103828096	0.0	0.0	0.0	0.0	0.0	0.0	0.0	0.0	0.0	0.0	0.0	0.0	0.0	0.0	0.0	0.0	0.0	0.0	0.0	0.0	0.0	0.0	0.0	0.0	0.0	0.0	0.0	0.0	0.0	0.0	0.0	0.0	0.0	0.0	0.0	0.0	0.0	0.0	0.0	0.0	0.0	0.0	0.0	0.0	0.0	0.0	0.0	0.0	0.0	0.0
Hbb-bs	2a	7	103827886	103827928	0.0	0.0	0.0	0.0	0.0	0.0	0.0	0.0	0.0	0.0	0.0	0.0	0.0	0.0	0.0	0.0	0.0	0.0	0.0	17.441860465116278	0.0	0.0	0.0	0.0	0.0	0.0	0.0	0.0	0.0	0.0	0.0	0.0	0.0	0.0	0.0	0.0	0.0	0.0	0.0	0.0	0.0	0.0	0.0	0.0	0.0	0.0	0.0	0.0	0.0	0.0
Hbb-bs	2b	7	103827784	103827886	0.0	0.0	0.0	0.0	0.0	0.0	0.0	0.0	0.0	0.0	0.0	0.0	0.0	0.0	0.0	0.0	0.0	0.0	0.0	12.742718446601941	0.0	0.0	0.0	0.0	0.0	0.0	0.0	0.0	0.0	0.0	0.0	0.0	0.0	0.0	0.0	0.0	0.0	0.0	0.0	0.0	0.0	0.0	0.0	0.0	0.0	0.0	0.0	0.0	0.0	0.0
Hbb-bs	3a	7	103827670	103827725	0.0	0.0	0.0	0.0	0.0	0.0	0.0	0.0	0.0	0.0	0.0	0.0	0.0	0.0	0.0	0.0	0.0	0.0	0.0	15.625	0.0	0.0	0.0	0.0	0.0	0.0	0.0	0.0	0.0	0.0	0.0	0.0	0.0	0.0	0.0	0.0	0.0	0.0	0.0	0.0	0.0	0.0	0.0	0.0	0.0	0.0	0.0	0.0	0.0	0.0
Hbb-bs	3b	7	103827452	103827670	0.0	13.984018264840183	0.0	0.0	0.0	0.0	0.0	0.0	8.751902587519025	0.0	0.0	0.0	1.5220700152207	0.0	0.0	0.0	0.0	0.0	13.988154324664153	0.0	0.0	0.0	0.0	0.0	0.0	0.0	0.0	0.0	0.0	0.0	0.0	0.0	0.0	0.0	0.0	0.0	0.0	0.0	0.0	0.0	0.0	0.0	0.0	0.0	0.0	0.0	0.0	0.0	0.0	0.0
Hbb-bs	3c	7	103827448	103827452	0.0	0.0	0.0	0.0	0.0	0.0	0.0	0.0	33.333333333333336	0.0	0.0	0.0	20.833333333333336	0.0	0.0	0.0	0.0	0.0	0.0	0.0	0.0	0.0	0.0	0.0	0.0	0.0	0.0	0.0	0.0	0.0	0.0	0.0	0.0	0.0	0.0	0.0	0.0	0.0	0.0	0.0	0.0	0.0	0.0	0.0	0.0	0.0	0.0	0.0	0.0	0.0
Hbb-bs	4a	7	103826728	103826793	0.0	0.0	0.0	0.0	0.0	0.0	0.0	0.0	9.785353535353536	0.0	0.0	0.0	9.154040404040405	0.0	0.0	0.0	0.0	0.0	0.0	0.0	0.0	0.0	0.0	0.0	0.0	0.0	0.0	0.0	0.0	46.93711306614532	0.0	66.42316017316017	0.0	0.0	0.0	0.0	0.0	0.0	0.0	0.0	0.0	0.0	0.0	2.840909090909091	0.0	0.0	0.0	0.0	0.0	0.0
Hbb-bs	4b	7	103826534	103826728	0.0	0.0	0.0	0.0	0.0	0.0	0.0	0.0	2.473958333333333	0.0	0.0	0.0	0.0	0.0	0.0	0.0	0.0	0.0	0.0	0.0	0.0	0.0	0.0	0.0	0.0	0.0	0.0	0.0	0.0	0.0	0.0	68.89880952380953	0.0	25.518176020408163	0.0	25.520833333333332	0.0	0.0	0.0	0.0	0.0	0.0	0.0	5.46875	0.0	0.0	0.0	0.0	0.0	0.0
Hbb-bt	1	7	103813778	103813996	0.0	0.0	0.0	0.0	0.0	0.0	0.0	0.0	0.0	0.0	0.0	0.0	0.0	0.0	0.0	0.0	0.0	0.0	0.0	0.0	0.0	0.0	0.0	0.0	0.0	0.0	0.0	0.0	0.0	0.0	0.0	0.0	0.0	0.0	0.0	0.0	0.0	0.0	0.0	0.0	0.0	0.0	0.0	0.0	0.0	0.0	0.0	0.0	0.0	0.0
Hbb-bt	2	7	103813439	103813661	0.0	13.733183856502242	0.0	0.0	0.0	0.0	0.0	0.0	4.577727952167414	0.0	0.0	0.0	1.868460388639761	0.0	0.0	0.0	0.0	0.0	13.741307597322416	0.0	0.0	0.0	0.0	0.0	0.0	0.0	0.0	0.0	0.0	0.0	0.0	0.0	0.0	0.0	0.0	0.0	0.0	0.0	0.0	0.0	0.0	0.0	0.0	0.0	0.0	0.0	0.0	0.0	0.0	0.0
Hbb-bt	3	7	103812524	103812784	0.0	0.0	0.0	0.0	0.0	0.0	0.0	0.0	9.033923303834808	0.0	0.0	0.0	11.715243042195716	0.0	0.0	0.0	0.0	0.0	0.0	0.0	0.0	0.0	0.0	0.0	0.0	0.0	0.0	0.0	0.0	76.94476163288608	0.0	13.596976401179939	0.0	0.0	0.0	0.0	0.0	0.0	0.0	0.0	0.0	0.0	0.0	49.732669616519175	0.0	0.0	0.0	0.0	0.0	0.0
Hbb-y	1	7	103853061	103853216	0.0	0.0	0.0	0.0	0.0	0.0	0.0	0.0	0.0	0.0	0.0	0.0	0.0	0.0	0.0	0.0	0.0	0.0	0.0	0.0	0.0	0.0	0.0	0.0	0.0	0.0	0.0	0.0	0.0	0.0	0.0	0.0	0.0	0.0	0.0	0.0	0.0	0.0	0.0	0.0	0.0	0.0	0.0	0.0	0.0	0.0	0.0	0.0	0.0	0.0
Hbb-y	2	7	103852748	103852970	0.0	0.0	0.0	0.0	0.0	0.0	0.0	0.0	0.0	0.0	0.0	0.0	0.0	0.0	0.0	0.0	0.0	0.0	0.0	0.0	0.0	0.0	0.0	0.0	0.0	0.0	0.0	0.0	0.0	0.0	0.0	0.0	0.0	0.0	0.0	0.0	0.0	0.0	0.0	0.0	0.0	0.0	0.0	0.0	0.0	0.0	0.0	0.0	0.0	0.0
Hbb-y	3	7	103851749	103852002	0.0	0.0	0.0	0.0	0.0	0.0	0.0	0.0	0.0	0.0	0.0	0.0	0.0	0.0	0.0	0.0	0.0	0.0	0.0	0.0	0.0	0.0	0.0	0.0	0.0	0.0	0.0	0.0	0.0	0.0	0.0	0.0	0.0	0.0	0.0	0.0	0.0	0.0	0.0	0.0	0.0	0.0	0.0	0.0	0.0	0.0	0.0	0.0	0.0	0.0
Hbegf	1	18	36515468	36515805	0.0	0.0	0.0	0.0	0.0	0.0	0.0	0.0	0.0	0.0	0.0	70.08290114725757	0.0	0.0	0.0	0.0	0.0	0.0	0.0	0.0	27.57150715071507	0.0	0.0	40.329234536356864	0.0	0.0	0.0	10.107260726072607	18.986720100581486	0.0	0.0	28.820869891867236	0.0	0.0	0.0	40.81053266616985	0.0	0.0	15.332783278327833	0.0	0.0	0.0	0.0	0.0	0.0	316.49933858226916	0.0	96.86966013575714	16.892962337708422	98.47103085884622
Hbegf	2	18	36515087	36515260	0.0	0.0	0.0	0.0	0.0	0.0	0.0	5.866858237547892	0.0	0.0	0.0	50.167624521072796	0.0	0.0	0.0	0.0	0.0	0.0	0.0	0.0	21.910919540229887	37.473610133708654	0.0	68.13780609695152	0.0	0.0	0.0	26.460727969348657	8.620689655172413	0.0	0.0	27.897509578544057	0.0	0.0	0.0	68.49343185550082	0.0	0.0	52.73819297834076	0.0	0.0	0.0	0.0	0.0	0.0	385.6336691159752	0.0	64.94148758953857	4.669540229885058	28.136973180076627
Hbegf	3	18	36512557	36512734	0.0	0.0	0.0	0.0	0.0	0.0	11.352996254681646	5.735018726591759	0.0	0.0	0.0	102.87921348314605	0.0	0.0	0.0	0.0	0.0	0.0	0.0	0.0	43.422284644194754	75.14044943820225	0.0	88.48314606741573	0.0	0.0	0.0	8.544007490636703	5.1498127340823965	0.0	0.0	3.9794007490636707	0.0	0.0	0.0	149.33119315141784	0.0	0.0	129.46826670743204	0.0	0.0	0.0	0.0	0.0	0.0	293.99687892451135	0.0	68.31134994300602	85.44007490636706	0.0
Hbegf	4	18	36507449	36507604	0.0	0.0	0.0	0.0	0.0	0.0	18.696581196581196	0.0	0.0	0.0	0.0	145.83333333333334	0.0	0.0	0.0	0.0	0.0	0.0	0.0	0.0	103.77013477975017	93.67715617715619	0.0	174.49310838733913	0.0	0.0	0.0	0.0	0.0	0.0	0.0	0.0	57.930784493284484	0.0	0.0	216.32919310493753	0.0	0.0	146.68125605625605	0.0	0.0	0.0	0.0	0.0	0.0	401.71953546544376	0.0	40.33119658119658	140.2332621082621	0.0
Hbegf	5	18	36506635	36506725	0.0	0.0	0.0	0.0	0.0	0.0	12.820512820512818	0.0	0.0	0.0	0.0	143.54395604395603	0.0	0.0	0.0	0.0	0.0	0.0	0.0	0.0	88.32417582417581	66.3658291310811	0.0	127.97619047619047	0.0	0.0	0.0	0.0	0.0	0.0	0.0	0.0	102.33516483516483	0.0	0.0	181.66518166518168	0.0	0.0	116.26506158278734	0.0	0.0	0.0	0.0	0.0	0.0	263.39653935807786	0.0	31.82234432234432	96.99328449328448	0.0
Hbegf	6	18	36504929	36506364	0.0	0.0	0.0	0.0	0.0	0.0	4.359980965976683	1.4572924101832023	4.3718772305496065	2.9145848203664046	0.0	32.03190757242011	0.0	0.0	0.0	0.0	0.0	0.0	0.0	0.0	58.93703437301153	38.93908313620089	10.20104687128242	19.585954661399107	0.0	0.0	0.0	43.73414658580262	0.0	0.0	0.0	26.23395541765379	20.39497400846437	0.0	0.0	120.25923912850828	0.0	54.06712371267775	27.131532451422316	0.0	0.0	10.20277597950523	0.0	0.0	0.0	299.94982455023774	0.0	49.0703593755625	73.7901290644119	0.0
Hbp1	1a	12	31950234	31950535	0.0	0.0	0.0	0.0	0.0	0.0	0.0	0.0	0.0	0.0	0.0	0.0	1.3218770654329148	0.0	0.0	0.0	0.0	0.0	0.0	0.0	0.0	0.0	0.0	0.0	0.0	0.0	0.0	0.0	0.0	0.0	0.0	0.0	0.0	0.0	0.0	0.0	0.0	0.0	0.0	0.0	0.0	0.0	0.0	0.0	0.0	0.0	0.0	0.0	0.0	0.0
Hbp1	1b	12	31950223	31950234	0.0	0.0	0.0	0.0	0.0	0.0	0.0	0.0	0.0	0.0	0.0	0.0	32.88398692810458	0.0	0.0	0.0	0.0	0.0	0.0	0.0	0.0	0.0	0.0	0.0	0.0	0.0	0.0	0.0	0.0	0.0	0.0	0.0	0.0	0.0	0.0	0.0	0.0	0.0	0.0	0.0	0.0	0.0	0.0	0.0	0.0	0.0	0.0	0.0	0.0	0.0
Hbp1	1c	12	31950221	31950223	0.0	0.0	0.0	0.0	0.0	0.0	0.0	0.0	0.0	0.0	0.0	0.0	50.2450980392157	0.0	0.0	0.0	0.0	0.0	0.0	0.0	0.0	0.0	0.0	0.0	66.96428571428571	0.0	0.0	0.0	0.0	0.0	0.0	0.0	0.0	23.809523809523807	0.0	0.0	0.0	0.0	0.0	0.0	0.0	0.0	0.0	0.0	0.0	0.0	0.0	0.0	0.0	0.0
Hbp1	1d	12	31950210	31950221	0.0	0.0	0.0	89.59369152632986	0.0	0.0	0.0	132.43695539269433	0.0	0.0	0.0	0.0	47.79411764705882	0.0	0.0	0.0	0.0	0.0	0.0	0.0	0.0	0.0	0.0	0.0	70.43650793650794	0.0	0.0	151.68676900584794	94.86607142857144	0.0	0.0	0.0	0.0	101.426393728223	0.0	0.0	0.0	0.0	0.0	0.0	0.0	0.0	0.0	0.0	0.0	21.825396825396826	12.152777777777779	0.0	0.0	15.625
Hbp1	1e	12	31950196	31950210	0.0	0.0	0.0	97.73857257417802	0.0	0.0	0.0	132.43695539269433	0.0	0.0	0.0	0.0	20.833333333333332	0.0	0.0	0.0	0.0	0.0	0.0	0.0	0.0	0.0	0.0	0.0	87.79761904761904	0.0	0.0	167.8688197767145	137.20238095238096	0.0	0.0	0.0	0.0	117.64421215640728	0.0	0.0	0.0	0.0	0.0	0.0	0.0	0.0	0.0	0.0	0.0	23.80952380952381	20.833333333333332	0.0	0.0	55.55555555555556
Hbp1	1f	12	31950170	31950196	0.0	0.0	0.0	7.239894264753928	0.0	0.0	0.0	9.810144843903286	0.0	0.0	0.0	0.0	1.5432098765432098	0.0	0.0	0.0	0.0	0.0	0.0	0.0	0.0	0.0	0.0	0.0	6.50352733686067	0.0	0.0	12.43472739086774	12.01499118165785	0.0	0.0	0.0	0.0	9.743192670021939	0.0	0.0	0.0	0.0	0.0	0.0	0.0	0.0	0.0	0.0	0.0	1.763668430335097	1.5432098765432098	0.0	0.0	4.62962962962963
Hbp1	1g	12	31950131	31950170	0.0	0.0	0.0	0.0	0.0	0.0	0.0	0.0	0.0	0.0	0.0	0.0	0.0	0.0	0.0	0.0	0.0	0.0	0.0	0.0	0.0	33.33333333333334	0.0	0.0	0.0	0.0	0.0	0.0	0.0	0.0	0.0	0.0	0.0	0.0	0.0	0.0	0.0	0.0	0.0	0.0	0.0	0.0	0.0	0.0	0.0	0.0	2.857142857142857	0.0	0.0	0.0
Hbp1	1h	12	31950105	31950131	0.0	0.0	0.0	0.0	0.0	0.0	0.0	0.0	0.0	0.0	0.0	0.0	0.0	0.0	0.0	0.0	0.0	0.0	0.0	0.0	0.0	27.777777777777775	0.0	0.0	0.0	0.0	0.0	0.0	0.0	0.0	0.0	0.0	0.0	0.0	0.0	0.0	0.0	0.0	0.0	0.0	0.0	0.0	0.0	0.0	0.0	0.0	8.465608465608467	0.0	0.0	0.0
Hbp1	2	12	31949575	31949608	0.0	0.0	0.0	0.0	0.0	0.0	0.0	0.0	0.0	0.0	0.0	0.0	0.0	0.0	0.0	0.0	0.0	0.0	0.0	0.0	0.0	0.0	0.0	0.0	0.0	0.0	0.0	0.0	0.0	0.0	0.0	0.0	0.0	0.0	0.0	0.0	0.0	0.0	0.0	0.0	0.0	0.0	0.0	0.0	0.0	0.0	0.0	0.0	0.0	0.0
Hbp1	3	12	31943829	31944012	63.6322463768116	0.0	0.0	91.65366444684634	0.0	0.0	0.0	93.00083172967153	39.09134656667716	15.39855072463768	42.82407407407407	0.0	57.85778985507246	0.0	0.0	0.0	0.0	0.0	0.0	0.0	0.0	79.59692028985508	63.40579710144927	0.0	109.20687856829157	0.0	0.0	71.90197888495945	116.88017598343684	0.0	187.51617494824012	0.0	0.0	175.64571834197272	0.0	0.0	0.0	32.04257246376811	0.0	0.0	0.0	0.0	63.475912340712384	0.0	0.0	41.39169254658385	211.15208764665292	0.0	0.0	81.98493083003953
Hbp1	4a	12	31940407	31940506	45.0	0.0	0.0	69.99999999999999	0.0	0.0	0.0	86.25	71.72358459512837	16.666666666666668	105.7792022792023	0.0	78.75	0.0	0.0	0.0	0.0	0.0	0.0	0.0	0.0	109.58333333333334	0.0	0.0	138.33333333333331	0.0	0.0	43.95833333333333	164.83974358974356	0.0	0.0	0.0	0.0	285.60833333333335	0.0	0.0	0.0	18.958333333333336	0.0	0.0	0.0	0.0	87.21631205673758	0.0	0.0	123.33333333333333	122.97619047619048	0.0	0.0	55.20833333333333
Hbp1	4b	12	31940278	31940407	18.589743589743595	0.0	0.0	75.96153846153847	0.0	0.0	0.0	106.89102564102564	81.753663003663	4.807692307692308	92.15976331360947	0.0	114.26282051282053	0.0	0.0	0.0	0.0	0.0	0.0	0.0	0.0	96.63461538461537	0.0	0.0	112.82051282051282	0.0	0.0	70.989010989011	224.48361823361822	0.0	0.0	0.0	0.0	294.78296224263966	0.0	0.0	0.0	12.66025641025641	0.0	0.0	0.0	0.0	108.81410256410255	0.0	0.0	22.91666666666666	190.54487179487177	0.0	0.0	65.22435897435896
Hbp1	4c	12	31939751	31940278	0.15782828282828282	0.0	0.0	0.23674242424242425	0.0	0.0	0.0	44.56456930415264	0.3269300144300144	0.0	0.23674242424242425	0.0	0.394570707070707	0.0	0.0	0.0	0.0	0.0	0.0	0.0	0.0	19.3012236728992	0.0	0.0	59.059240948445485	0.0	0.0	19.91680194805195	26.357323232323235	0.0	0.0	0.0	0.0	97.62468434343434	0.0	0.0	0.0	4.695391414141414	0.0	0.0	0.0	0.0	0.23674242424242425	0.0	0.0	0.0	2.564709595959596	0.0	0.0	0.15782828282828282
Hbp1	5	12	31937618	31937759	33.45070422535211	0.0	0.0	55.04694835680751	0.0	0.0	0.0	77.93427230046949	39.46596244131455	0.0	43.77486181456556	0.0	59.27230046948356	0.0	0.0	0.0	0.0	0.0	0.0	0.0	0.0	48.90769347266394	0.0	0.0	0.0	0.0	0.0	0.0	240.62406353011687	0.0	0.0	0.0	0.0	0.0	0.733568075117371	0.0	0.0	40.19953051643191	0.0	0.0	2.0539906103286385	0.0	82.65845070422534	0.0	0.0	65.58098591549296	229.34723726977248	14.377934272300468	0.0	113.55633802816901
Hbp1	6	12	31937170	31937281	49.107142857142854	0.0	0.0	100.44642857142857	0.0	0.0	0.0	64.17410714285714	116.44345238095237	13.950892857142858	24.36755952380953	0.0	177.6582792207792	0.0	0.0	0.0	0.0	0.0	77.87119097176334	0.0	0.0	64.55477856465167	0.0	0.0	0.0	0.0	0.0	0.0	192.73207953394126	0.0	0.0	0.0	0.0	0.0	0.0	0.0	0.0	26.97172619047619	0.0	0.0	18.229166666666664	62.87202380952381	103.05059523809523	0.0	0.0	50.46237244897959	243.48958333333331	9.114583333333332	0.0	127.83310439560438
Hbp1	7a	12	31937045	31937084	26.5625	0.0	0.0	89.58333333333333	0.0	0.0	0.0	42.1875	83.33333333333334	30.20833333333333	15.104166666666664	0.0	116.14583333333336	0.0	0.0	0.0	0.0	0.0	0.0	0.0	0.0	102.1139705882353	0.0	0.0	0.0	12.218088816554289	0.0	0.0	125.0	0.0	0.0	0.0	0.0	0.0	0.0	0.0	0.0	29.166666666666664	0.0	0.0	0.0	52.60416666666666	37.5	0.0	0.0	30.72916666666666	299.7640714526458	14.583333333333332	0.0	20.3125
Hbp1	7b	12	31936972	31937045	34.922150411280846	0.0	0.0	88.96396396396396	0.0	0.0	0.0	55.74324324324323	78.5472972972973	4.222972972972973	33.78378378378378	0.0	104.61323392357875	0.0	0.0	0.0	0.0	0.0	0.0	0.0	0.0	43.07432432432432	0.0	0.0	0.0	64.57231033637682	0.0	0.0	165.54054054054055	0.0	0.0	0.0	0.0	0.0	0.0	0.0	0.0	10.97972972972973	0.0	0.0	0.0	69.53828828828829	45.88963963963964	0.0	0.0	56.894963144963135	227.46239034788064	12.105855855855856	0.0	58.55855855855856
Hbp1	7c	12	31936459	31936972	0.08106355382619974	0.0	0.0	37.97827496757457	0.0	0.0	0.0	74.37415627729693	13.902399481193255	0.0	0.324254215304799	0.0	0.7826825886667561	0.0	0.0	0.0	0.0	0.0	0.0	0.0	0.0	33.195525291828794	0.0	0.0	0.0	0.24319066147859922	0.0	47.69955732250606	20.184824902723737	0.0	0.0	0.0	0.0	0.0	0.0	0.0	0.0	14.415801988759187	0.0	0.0	0.0	48.11588252932234	0.17370761534185655	0.0	0.0	51.13536659800107	1.0573507020808661	22.16922761322428	0.0	0.4863813229571984
Hbp1	8a	12	31934441	31934803	0.0	0.0	0.0	72.57094757094755	0.0	0.0	0.0	0.0	0.0	0.0	10.873989158446637	0.0	0.0	0.0	0.0	0.0	0.0	32.85697887970615	0.0	0.0	0.0	14.061065197428833	0.0	0.0	0.0	0.0	0.0	0.0	0.0	0.0	0.0	0.0	0.0	0.0	0.0	0.0	0.0	22.51094864731228	47.27469500196772	36.73094582185492	0.0	25.362718089990814	0.0	66.2655930987674	0.0	6.829660238751147	0.0	0.0	0.0	0.0
Hbp1	8b	12	31934342	31934441	46.041666666666664	0.0	0.0	91.04166666666667	0.0	0.0	10.208333333333334	0.0	69.99999999999999	20.416666666666668	40.833333333333336	0.0	131.68103448275863	0.0	0.0	0.0	0.0	95.625	0.0	0.0	0.0	127.23214285714288	0.0	0.0	0.0	50.625	0.0	0.0	77.08333333333334	0.0	0.0	0.0	0.0	0.0	0.0	0.0	0.0	17.291666666666664	73.3377659574468	67.91666666666667	0.0	10.208333333333334	0.0	195.45733117483812	0.0	21.875	308.2894927536231	0.0	0.0	88.95833333333333
Hbp1	8c	12	31934285	31934342	35.560344827586206	0.0	0.0	53.16091954022988	0.0	0.0	0.0	0.0	97.34195402298849	0.0	121.04885057471263	0.0	143.3189655172414	0.0	0.0	0.0	0.0	77.22701149425286	0.0	0.0	0.0	98.41954022988507	0.0	0.0	0.0	90.15804597701148	0.0	0.0	31.609195402298848	0.0	0.0	0.0	0.0	0.0	0.0	0.0	0.0	23.809523809523807	93.74999999999999	14.008620689655173	0.0	0.0	0.0	147.27011494252872	0.0	11.494252873563218	200.4310344827586	0.0	0.0	109.91379310344827
Hbp1	9	12	31933357	31933501	53.304597701149426	0.0	0.0	64.08045977011493	0.0	0.0	0.0	0.0	83.37114337568059	17.95977011494253	79.3103448275862	0.0	57.21264367816092	0.0	0.0	0.0	0.0	53.03492484526967	0.0	0.0	0.0	34.62643678160919	0.0	0.0	0.0	36.23563218390805	0.0	0.0	52.01149425287356	0.0	0.0	0.0	0.0	0.0	0.0	0.0	0.0	25.00836647745556	50.58777429467084	6.681034482758621	0.0	0.0	0.0	0.0	0.0	36.637931034482754	133.90804597701148	56.25478927203064	0.0	110.63218390804597
Hbp1	10	12	31932833	31933031	0.0	0.0	0.0	0.0	0.0	0.0	0.0	0.0	0.0	0.0	53.14647952405708	0.0	0.0	0.0	0.0	0.0	0.0	22.298994974874372	0.0	0.0	0.0	20.51926298157454	0.0	0.0	0.0	0.0	0.0	0.0	0.0	0.0	0.0	0.0	0.0	0.0	0.0	0.0	0.0	0.0	0.0	0.0	0.0	0.0	0.0	0.0	0.0	0.0	0.0	0.0	0.0	0.0
Hbp1	11a	12	31930924	31931005	39.634146341463406	0.0	0.0	58.18089430894308	0.0	0.0	0.0	0.0	41.41260162601626	5.5894308943089435	77.23577235772358	0.0	165.76807873341892	0.0	0.0	0.0	0.0	110.77235772357723	0.0	0.0	0.0	94.51219512195122	0.0	0.0	0.0	30.995934959349594	0.0	0.0	58.99390243902439	0.0	0.0	0.0	0.0	0.0	0.0	0.0	0.0	30.967825635703164	114.12601626016261	0.0	0.0	0.0	0.0	0.0	0.0	26.676829268292682	178.60772357723576	0.0	0.0	144.5630081300813
Hbp1	11b	12	31930813	31930924	36.086309523809526	0.0	0.0	69.38244047619047	0.0	0.0	0.0	0.0	74.77678571428571	9.114583333333332	65.84821428571428	0.0	74.21875	0.0	0.0	0.0	0.0	68.82440476190476	0.0	0.0	0.0	54.12946428571428	28.637378246753244	0.0	0.0	54.31547619047618	0.0	0.0	47.61904761904761	0.0	0.0	0.0	0.0	0.0	0.0	0.0	49.52638294927075	78.27197269784477	93.19196428571429	0.0	0.0	0.0	0.0	0.0	0.0	9.114583333333332	148.83378623188403	0.0	0.0	98.58251336248787
Hbp1	11c	12	31930682	31930813	76.54349618635332	0.0	0.0	48.9853896103896	0.0	0.0	14.520202020202019	0.0	72.94536271809	0.0	67.13564213564214	0.0	83.64898989898991	0.0	0.0	0.0	0.0	38.036616161616166	0.0	0.0	0.0	76.86237373737373	61.43012572533848	0.0	0.0	29.36613475177305	0.0	0.0	49.715909090909086	0.0	0.0	0.0	0.0	0.0	0.0	0.0	81.28156565656565	16.809926184926184	98.30351386202449	0.0	0.0	0.0	0.981445662296726	0.0	0.0	7.733585858585858	183.38960254721124	0.946969696969697	0.0	149.14772727272722
Hbp1	11d	12	31929383	31930682	0.1282051282051282	0.0	0.0	0.09615384615384616	0.0	0.0	0.1121794871794872	0.0	0.09615384615384616	0.0	0.09615384615384616	0.0	87.02581770428863	0.0	0.0	0.03205128205128205	0.0	26.912379148908638	0.0	0.0	0.0	0.0641025641025641	0.8173076923076923	0.0	0.0	20.713141025641022	0.0	0.0	0.03205128205128205	0.0	0.0	0.0	34.80942681278018	0.0	0.0	0.0	0.03205128205128205	0.0	0.19298963447899617	0.0	0.0	0.0	0.13170576468448808	3.141025641025641	0.0	12.574602122015916	0.22435897435897434	19.91987179487179	0.0	20.597920932998914
Hbp1	12	12	31928584	31928725	55.75117370892018	0.0	275.71102322635727	31.836854460093893	0.0	0.0	7.188967136150234	12.617370892018778	83.77347417840377	11.29694835680751	54.15986255698442	0.0	0.0	0.0	0.0	167.3247820254862	48.85563380281689	0.0	0.0	0.0	0.0	64.27487690369861	0.0	0.0	0.0	0.0	0.0	0.0	36.825117370892016	0.0	0.0	0.0	40.58060484116822	0.0	0.0	0.0	1.0269953051643192	2.7875586854460095	82.8855619929189	0.0	0.0	0.0	112.80674591282921	0.0	0.0	0.0	108.71478873239438	85.38732394366195	0.0	147.74061032863844
Hbp1	13	12	31926254	31927507	56.74785974211733	0.0	54.14615805304895	130.33086656029542	0.0	0.0	8.374350560568773	5.024610336341262	57.58878117737432	0.8374350560568771	43.547365980668395	0.0	0.0	0.0	0.0	88.47046946648753	41.13128023974151	0.0	0.0	0.0	0.0	41.048620537584846	0.0	0.0	0.0	21.374532859356485	0.0	36.857352382372895	53.187273083791176	0.0	0.0	0.0	0.0	39.47029180827376	0.0	43.578784149949044	15.076748901205171	1.6748701121137541	70.53415609159019	0.0	0.0	0.0	242.0409698108034	25.071780147662018	0.0	19.279647451929804	149.609916967059	20.356352698436368	0.0	94.68621339317302
Hbq1a	1	11	32300069	32300212	0.0	0.0	0.0	0.0	0.0	0.0	0.0	0.0	0.0	0.0	0.0	0.0	0.0	0.0	0.0	0.0	0.0	0.0	0.0	0.0	0.0	18.730886850152906	0.0	0.0	0.0	18.730886850152906	0.0	0.0	0.0	0.0	0.0	0.0	19.304281345565748	0.0	0.0	0.0	58.180428134556564	0.0	0.0	0.0	0.0	9.365443425076453	0.0	0.0	0.0	0.0	0.0	0.0	0.0	0.0
Hbq1a	2	11	32300308	32300512	0.0	0.0	0.0	0.0	0.0	0.0	0.0	0.0	0.0	0.0	0.0	0.0	0.0	0.0	0.0	0.0	0.0	0.0	0.0	0.0	0.0	14.939024390243901	0.0	24.898373983739834	0.0	24.915724767003766	0.0	0.0	0.0	0.0	4.988913525498891	0.0	64.4308943089431	0.0	29.8780487804878	0.0	93.6991869918699	0.0	0.0	0.0	0.0	19.91869918699187	0.0	0.0	0.0	0.0	0.0	0.0	0.0	0.0
Hbq1a	3	11	32300619	32300873	0.0	0.0	0.0	0.0	0.0	0.0	0.0	0.0	0.0	0.0	0.0	0.0	0.0	0.0	0.0	0.0	0.0	0.0	0.0	0.0	0.0	0.0	0.0	0.0	0.0	0.0	0.0	0.0	0.0	0.0	0.0	0.0	0.0	0.0	0.0	0.0	0.0	0.0	0.0	0.0	0.0	0.0	0.0	0.0	0.0	0.0	0.0	0.0	0.0	18.617424242424242
Hbq1b	1a	11	32286965	32287001	0.0	0.0	0.0	0.0	0.0	0.0	0.0	0.0	0.0	0.0	0.0	0.0	0.0	0.0	0.0	0.0	0.0	0.0	0.0	0.0	0.0	64.51612903225806	0.0	0.0	0.0	366.66666666666663	0.0	0.0	0.0	0.0	676.8292682926829	0.0	676.4705882352941	0.0	63.50806451612903	0.0	4597.393267651889	0.0	0.0	0.0	0.0	1404.7619047619046	0.0	0.0	0.0	0.0	0.0	0.0	0.0	0.0
Hbq1b	1b	11	32287001	32287107	0.0	0.0	0.0	0.0	0.0	0.0	0.0	0.0	0.0	0.0	0.0	0.0	0.0	0.0	0.0	0.0	0.0	0.0	0.0	0.0	0.0	87.61682242990655	0.0	55.50949653301175	0.0	61.721183800623045	0.0	0.0	0.0	0.0	39.13551401869159	0.0	94.17949422759757	0.0	40.69314641744548	0.0	153.3878504672897	0.0	0.0	0.0	0.0	9.5404984423676	0.0	0.0	0.0	0.0	0.0	0.0	0.0	0.0
Hbq1b	2a	11	32287203	32287407	0.0	0.0	0.0	0.0	0.0	0.0	0.0	0.0	0.0	0.0	0.0	0.0	0.0	0.0	0.0	0.0	0.0	0.0	0.0	0.0	0.0	41.463414634146346	0.0	51.422764227642276	0.0	36.602716636922466	0.0	0.0	0.0	0.0	9.866962305986695	0.0	84.53436807095343	0.0	41.26016260162601	0.0	172.16898954703828	0.0	0.0	0.0	0.0	45.32520325203253	0.0	0.0	0.0	0.0	0.0	0.0	0.0	0.0
Hbq1b	2b	11	32287407	32287514	0.0	0.0	0.0	0.0	0.0	0.0	0.0	0.0	0.0	0.0	0.0	0.0	0.0	0.0	0.0	0.0	0.0	0.0	0.0	0.0	0.0	0.0	0.0	0.0	0.0	0.0	0.0	0.0	0.0	0.0	0.0	0.0	0.4208754208754209	0.0	0.0	0.0	0.38580246913580246	0.0	0.0	0.0	0.0	0.0	0.0	0.0	0.0	0.0	0.0	0.0	0.0	0.0
Hbq1b	2c	11	32287514	32287727	0.0	0.0	0.0	0.0	0.0	0.0	0.0	0.0	0.0	0.0	0.0	0.0	0.0	0.0	0.0	0.0	0.0	0.0	0.0	0.0	0.0	0.0	0.0	0.0	0.0	0.0	0.0	0.0	0.0	0.0	0.0	0.0	0.3186066270178419	0.0	0.0	0.0	0.19470404984423675	0.0	0.0	0.0	0.0	0.0	0.0	0.0	0.0	0.0	0.0	0.0	0.0	0.0
Hbq1b	2d	11	32287727	32287784	0.0	0.0	0.0	0.0	0.0	0.0	0.0	0.0	0.0	0.0	0.0	0.0	0.0	0.0	0.0	0.0	0.0	0.0	0.0	0.0	0.0	0.0	0.0	0.0	0.0	0.0	0.0	0.0	0.0	0.0	0.0	0.0	0.0	0.0	0.0	0.0	0.0	0.0	0.0	0.0	0.0	0.0	0.0	0.0	0.0	0.0	0.0	0.0	0.0	0.0
Hbs1l	1a	10	21295979	21296009	-276.0416666666667	-0.0	-0.0	-0.0	-0.0	-0.0	-0.0	-0.0	-0.0	-0.0	-0.0	-0.0	-0.0	-0.0	-46.875	-0.0	-0.0	-0.0	-0.0	-0.0	-0.0	-0.0	-0.0	-0.0	-0.0	-0.0	-0.0	-0.0	-0.0	-0.0	-0.0	-0.0	-0.0	-0.0	-0.0	-0.0	-0.0	-0.0	-0.0	-0.0	-0.0	-505.20833333333326	-0.0	-161.45833333333334	-0.0	-0.0	-0.0	-0.0	-0.0	-0.0
Hbs1l	1b	10	21296009	21296018	68.13725490196079	52.98701298701299	0.0	58.95593869731801	0.0	0.0	0.0	0.0	0.0	0.0	0.0	9.75609756097561	10.416666666666668	0.0	20.833333333333336	0.0	0.0	0.0	0.0	0.0	0.0	26.470588235294116	0.0	0.0	0.0	0.0	0.0	0.0	0.0	26.470588235294116	0.0	0.0	0.0	57.65394088669951	0.0	0.0	0.0	0.0	0.0	0.0	10.416666666666668	72.5	9.67741935483871	87.83232446042545	0.0	0.0	0.0	0.0	0.0	0.0
Hbs1l	1c	10	21296018	21296030	90.30920060331823	58.874458874458874	16.02564102564103	95.50081762261962	0.0	10.256410256410257	0.0	0.0	0.0	0.0	0.0	24.390243902439025	53.73931623931624	93.51432880844644	20.833333333333332	0.0	0.0	0.0	34.3204589528119	0.0	0.0	45.43740573152338	0.0	0.0	0.0	0.0	0.0	12.406947890818858	0.0	29.41176470588235	0.0	0.0	0.0	192.179802955665	41.02564102564103	60.78880270056741	11.655011655011656	0.0	87.65716265716266	44.868050875560265	20.833333333333332	110.25641025641025	32.25806451612903	167.88125247492243	151.547486330095	0.0	0.0	0.0	0.0	0.0
Hbs1l	1d	10	21296030	21296033	93.6902199904352	58.874458874458874	33.02845528455285	127.5470561991493	0.0	33.333333333333336	0.0	0.0	0.0	0.0	0.0	24.390243902439025	74.30555555555556	101.20663650075414	20.833333333333332	0.0	0.0	0.0	89.23319327731093	0.0	0.0	71.9842284739983	0.0	0.0	0.0	0.0	0.0	32.25806451612903	0.0	41.60688665710187	0.0	0.0	0.0	192.179802955665	99.6951219512195	118.78942633964154	42.49815225424981	0.0	202.11897437507193	72.91058267278542	20.833333333333332	106.24999999999999	32.25806451612903	177.49663709030708	309.58635265700485	0.0	0.0	0.0	24.390243902439025	0.0
Hbs1l	1e	10	21296033	21296038	98.94089749721026	58.87445887445888	52.16802168021681	139.7421781503688	0.0	33.333333333333336	0.0	0.0	64.58333333333334	0.0	0.0	24.39024390243902	74.30555555555556	108.1510809451986	20.833333333333332	0.0	0.0	17.36111111111111	103.12208216619983	0.0	0.0	93.72335890878092	0.0	0.0	0.0	0.0	0.0	32.25806451612903	0.0	60.74645305276582	0.0	0.0	0.0	192.17980295566502	111.89024390243902	130.98454829086106	54.69327420546932	0.0	235.14742965962478	72.91058267278542	20.833333333333332	71.52777777777779	32.25806451612903	202.49663709030708	349.5169082125604	0.0	0.0	0.0	55.72493224932249	0.0
Hbs1l	1f	10	21296038	21296058	102.64654642344742	19.542362399505258	74.98548199767711	110.57654143467649	0.0	31.746031746031743	0.0	0.0	72.51984126984128	11.904761904761903	0.0	22.067363530778167	69.84126984126985	107.63843999138116	11.904761904761903	0.0	0.0	20.833333333333332	117.01097105508872	0.0	0.0	81.7932245361913	0.0	0.0	0.0	20.833333333333332	0.0	30.721966205837173	0.0	61.97194324884425	0.0	0.0	0.0	87.58210180623973	161.69183120402633	139.32424780703118	54.69327420546932	0.0	250.02838204057716	71.51002244869579	24.801587301587304	35.11904761904762	29.249871991807478	173.18165748333632	385.2311939268461	0.0	13.88888888888889	0.0	88.46302748741773	0.0
Hbs1l	1g	10	21296058	21296176	109.5468675274988	52.11049937216265	41.26955660312906	117.42501878800302	0.0	0.0	0.0	0.0	23.039215686274506	9.80392156862745	0.0	28.33441068735186	94.14098972922503	149.85994397759103	20.65826330532213	0.0	0.0	30.987394957983195	71.91729633029682	0.0	0.0	34.13865546218487	0.0	8.403361344537815	0.0	31.337535014005603	0.0	33.26330532212885	0.0	41.26955660312906	0.0	13.480392156862743	0.0	33.08823529411764	58.71153339384534	107.45319479083481	12.36708652418839	0.0	137.08134978887182	7.739833522061307	20.367721556707792	60.956200662083006	35.0140056022409	162.1905739039802	205.5270658988233	8.57843137254902	26.435574229691873	0.0	99.97608799617406	0.0
Hbs1l	2a	10	21299178	21299225	115.01736111111111	66.40625	112.84722222222223	137.7108134920635	0.0	0.0	0.0	20.833333333333332	12.152777777777779	13.454861111111112	0.0	58.59375	115.88541666666667	181.1868686868687	76.82291666666667	0.0	0.0	109.37500000000001	51.01613562091503	0.0	0.0	101.99652777777779	0.0	0.0	0.0	23.87152777777778	0.0	78.99305555555556	0.0	28.211805555555554	0.0	31.684027777777775	0.0	83.7673611111111	96.78819444444443	264.54454787234044	0.0	0.0	280.3819444444444	14.322916666666666	0.0	20.833333333333332	37.326388888888886	163.62847222222223	330.66972196164267	20.833333333333332	60.763888888888886	0.0	204.25347222222223	0.0
Hbs1l	2b	10	21299225	21299243	307.0175438596491	234.64912280701753	156.79824561403507	166.66666666666666	0.0	0.0	9.868421052631579	31.798245614035082	41.666666666666664	0.0	0.0	126.09649122807015	316.8859649122807	256.27990430622003	175.43859649122808	0.0	0.0	133.7719298245614	76.75438596491229	0.0	0.0	185.30701754385967	0.0	0.0	0.0	20.833333333333332	0.0	60.307017543859644	0.0	87.71929824561403	0.0	26.31578947368421	0.0	103.07017543859648	142.54385964912277	365.1315789473684	0.0	0.0	250.0	38.377192982456144	0.0	20.833333333333332	33.99122807017543	275.219298245614	432.4392712550607	2.1929824561403506	97.58771929824562	0.0	146.9298245614035	0.0
Hbs1l	3	10	21304530	21304643	221.4912280701754	235.56286549707596	108.00438596491229	205.74673864147547	0.0	0.0	22.84356725146199	22.112573099415204	32.89473684210526	12.426900584795321	0.0	124.20479690216534	227.52192982456137	223.56934001670845	96.0648148148148	0.0	0.0	57.38304093567251	116.82852965747705	0.0	0.0	104.00516795865633	0.0	0.0	0.0	40.38742690058479	0.0	58.87623020967052	0.0	59.39327485380117	0.0	135.78216374269007	0.0	78.32988267770877	194.26169590643275	229.83674463937626	0.0	0.0	213.48351940457204	49.89035087719298	0.0	43.02343611554138	29.422514619883035	249.81725146198826	265.5308142150248	25.950292397660817	94.26169590643275	0.0	176.53897598606443	0.0
Hbs1l	4	10	21307585	21307779	177.9892726321298	152.96092796092793	99.99999999999997	182.60371065249115	0.0	13.782051282051281	16.987179487179485	5.235042735042735	36.652421652421644	3.205128205128205	0.0	131.02513860563948	234.31952662721892	254.3863992770216	125.28475492761204	0.0	0.0	86.15166579452294	98.6025641025641	0.0	0.0	106.49349960764351	0.0	0.0	0.0	22.86324786324786	0.0	28.848426986724856	0.0	45.94017094017094	0.0	69.65811965811966	0.0	117.30862133036047	202.0299145299145	202.75182532267553	0.0	0.0	208.3730158730159	55.128205128205124	0.0	31.267806267806264	31.551744051744045	325.19959694708854	409.6314448230824	5.769230769230769	125.20397442343142	0.0	137.22011276889324	0.0
Hbs1l	5a	10	21309099	21309314	28.16358024691358	0.0	0.0	0.0	0.0	0.0	0.0	4.72608024691358	0.0	0.0	0.0	59.58017676767676	0.0	0.0	0.0	0.0	0.0	70.16389211511164	71.57562787806876	0.0	0.0	0.0	0.0	0.0	0.0	0.0	0.0	41.61726513098465	0.0	0.0	0.0	0.0	0.0	45.895655270655276	0.0	166.98952451590262	0.0	0.0	164.5061728395062	0.0	0.0	0.0	38.73171060671061	70.89120370370372	25.462962962962962	0.0	0.0	0.0	6.4621913580246915	0.0
Hbs1l	5b	10	21309314	21309743	36.57945736434108	0.0	0.0	0.0	0.0	0.0	0.0	0.0	0.0	0.0	0.0	0.2642706131078224	11.96705426356589	0.0	0.0	0.0	0.0	0.28360748723766305	0.0	0.0	0.0	0.0	0.0	0.0	0.0	0.0	0.0	0.28360748723766305	0.0	0.0	0.0	0.0	0.0	0.0	0.0	26.023075536325944	0.0	0.0	0.0	0.0	0.0	0.0	74.54237508957071	33.91472868217055	0.0	0.0	0.0	0.0	0.0	0.0
Hbs1l	5c	10	21309743	21311206	15.013091985428048	0.0	0.0	0.0	0.0	0.0	0.0	0.0	22.73991905505371	0.0	0.0	0.0	17.718476353282067	0.0	0.0	0.0	0.0	0.0	0.0	0.0	0.0	0.0	0.0	0.0	0.0	0.0	0.0	0.0	0.0	0.0	0.0	0.0	0.0	0.0	0.0	29.838712062072716	0.0	0.0	0.0	0.0	0.0	0.0	35.998216454159085	29.08982240437158	0.0	0.0	0.0	0.0	0.0	0.0
Hbs1l	5d	10	21311206	21311209	0.0	0.0	0.0	0.0	0.0	0.0	0.0	0.0	20.833333333333332	0.0	0.0	0.0	20.833333333333332	0.0	0.0	0.0	0.0	0.0	0.0	0.0	0.0	0.0	0.0	0.0	0.0	0.0	0.0	0.0	0.0	0.0	0.0	0.0	0.0	0.0	0.0	83.33333333333333	0.0	0.0	0.0	0.0	0.0	0.0	0.0	41.666666666666664	0.0	0.0	0.0	0.0	0.0	0.0
Hbs1l	6a	10	21336967	21336974	166.66666666666666	0.0	117.18749999999999	41.666666666666664	0.0	20.833333333333332	0.0	0.0	0.0	0.0	0.0	83.77659574468085	166.66666666666666	297.14912280701753	104.16666666666666	0.0	0.0	20.833333333333332	0.0	0.0	0.0	77.1103896103896	0.0	0.0	0.0	0.0	0.0	20.833333333333332	0.0	33.854166666666664	0.0	0.0	0.0	71.70138888888889	187.5	0.0	0.0	0.0	0.0	41.666666666666664	0.0	83.33333333333333	0.0	157.52782091097308	62.5	0.0	166.66666666666666	0.0	75.52083333333333	0.0
Hbs1l	6b	10	21336974	21336976	166.66666666666666	0.0	104.16666666666667	83.33333333333333	0.0	20.833333333333332	0.0	0.0	0.0	0.0	0.0	83.77659574468085	180.55555555555554	297.14912280701753	131.94444444444446	0.0	0.0	20.833333333333332	0.0	0.0	0.0	134.83044733044733	0.0	0.0	0.0	13.888888888888888	0.0	20.833333333333332	0.0	34.722222222222214	0.0	0.0	0.0	43.05555555555555	187.5	0.0	0.0	0.0	0.0	41.666666666666664	0.0	83.33333333333333	0.0	149.71532091097308	62.5	0.0	166.66666666666666	0.0	83.33333333333333	0.0
Hbs1l	6c	10	21336976	21337075	102.70833333333334	0.0	55.20833333333333	243.0388888888888	0.0	1.875	0.0	0.0	40.833333333333336	0.0	0.0	74.66107474086198	160.2777777777778	160.78947368421052	174.2440476190476	0.0	0.0	55.83333333333333	0.0	0.0	0.0	112.37283549783548	0.0	0.0	0.0	28.023399014778327	0.0	88.125	0.0	109.5138888888889	0.0	17.708333333333332	0.0	65.26388888888889	127.50000000000003	0.0	0.0	0.0	0.0	28.958333333333336	0.0	74.79166666666664	0.0	164.70923637725207	34.583333333333336	0.0	99.37943262411348	0.0	42.36111111111111	13.958333333333332
Hbs1l	6d	10	21337075	21337176	0.0	0.0	0.0	28.79901960784313	0.0	0.0	0.0	0.0	0.0	0.0	0.0	0.0	0.0	0.0	0.0	0.0	0.0	0.0	0.0	0.0	0.0	0.0	0.0	0.0	0.0	0.0	0.0	0.0	0.0	0.0	0.0	25.531045751633986	0.0	19.91421568627451	0.0	0.0	0.0	0.0	0.0	0.0	0.0	0.0	0.0	0.0	0.0	0.0	0.0	0.0	0.0	16.544117647058822
Hbs1l	7	10	21341714	21341979	112.38875249347858	0.0	56.83852488363767	172.46240601503757	0.0	19.423558897243108	0.0	4.620927318295739	0.0	11.51315789473684	0.0	82.35905698311711	138.86278195488723	136.92283593599382	117.10282199004001	0.0	0.0	80.51378446115287	0.0	0.0	0.0	151.71610267434068	0.0	0.0	0.0	27.9701166180758	0.0	47.51461988304095	0.0	84.66478696741854	0.0	37.04573934837092	0.0	62.379908103592314	127.9761904761905	0.0	0.0	0.0	0.0	22.4937343358396	0.0	22.211779448621552	0.0	153.07568506756638	14.574789245841878	11.51315789473684	72.9372774040364	0.0	64.77470851040644	0.0
Hbs1l	8	10	21342399	21342564	204.74397590361448	0.0	71.285140562249	93.14759036144578	0.0	5.7730923694779115	0.0	11.04417670682731	0.0	0.0	0.0	117.21887550200802	48.318273092369466	247.53971854796754	106.60140562248996	0.0	0.0	101.06648398103692	0.0	0.0	0.0	138.16678918178812	0.0	0.0	0.0	39.533132530120476	0.0	88.18607764390896	0.0	61.144578313253014	0.0	82.22635439718057	0.0	125.49320676358727	61.610837288548126	0.0	0.0	0.0	0.0	17.068273092369473	0.0	12.32429718875502	0.0	60.36646586345381	31.25	44.98676524278933	62.77610441767069	0.0	16.315261044176708	0.0
Hbs1l	9a	10	21344672	21345077	0.41050903119868637	0.0	0.10262725779967159	84.16368114643977	0.0	0.0	0.0	0.0	0.0	7.546524356869182	0.0	61.3135477962278	57.14872155758855	1.1525830491347735	19.29392446633826	79.07430213464696	0.0	24.322660098522167	0.0	0.0	0.0	16.937959591632755	0.0	0.0	0.0	0.10262725779967159	0.0	0.3078817733990148	0.0	0.0	0.0	0.41050903119868637	0.0	11.45474689690485	33.52832512315271	0.0	0.0	0.0	0.0	0.10262725779967159	0.0	0.0	0.0	0.3078817733990148	0.3078817733990148	0.3078817733990148	0.10262725779967159	0.0	42.100500074638	0.0
Hbs1l	9b	10	21345077	21345151	121.38888888888889	0.0	11.944444444444443	122.77777777777776	0.0	25.27777777777778	0.0	0.0	0.0	0.0	0.0	37.22222222222222	148.05555555555554	177.05128205128202	50.632183908045974	161.11111111111111	0.0	18.61111111111111	0.0	0.0	0.0	49.2391304347826	0.0	0.0	0.0	25.27777777777778	0.0	65.27777777777777	0.0	0.0	0.0	96.38888888888889	0.0	101.40442054958184	39.72222222222222	0.0	0.0	0.0	0.0	8.888888888888891	0.0	27.22222222222222	0.0	55.27777777777777	76.38888888888889	44.99999999999999	39.166666666666664	0.0	65.27777777777777	0.0
Hbs1l	9c	10	21345151	21345194	120.73863636363637	0.0	39.29924242424242	208.80681818181824	0.0	46.875	0.0	7.575757575757575	0.0	0.0	0.0	46.875	244.58874458874462	333.1304112554113	94.23981191222569	73.3901515151515	0.0	49.549062049062044	0.0	0.0	0.0	16.5719696969697	0.0	0.0	0.0	30.776515151515152	0.0	100.09469696969697	0.0	0.0	0.0	97.53787878787877	0.0	71.02272727272728	23.674242424242422	0.0	0.0	0.0	0.0	28.302798392084107	0.0	34.090909090909086	0.0	26.515151515151512	17.51893939393939	29.829545454545457	32.196969696969695	0.0	70.07575757575758	0.0
Hbs1l	10	10	21347262	21347408	75.96371882086169	0.0	40.95804988662132	126.8424036281179	0.0	8.078231292517007	0.0	38.832199546485256	0.0	6.944444444444444	0.0	75.11337868480726	187.38693279509604	295.89976273649745	104.2071590540978	94.4250080984775	0.0	30.903790087463555	0.0	0.0	0.0	59.94897959183673	0.0	0.0	0.0	28.390022675736958	0.0	60.119047619047606	0.8503401360544217	0.0	0.0	21.116780045351476	0.0	123.78990057561485	40.816326530612244	0.0	0.0	0.0	0.0	39.42801610440094	0.0	17.071222428365285	0.0	51.58730158730158	27.494331065759635	14.455782312925171	31.916099773242625	0.0	54.98866213151927	0.0
Hbs1l	11	10	21349312	21349386	75.55555555555554	0.0	94.44444444444443	78.05555555555554	0.0	5.833333333333334	0.0	0.0	0.0	0.0	0.0	74.12280701754385	102.77777777777777	159.4918699186992	160.20481759955445	53.05555555555555	0.0	3.055555555555556	0.0	0.0	0.0	34.166666666666664	0.0	0.0	0.0	25.999999999999996	0.0	31.94444444444445	47.77777777777778	0.0	0.0	25.0	0.0	76.94444444444444	28.88888888888889	0.0	0.0	28.333333333333332	0.0	22.760047281323878	0.0	8.333333333333334	0.0	28.05555555555556	106.81524547803619	64.72222222222223	51.94444444444444	0.0	91.4102564102564	0.0
Hbs1l	12	10	21351927	21352044	62.85310734463276	0.0	149.83414766080585	81.21468926553672	0.0	15.007062146892654	0.0	16.06638418079096	0.0	0.0	0.0	99.51054553267652	105.9322033898305	270.9907847822365	189.89322947842123	65.73446327683615	0.0	84.57492792838427	0.0	0.0	0.0	42.725988700564976	0.0	0.0	0.0	34.95762711864406	0.0	73.09322033898304	0.0	0.0	0.0	39.72457627118643	0.0	81.74435028248587	31.25	0.0	0.0	0.0	0.0	0.721240533717995	0.0	28.072033898305087	0.0	45.08880274071403	130.39925765339638	40.00706214689265	24.89406779661017	0.0	63.05449494008816	0.0
Hbs1l	13a	10	21352542	21352553	83.33333333333333	0.0	208.86128409156433	62.5	0.0	20.833333333333332	0.0	41.666666666666664	0.0	0.0	0.0	153.6499735029147	86.80555555555554	319.44444444444446	225.69444444444446	95.48611111111111	0.0	62.5	0.0	0.0	0.0	100.69444444444446	0.0	0.0	0.0	69.44444444444443	0.0	65.97222222222223	0.0	0.0	0.0	78.125	0.0	79.86111111111111	27.777777777777775	0.0	0.0	0.0	0.0	0.0	0.0	41.666666666666664	0.0	62.94326241134751	59.027777777777786	0.0	41.666666666666664	0.0	104.16666666666667	0.0
Hbs1l	13b	10	21352553	21352604	95.75320512820512	0.0	127.97247781193033	95.3525641025641	0.0	19.631410256410255	4.006410256410257	13.621794871794872	14.823717948717949	0.0	0.0	94.55128205128203	70.91346153846153	209.4207875457876	102.56410256410255	87.74038461538461	0.0	40.86538461538461	0.0	0.0	0.0	81.73076923076923	0.0	0.0	0.0	84.13461538461539	0.0	98.1570512820513	0.0	0.0	0.0	89.34294871794873	0.0	84.13461538461539	40.06410256410257	0.0	0.0	0.0	0.0	0.0	0.0	19.230769230769234	0.0	45.43439716312057	26.041666666666664	58.493589743589745	5.208333333333333	0.0	103.52564102564104	0.0
Hbs1l	13c	10	21352604	21352610	87.50000000000001	0.0	71.42857142857143	166.66666666666669	0.0	20.833333333333336	20.833333333333336	0.0	45.83333333333333	0.0	0.0	110.11904761904765	80.35714285714286	160.71428571428572	74.4047619047619	68.45238095238096	0.0	26.785714285714285	0.0	0.0	0.0	66.66666666666667	0.0	0.0	0.0	83.33333333333334	0.0	98.21428571428572	0.0	0.0	0.0	83.33333333333334	0.0	129.16666666666669	59.523809523809526	0.0	0.0	0.0	0.0	0.0	0.0	20.833333333333336	0.0	41.66666666666667	30.95238095238095	65.47619047619048	0.0	0.0	83.33333333333334	0.0
Hbs1l	14a	10	21354639	21354650	90.97222222222221	0.0	81.59722222222223	163.19444444444446	0.0	57.291666666666664	20.833333333333332	0.0	45.833333333333336	0.0	0.0	118.05555555555554	138.88888888888889	189.23611111111114	125.0	104.16666666666667	0.0	52.083333333333336	0.0	0.0	0.0	94.44444444444446	0.0	0.0	0.0	90.27777777777777	0.0	119.79166666666667	0.0	0.0	0.0	93.75	0.0	156.94444444444443	78.125	0.0	0.0	0.0	0.0	0.0	0.0	20.833333333333332	0.0	41.666666666666664	97.91666666666667	34.722222222222214	36.458333333333336	0.0	97.22222222222223	0.0
Hbs1l	14b	10	21354650	21354743	99.02482269503544	0.0	104.38829787234043	168.88297872340425	0.0	41.888297872340424	15.735815602836878	10.859929078014185	5.274822695035461	0.0	0.0	125.88652482269505	173.76358080579448	204.56560283687944	123.67021276595743	88.05118717237126	0.0	53.085491828553806	0.0	0.0	0.0	48.04964539007092	0.0	0.0	0.0	62.72163120567376	0.0	89.09574468085106	0.0	0.0	0.0	27.039007092198577	0.0	106.11702127659574	20.168439716312054	0.0	0.0	0.0	0.0	0.0	0.0	31.27577107042718	0.0	7.853453592352759	58.244680851063826	37.234042553191486	28.14716312056737	0.0	71.06652790625962	0.0
Hbs1l	15	10	21358313	21358403	88.59890109890111	0.0	81.50183150183149	124.8781842725942	0.0	11.217948717948717	0.0	11.217948717948717	16.254578754578752	0.0	0.0	91.57509157509158	111.03479853479853	200.45320325932568	131.9531658817373	51.282051282051285	0.0	20.037028189202104	0.0	0.0	0.0	38.46153846153847	0.0	0.0	0.0	38.003663003663	0.0	90.65934065934066	0.0	0.0	0.0	18.315018315018317	0.0	57.69230769230769	19.230769230769234	0.0	0.0	3.663003663003663	0.0	11.217948717948717	0.0	14.194139194139195	0.0	61.046743111960495	30.21978021978022	9.386446886446887	5.952380952380952	0.0	52.74526198439243	0.0
Hbs1l	16	10	21358732	21358840	42.240061162079506	0.0	108.49706812170452	159.8905948748506	0.0	36.506116207951074	0.0	0.0	30.007645259938833	0.0	0.0	145.45107033639144	169.72477064220178	171.61424202708608	83.52446483180427	134.4660389505875	0.0	64.79357798165138	0.0	0.0	0.0	26.567278287461775	0.0	0.0	0.0	30.095859797694658	0.0	56.5749235474006	0.0	0.0	0.0	47.20948012232416	0.0	69.6992864424057	22.362385321100923	0.0	0.0	15.918523372651812	0.0	3.058103975535168	0.0	12.232415902140673	0.0	70.51223241590213	18.730886850152906	15.09938837920489	35.386631716906955	0.0	78.2645259938838	0.0
Hbs1l	17a	10	21364675	21364775	55.28052805280527	0.0	99.98862222057102	0.0	0.0	21.245874587458747	0.0	0.0	43.935643564356425	0.0	0.0	89.93399339933994	133.8696369636964	217.55295034998002	115.71782178217819	217.88071664309285	0.0	105.6837066685392	0.0	0.0	0.0	60.27862401624777	0.0	0.0	0.0	99.37484133028687	0.0	82.92079207920793	0.0	0.0	0.0	176.98019801980203	0.0	91.17161716171617	49.504950495049506	0.0	0.0	30.54180418041804	75.51776916822118	53.73349834983499	0.0	8.663366336633665	0.0	107.05445544554456	63.94389438943894	14.080684384227897	37.541254125412536	0.0	102.60726072607261	0.0
Hbs1l	17b	10	21364775	21365166	0.0	0.0	0.0	0.0	0.0	0.0	0.0	0.0	0.0	0.0	0.0	0.0	0.0	0.0	0.0	0.15943877551020408	0.0	0.0	0.0	0.0	0.0	0.0	0.0	0.0	0.0	0.0	0.0	0.0	0.0	0.0	0.0	0.0	0.0	0.0	0.0	0.0	13.990666831248626	0.0	0.0	19.350069573283857	0.0	0.0	0.0	3.454506802721088	0.0	0.0	0.0	0.0	0.0	0.0
Hbs1l	18a	10	21367401	21367642	0.3443526170798898	0.0	0.3443526170798898	0.1721763085399449	0.0	0.0	0.0	0.0	0.0	0.0	0.0	0.0	0.3443526170798898	1.355651923833742	1.3774104683195592	1.5741833923652107	0.0	0.1721763085399449	0.0	0.0	0.0	0.1721763085399449	43.3816227817285	0.0	0.0	0.8608815426997244	0.0	0.1721763085399449	0.0	0.0	0.0	0.3443526170798898	0.0	0.3443526170798898	47.5206611570248	0.0	0.0	47.34384310474365	0.0	0.3443526170798898	0.0	0.1721763085399449	0.0	0.5165289256198348	0.3443526170798898	0.0	0.0	0.0	0.0	0.0
Hbs1l	18b	10	21367642	21367786	61.35057471264367	0.0	67.01149425287356	84.9425287356322	0.0	9.770114942528734	0.0	3.160919540229885	17.241379310344826	7.040229885057471	0.0	57.9022988505747	152.2343420126671	209.88296801720443	109.91379310344827	116.02900930487138	0.0	43.71921182266009	0.0	0.0	0.0	25.14367816091954	61.637931034482754	0.0	0.0	70.40229885057471	0.0	43.10344827586207	0.0	0.0	0.0	46.839080459770116	122.90067691258139	57.61494252873564	126.43678160919539	0.0	0.0	48.97509578544061	0.0	27.729885057471265	0.0	19.259120439780112	0.0	32.183908045977006	21.146812957157785	0.0	20.676744960852908	0.0	39.6551724137931	0.0
Hbs1l	19a	10	21368289	21368543	65.68627450980392	0.0	77.93539154792352	118.92701525054467	0.0	2.450980392156863	13.562091503267974	15.604575163398692	3.8398692810457518	27.56302521008403	0.0	50.98039215686275	156.54852240173676	253.88219978373422	147.77077497665726	104.79847494553377	0.0	67.06349206349206	0.0	0.0	0.0	91.2147781038549	31.61764705882353	0.0	55.68529562362579	45.016339869281055	0.0	78.51307189542483	0.0	0.0	0.0	67.97385620915033	348.1547725257949	67.19265483971367	142.245666382495	0.0	0.0	88.70992841581077	0.0	8.006535947712418	0.0	16.321713870733475	109.86969518990392	48.20261437908497	36.087768440709624	41.587851974680625	82.90729695141458	0.0	113.08674985145572	0.0
Hbs1l	19b	10	21368543	21368883	43.010752688172055	0.0	26.885793418051485	89.16788856304986	0.0	17.961876832844574	7.881231671554252	41.007896601028754	13.807429130009774	24.65379602476377	0.0	66.04757249918539	112.24312352885528	200.71713680584642	121.63137449061205	78.15249266862169	0.0	67.53493186130757	0.0	0.0	0.0	84.1277262034625	86.82814606412285	0.0	384.524745159664	47.898338220918866	6.02394916911046	88.83594004561746	0.0	0.0	0.0	30.79178885630499	333.08551347889176	56.6348973607038	113.21742773355673	29.99536976162817	0.0	87.73390932739953	0.0	11.974584555229717	0.0	60.949111300307955	133.0547444231107	54.346797843155805	21.027725939749402	82.73030732708149	132.8867857460233	0.0	189.76941022078086	0.0
Hbs1l	19c	10	21368883	21368898	0.0	0.0	4.166666666666667	0.0	0.0	0.0	0.0	0.0	0.0	0.0	0.0	4.166666666666667	8.333333333333334	0.0	0.0	0.0	0.0	0.0	0.0	0.0	0.0	0.0	0.0	0.0	4.166666666666667	0.0	0.0	0.0	0.0	0.0	0.0	0.0	0.0	0.0	4.166666666666667	0.0	0.0	0.0	0.0	0.0	0.0	4.166666666666667	55.448717948717956	16.666666666666668	0.0	16.666666666666668	0.0	0.0	4.166666666666667	0.0
