Gene	Index	Chromosome	Strand	Start	End	626103966	637879731	645375521	647102882	648137894	650129743	650131308	650132917	650161028	650487944	653195941	653289801	653327067	653677436	654704107	656147268	656156755	656718838	656896838	659012847	661409627	682332013	694413065	698586385	701152294	703141516	707403326	708712664	709153201	709454191	713692025	714378460	714755572	730878829	753733598	754834825	764902707	770238836	802993865	804957376	808859562	824840538	827524052	839118825	855798106	861959876	867130068	872026690	891931165	892414330
Hba-a1	1	11	+	32283511	32283801	7.975260416666666	0.0	0.0	0.0	0.0	0.0	0.0	0.0	0.0	0.0	0.0	0.0	0.0	0.0	7.975260416666666	0.0	0.0	0.0	0.0	0.0	0.0	52.41231715425532	0.0	15.950520833333332	39.926087622549026	3.90625	0.0	0.0	56.676288867853394	0.0	250.75913635068386	0.0	16.373697916666664	0.0	19.531249999999996	0.0	512.1293038374699	0.0	0.0	0.0	0.0	24.658203124999996	0.0	0.0	0.6510416666666666	0.0	12.695312499999998	0.0	0.0	0.0
Hba-a1	2a	11	+	32283811	32283924	0.0	0.0	0.0	0.0	0.0	0.0	0.0	0.0	0.0	0.0	0.0	0.0	0.0	0.0	0.0	0.0	0.0	0.0	0.0	0.0	0.0	2.923976608187134	0.0	0.0	5.116959064327485	0.7309941520467835	0.0	0.0	1.0964912280701753	0.0	2.1929824561403506	0.0	0.7309941520467835	0.0	0.7309941520467835	0.0	13.65914786967419	0.0	0.0	0.0	0.0	0.36549707602339176	0.0	0.0	0.7309941520467835	0.0	0.7309941520467835	0.0	0.0	0.0
Hba-a1	2b	11	+	32283924	32284128	0.0	0.0	4.979674796747967	0.0	0.0	0.0	4.988913525498891	0.0	0.0	0.0	0.0	0.0	0.0	0.0	0.0	0.0	0.0	0.0	0.0	0.0	0.0	100.33391405342626	0.0	34.85772357723577	69.71544715447156	24.999999999999993	0.0	0.0	63.82113821138212	0.0	124.59349593495932	0.0	33.130081300813	0.0	20.426829268292682	11.941056910569106	433.4417344173442	0.0	0.0	0.0	0.0	32.72357723577235	0.0	0.0	91.65085817524842	43.257345853726655	4.065040650406504	0.0	0.0	0.0
Hba-a1	3a	11	+	32284263	32284438	0.0	0.0	0.0	0.0	0.0	0.0	0.0	0.0	0.0	11.600378787878785	0.0	0.0	0.0	0.0	0.0	0.0	0.0	0.0	0.0	0.0	0.0	21.543560606060606	2.6595744680851063	11.600378787878785	55.397727272727266	11.600378787878785	0.0	40.908709066471154	0.0	0.0	25.189393939393934	0.0	18.821022727272727	0.0	5.800189393939393	45.97064393939394	220.99905303030303	0.0	0.0	0.0	0.0	4.853219696969696	11.730205278592376	0.0	35.27462121212121	19.53125	0.0	0.0	0.0	0.0
Hba-a1	3b	11	+	32284438	32284465	0.0	0.0	0.0	0.0	0.0	0.0	0.0	0.0	0.0	0.0	0.0	0.0	0.0	0.0	0.0	0.0	0.0	0.0	0.0	0.0	0.0	60.0	57.446808510638306	0.0	50.0	0.0	0.0	0.0	0.0	0.0	75.0	0.0	0.0	0.0	0.0	76.0	168.33333333333337	0.0	0.0	0.0	0.0	0.0	0.0	0.0	112.5	0.0	0.0	0.0	0.0	0.0
Hba-a2	1	11	+	32296489	32296618	10.745614035087717	0.0	0.0	0.0	0.0	0.0	0.0	0.0	0.0	0.0	0.0	0.0	0.0	0.0	10.745614035087717	0.0	0.0	0.0	0.0	0.0	0.0	75.66256065696155	0.0	30.70175438596491	53.83298933608531	16.885964912280702	0.0	0.0	81.57894736842104	0.0	162.7053004852557	0.0	27.45614035087719	0.0	15.57017543859649	0.0	470.5129897915521	0.0	0.0	0.0	0.0	6.359649122807017	0.0	0.0	0.8771929824561403	0.0	6.359649122807017	0.0	0.0	0.0
Hba-a2	2a	11	+	32296628	32296741	0.0	0.0	0.0	0.0	0.0	0.0	0.0	0.0	0.0	0.0	0.0	0.0	0.0	0.0	0.0	0.0	0.0	0.0	0.0	0.0	0.0	1.461988304093567	0.0	0.0	2.5584795321637426	0.36549707602339176	0.0	0.0	0.7309941520467835	0.0	1.0964912280701753	0.0	0.36549707602339176	0.0	0.36549707602339176	0.0	6.578947368421051	0.0	0.0	0.0	0.0	0.36549707602339176	0.0	0.0	0.36549707602339176	0.0	0.36549707602339176	0.0	0.0	0.0
Hba-a2	2b	11	+	32296741	32296945	0.0	0.0	0.0	0.0	0.0	0.0	0.0	0.0	0.0	0.0	0.0	0.0	0.0	0.0	0.0	0.0	0.0	0.0	0.0	0.0	0.0	61.70150987224158	0.0	19.91869918699187	34.85772357723577	12.5	0.0	0.0	36.68699186991869	0.0	72.2560975609756	0.0	16.565040650406505	0.0	12.703252032520325	8.485772357723578	226.23306233062328	0.0	0.0	0.0	0.0	19.410569105691057	0.0	0.0	43.292682926829265	24.14637552324413	2.032520325203252	0.0	0.0	0.0
Hba-a2	3a	11	+	32297080	32297255	0.0	0.0	0.0	0.0	0.0	0.0	0.0	0.0	0.0	5.800189393939393	0.0	0.0	0.0	0.0	0.0	0.0	0.0	0.0	0.0	0.0	0.0	11.837121212121211	2.6595744680851063	5.800189393939393	27.698863636363637	5.800189393939393	0.0	29.18423142717497	0.0	0.0	42.77467324342324	0.0	18.110795454545457	0.0	5.800189393939393	19.176136363636363	191.76136363636365	0.0	0.0	0.0	0.0	8.759469696969695	5.865102639296188	0.0	22.37215909090909	18.465909090909093	0.0	0.0	0.0	0.0
Hba-a2	3b	11	+	32297255	32297298	0.0	0.0	0.0	0.0	0.0	0.0	0.0	0.0	0.0	0.0	0.0	0.0	0.0	0.0	0.0	0.0	0.0	0.0	0.0	0.0	0.0	0.0	57.446808510638306	0.0	25.0	0.0	0.0	0.0	0.0	0.0	75.0	0.0	0.0	0.0	0.0	0.0	194.58333333333334	0.0	0.0	0.0	0.0	0.0	0.0	0.0	143.75	0.0	0.0	0.0	0.0	0.0
Hba-ps3	1	15	-	56171988	56172389	0.0	0.0	0.0	0.0	0.0	0.0	0.0	0.0	0.0	0.0	0.0	0.0	0.0	0.0	0.0	0.0	0.0	0.0	0.0	0.0	0.0	0.0	0.0	0.0	0.0	0.0	0.0	0.0	0.0	0.0	0.0	0.0	0.0	0.0	0.0	0.0	0.0	0.0	0.0	0.0	0.0	0.0	0.0	0.0	0.0	0.0	0.0	0.0	0.0	0.0
Hba-ps4	1	17	-	26286940	26287061	0.0	0.0	0.0	0.0	0.0	0.0	0.0	0.0	0.0	0.0	0.0	0.0	0.0	0.0	0.0	0.0	0.0	0.0	0.0	0.0	0.0	0.0	0.0	0.0	0.0	0.0	0.0	0.0	0.0	0.0	0.0	0.0	0.0	0.0	0.0	0.0	0.0	0.0	0.0	0.0	0.0	4.070881226053641	0.0	0.0	0.0	0.0	0.0	0.0	18.82591505665607	0.0
Hba-ps4	2	17	-	26286630	26286834	0.0	0.0	0.0	0.0	0.0	0.0	0.0	0.0	0.0	0.0	0.0	0.0	0.0	0.0	0.0	0.0	0.0	0.0	0.0	0.0	0.0	0.0	0.0	0.0	0.0	0.0	0.0	0.0	0.0	0.0	0.0	0.0	0.0	0.0	0.0	0.0	0.0	0.0	0.0	0.0	0.0	28.152568759730148	0.0	0.0	0.0	0.0	0.0	0.0	0.0	0.0
Hba-ps4	3	17	-	26286363	26286482	0.0	0.0	0.0	0.0	0.0	0.0	0.0	0.0	0.0	0.0	0.0	0.0	0.0	0.0	0.0	0.0	0.0	0.0	0.0	0.0	0.0	0.0	0.0	0.0	0.0	0.0	0.0	0.0	0.0	0.0	0.0	0.0	0.0	0.0	0.0	0.0	0.0	0.0	0.0	0.0	0.0	0.0	0.0	0.0	0.0	0.0	0.0	0.0	0.0	0.0
Hba-x	1	11	+	32276400	32276758	0.0	0.0	0.0	0.0	0.0	0.0	0.0	0.0	0.0	0.0	0.0	0.0	0.0	0.0	0.0	0.0	0.0	0.0	0.0	0.0	0.0	0.0	0.0	0.0	0.0	0.0	0.0	0.0	0.0	0.0	0.0	0.0	0.0	0.0	0.0	0.0	0.0	0.0	0.0	0.0	0.0	0.0	0.0	0.0	0.0	0.0	0.0	0.0	0.0	0.0
Hba-x	2	11	+	32276893	32277029	0.0	0.0	0.0	0.0	0.0	0.0	0.0	0.0	0.0	0.0	0.0	0.0	0.0	0.0	0.0	0.0	0.0	0.0	0.0	0.0	0.0	0.0	0.0	0.0	0.0	0.0	0.0	0.0	0.0	0.0	0.0	0.0	0.0	0.0	0.0	0.0	0.0	0.0	0.0	0.0	0.0	0.0	0.0	0.0	0.0	0.0	0.0	0.0	0.0	0.0
Hba-x	3	11	+	32277569	32277773	0.0	0.0	0.0	0.0	0.0	0.0	0.0	0.0	0.0	0.0	0.0	0.0	0.0	0.0	0.0	0.0	0.0	0.0	0.0	0.0	0.0	0.0	0.0	0.0	0.0	0.0	0.0	0.0	0.0	0.0	0.0	0.0	0.0	0.0	0.0	0.0	0.0	0.0	0.0	0.0	0.0	0.0	0.0	0.0	0.0	0.0	0.0	0.0	0.0	0.0
Hba-x	4	11	+	32277880	32278116	0.0	0.0	0.0	0.0	0.0	0.0	0.0	0.0	0.0	0.0	0.0	0.0	0.0	0.0	0.0	0.0	0.0	0.0	0.0	0.0	0.0	0.0	0.0	0.0	0.0	0.0	0.0	0.0	0.0	0.0	0.0	0.0	0.0	0.0	0.0	0.0	0.0	0.0	0.0	0.0	0.0	0.0	0.0	0.0	0.0	0.0	0.0	0.0	0.0	0.0
Hbb-bh0	1	7	-	103850020	103850148	0.0	0.0	0.0	0.0	0.0	0.0	0.0	0.0	0.0	0.0	0.0	0.0	0.0	0.0	0.0	0.0	0.0	0.0	0.0	0.0	0.0	0.0	0.0	0.0	0.0	0.0	0.0	0.0	0.0	0.0	0.0	0.0	0.0	0.0	0.0	0.0	0.0	0.0	0.0	0.0	0.0	0.0	0.0	0.0	0.0	0.0	0.0	0.0	0.0	0.0
Hbb-bh1	1	7	-	103843019	103843164	0.0	0.0	0.0	0.0	0.0	0.0	0.0	0.0	0.0	0.0	0.0	0.0	0.0	0.0	0.0	0.0	0.0	0.0	0.0	0.0	0.0	0.0	0.0	0.0	0.0	0.0	0.0	0.0	0.0	0.0	0.0	0.0	0.0	0.0	0.0	0.0	0.0	0.0	0.0	0.0	0.0	0.0	0.0	0.0	0.0	0.0	0.0	0.0	0.0	0.0
Hbb-bh1	2	7	-	103842691	103842913	0.0	0.0	0.0	0.0	0.0	0.0	0.0	0.0	0.0	0.0	0.0	0.0	0.0	0.0	0.0	0.0	0.0	0.0	0.0	0.0	0.0	0.0	0.0	0.0	0.0	0.0	0.0	0.0	0.0	0.0	0.0	0.0	0.0	0.0	0.0	0.0	0.0	0.0	0.0	0.0	0.0	0.0	0.0	0.0	0.0	0.0	0.0	0.0	0.0	0.0
Hbb-bh1	3	7	-	103841637	103841880	0.0	0.0	0.0	0.0	0.0	0.0	0.0	0.0	0.0	0.0	0.0	0.0	0.0	0.0	0.0	0.0	0.0	0.0	0.0	0.0	0.0	0.0	0.0	0.0	0.0	0.0	0.0	0.0	0.0	0.0	0.0	0.0	0.0	0.0	0.0	0.0	0.0	0.0	0.0	0.0	0.0	0.0	0.0	0.0	0.0	0.0	0.0	0.0	0.0	0.0
Hbb-bh2	1	7	-	103840336	103840520	0.0	0.0	0.0	0.0	0.0	0.0	0.0	0.0	0.0	0.0	0.0	0.0	0.0	0.0	0.0	0.0	0.0	0.0	0.0	0.0	0.0	0.0	0.0	0.0	0.0	0.0	0.0	0.0	0.0	0.0	0.0	0.0	0.0	0.0	0.0	0.0	0.0	0.0	0.0	0.0	0.0	0.0	0.0	0.0	0.0	0.0	0.0	0.0	0.0	0.0
Hbb-bh2	2	7	-	103840028	103840250	0.0	0.0	0.0	0.0	0.0	0.0	0.0	0.0	0.0	0.0	0.0	0.0	0.0	0.0	0.0	0.0	0.0	0.0	0.0	0.0	0.0	0.0	0.0	0.0	0.0	0.0	0.0	0.0	0.0	0.0	0.0	0.0	0.0	0.0	0.0	0.0	0.0	0.0	0.0	0.0	0.0	0.0	0.0	0.0	0.0	0.0	0.0	0.0	0.0	0.0
Hbb-bh2	3	7	-	103839124	103839273	0.0	0.0	0.0	0.0	0.0	0.0	0.0	0.0	0.0	0.0	0.0	0.0	0.0	0.0	0.0	0.0	0.0	0.0	0.0	0.0	0.0	0.0	0.0	0.0	0.0	0.0	0.0	0.0	0.0	0.0	0.0	0.0	0.0	0.0	0.0	0.0	0.0	0.0	0.0	0.0	0.0	0.0	0.0	0.0	0.0	0.0	0.0	0.0	0.0	0.0
Hbb-bh3	1	7	-	103833648	103833723	0.0	0.0	0.0	0.0	0.0	0.0	0.0	0.0	0.0	0.0	0.0	0.0	0.0	0.0	0.0	0.0	0.0	0.0	0.0	0.0	0.0	0.0	0.0	0.0	0.0	0.0	0.0	0.0	0.0	0.0	0.0	0.0	0.0	0.0	0.0	0.0	0.0	0.0	0.0	0.0	0.0	0.0	0.0	0.0	0.0	0.0	0.0	0.0	0.0	0.0
Hbb-bh3	2	7	-	103833464	103833530	0.0	0.0	0.0	0.0	0.0	0.0	0.0	0.0	0.0	0.0	0.0	0.0	0.0	0.0	0.0	0.0	0.0	0.0	0.0	0.0	0.0	0.0	0.0	0.0	0.0	0.0	0.0	0.0	0.0	0.0	0.0	0.0	0.0	0.0	0.0	0.0	0.0	0.0	0.0	0.0	0.0	0.0	0.0	0.0	0.0	0.0	0.0	0.0	0.0	0.0
Hbb-bh3	3	7	-	103832628	103832750	0.0	0.0	0.0	0.0	0.0	0.0	0.0	0.0	0.0	0.0	0.0	0.0	0.0	0.0	0.0	0.0	0.0	0.0	0.0	0.0	0.0	0.0	0.0	0.0	0.0	0.0	0.0	0.0	0.0	0.0	0.0	0.0	0.0	0.0	0.0	0.0	0.0	0.0	0.0	0.0	0.0	0.0	0.0	0.0	0.0	0.0	0.0	0.0	0.0	0.0
Hbb-bs	1	7	-	103828012	103828096	0.0	0.0	0.0	0.0	0.0	0.0	0.0	0.0	0.0	0.0	0.0	0.0	0.0	0.0	0.0	0.0	0.0	0.0	0.0	0.0	0.0	0.0	0.0	0.0	0.0	0.0	0.0	0.0	0.0	0.0	0.0	0.0	0.0	0.0	0.0	0.0	0.0	0.0	0.0	0.0	0.0	0.0	0.0	0.0	0.0	0.0	0.0	0.0	0.0	0.0
Hbb-bs	2a	7	-	103827886	103827928	0.0	0.0	0.0	0.0	0.0	0.0	0.0	0.0	0.0	0.0	0.0	0.0	0.0	0.0	0.0	0.0	0.0	0.0	0.0	0.0	0.0	0.0	0.0	0.0	0.0	0.0	0.0	0.0	0.0	0.0	0.0	0.0	0.0	0.0	0.0	0.0	0.0	0.0	0.0	0.0	0.0	0.0	0.0	0.0	0.0	0.0	0.0	0.0	0.0	0.0
Hbb-bs	2b	7	-	103827784	103827886	0.0	0.0	0.0	0.0	0.0	0.0	0.0	0.0	0.0	0.0	0.0	0.0	0.0	0.0	0.0	0.0	0.0	0.0	0.0	9.911003236245953	0.0	0.0	0.0	0.0	0.0	0.0	0.0	0.0	0.0	0.0	0.0	0.0	0.0	0.0	0.0	0.0	0.0	0.0	0.0	0.0	0.0	0.0	0.0	0.0	0.0	0.0	0.0	0.0	0.0	0.0
Hbb-bs	3a	7	-	103827670	103827725	0.0	0.0	0.0	0.0	0.0	0.0	0.0	0.0	0.0	0.0	0.0	0.0	0.0	0.0	0.0	0.0	0.0	0.0	0.0	0.0	0.0	0.0	0.0	0.0	0.0	0.0	0.0	0.0	0.0	0.0	0.0	0.0	0.0	0.0	0.0	0.0	0.0	0.0	0.0	0.0	0.0	0.0	0.0	0.0	0.0	0.0	0.0	0.0	0.0	0.0
Hbb-bs	3b	7	-	103827452	103827670	0.0	9.322678843226788	0.0	0.0	0.0	0.0	0.0	0.0	8.751902587519025	0.0	0.0	0.0	1.5220700152207	0.0	0.0	0.0	0.0	0.0	9.322678843226788	0.0	0.0	0.0	0.0	0.0	0.0	0.0	0.0	0.0	0.0	0.0	0.0	0.0	0.0	0.0	0.0	0.0	0.0	0.0	0.0	0.0	0.0	0.0	0.0	0.0	0.0	0.0	0.0	0.0	0.0	0.0
Hbb-bs	3c	7	-	103827448	103827452	0.0	0.0	0.0	0.0	0.0	0.0	0.0	0.0	33.333333333333336	0.0	0.0	0.0	20.833333333333336	0.0	0.0	0.0	0.0	0.0	0.0	0.0	0.0	0.0	0.0	0.0	0.0	0.0	0.0	0.0	0.0	0.0	0.0	0.0	0.0	0.0	0.0	0.0	0.0	0.0	0.0	0.0	0.0	0.0	0.0	0.0	0.0	0.0	0.0	0.0	0.0	0.0
Hbb-bs	4a	7	-	103826728	103826793	0.0	0.0	0.0	0.0	0.0	0.0	0.0	0.0	0.0	0.0	0.0	0.0	9.154040404040405	0.0	0.0	0.0	0.0	0.0	0.0	0.0	0.0	0.0	0.0	0.0	0.0	0.0	0.0	0.0	0.0	46.93711306614532	0.0	60.110028860028855	0.0	0.0	0.0	0.0	0.0	0.0	0.0	0.0	0.0	0.0	0.0	2.840909090909091	0.0	0.0	0.0	0.0	0.0	0.0
Hbb-bs	4b	7	-	103826534	103826728	0.0	0.0	0.0	0.0	0.0	0.0	0.0	0.0	0.0	0.0	0.0	0.0	0.0	0.0	0.0	0.0	0.0	0.0	0.0	0.0	0.0	0.0	0.0	0.0	0.0	0.0	0.0	0.0	0.0	0.0	0.0	26.71130952380952	0.0	12.760416666666666	0.0	12.760416666666666	0.0	0.0	0.0	0.0	0.0	0.0	0.0	5.46875	0.0	0.0	0.0	0.0	0.0	0.0
Hbb-bt	1	7	-	103813778	103813996	0.0	0.0	0.0	0.0	0.0	0.0	0.0	0.0	0.0	0.0	0.0	0.0	0.0	0.0	0.0	0.0	0.0	0.0	0.0	0.0	0.0	0.0	0.0	0.0	0.0	0.0	0.0	0.0	0.0	0.0	0.0	0.0	0.0	0.0	0.0	0.0	0.0	0.0	0.0	0.0	0.0	0.0	0.0	0.0	0.0	0.0	0.0	0.0	0.0	0.0
Hbb-bt	2	7	-	103813439	103813661	0.0	4.577727952167414	0.0	0.0	0.0	0.0	0.0	0.0	4.577727952167414	0.0	0.0	0.0	1.868460388639761	0.0	0.0	0.0	0.0	0.0	4.577727952167414	0.0	0.0	0.0	0.0	0.0	0.0	0.0	0.0	0.0	0.0	0.0	0.0	0.0	0.0	0.0	0.0	0.0	0.0	0.0	0.0	0.0	0.0	0.0	0.0	0.0	0.0	0.0	0.0	0.0	0.0	0.0
Hbb-bt	3	7	-	103812524	103812784	0.0	0.0	0.0	0.0	0.0	0.0	0.0	0.0	0.0	0.0	0.0	0.0	2.6733038348082596	0.0	0.0	0.0	0.0	0.0	0.0	0.0	0.0	0.0	0.0	0.0	0.0	0.0	0.0	0.0	0.0	31.77514511371205	0.0	4.563053097345133	0.0	0.0	0.0	0.0	0.0	0.0	0.0	0.0	0.0	0.0	0.0	22.63089970501475	0.0	0.0	0.0	0.0	0.0	0.0
Hbb-y	1	7	-	103853061	103853216	0.0	0.0	0.0	0.0	0.0	0.0	0.0	0.0	0.0	0.0	0.0	0.0	0.0	0.0	0.0	0.0	0.0	0.0	0.0	0.0	0.0	0.0	0.0	0.0	0.0	0.0	0.0	0.0	0.0	0.0	0.0	0.0	0.0	0.0	0.0	0.0	0.0	0.0	0.0	0.0	0.0	0.0	0.0	0.0	0.0	0.0	0.0	0.0	0.0	0.0
Hbb-y	2	7	-	103852748	103852970	0.0	0.0	0.0	0.0	0.0	0.0	0.0	0.0	0.0	0.0	0.0	0.0	0.0	0.0	0.0	0.0	0.0	0.0	0.0	0.0	0.0	0.0	0.0	0.0	0.0	0.0	0.0	0.0	0.0	0.0	0.0	0.0	0.0	0.0	0.0	0.0	0.0	0.0	0.0	0.0	0.0	0.0	0.0	0.0	0.0	0.0	0.0	0.0	0.0	0.0
Hbb-y	3	7	-	103851749	103852002	0.0	0.0	0.0	0.0	0.0	0.0	0.0	0.0	0.0	0.0	0.0	0.0	0.0	0.0	0.0	0.0	0.0	0.0	0.0	0.0	0.0	0.0	0.0	0.0	0.0	0.0	0.0	0.0	0.0	0.0	0.0	0.0	0.0	0.0	0.0	0.0	0.0	0.0	0.0	0.0	0.0	0.0	0.0	0.0	0.0	0.0	0.0	0.0	0.0	0.0
Hbegf	1	18	-	36515468	36515805	0.0	0.0	0.0	0.0	0.0	0.0	0.0	0.0	0.0	0.0	0.0	36.02860286028603	0.0	0.0	0.0	0.0	0.0	0.0	0.0	0.0	16.845434543454342	0.0	0.0	23.48379999290251	0.0	0.0	0.0	6.738173817381738	10.117083136885118	0.0	0.0	17.132201024980546	0.0	0.0	0.0	26.990400652968518	0.0	0.0	10.107260726072607	0.0	0.0	0.0	0.0	0.0	0.0	184.34430165000452	0.0	53.059791343999954	10.154788520326687	52.403924148175186
Hbegf	2	18	-	36515087	36515260	0.0	0.0	0.0	0.0	0.0	0.0	0.0	5.866858237547892	0.0	0.0	0.0	34.961685823754785	0.0	0.0	0.0	0.0	0.0	0.0	0.0	0.0	12.3323754789272	37.473610133708654	0.0	44.67037314675995	0.0	0.0	0.0	11.733716475095784	5.866858237547892	0.0	0.0	11.254789272030651	0.0	0.0	0.0	37.09975369458128	0.0	0.0	38.37037688638674	0.0	0.0	0.0	0.0	0.0	0.0	208.66486185294005	0.0	37.95498084291188	4.669540229885058	8.740421455938696
Hbegf	3	18	-	36512557	36512734	0.0	0.0	0.0	0.0	0.0	0.0	11.352996254681646	0.0	0.0	0.0	0.0	58.98876404494382	0.0	0.0	0.0	0.0	0.0	0.0	0.0	0.0	22.354868913857675	27.153558052434455	0.0	58.16947565543071	0.0	0.0	0.0	0.0	0.0	0.0	0.0	0.0	0.0	0.0	0.0	88.39954521134295	0.0	0.0	78.43830416061554	0.0	0.0	0.0	0.0	0.0	0.0	123.78227348792734	0.0	25.98314606741573	62.5	0.0
Hbegf	4	18	-	36507449	36507604	0.0	0.0	0.0	0.0	0.0	0.0	12.152777777777779	0.0	0.0	0.0	0.0	74.65277777777777	0.0	0.0	0.0	0.0	0.0	0.0	0.0	0.0	67.71244247205786	39.32352369852369	0.0	83.54759556682635	0.0	0.0	0.0	0.0	0.0	0.0	0.0	0.0	50.051510989010985	0.0	0.0	122.22306774881216	0.0	0.0	74.13766788766789	0.0	0.0	0.0	0.0	0.0	0.0	214.8928738791668	0.0	22.03525641025641	58.226495726495706	0.0
Hbegf	5	18	-	36506635	36506725	0.0	0.0	0.0	0.0	0.0	0.0	1.6025641025641026	0.0	0.0	0.0	0.0	82.64652014652015	0.0	0.0	0.0	0.0	0.0	0.0	0.0	0.0	48.71794871794871	40.443033977516734	0.0	50.595238095238095	0.0	0.0	0.0	0.0	0.0	0.0	0.0	0.0	57.921245421245416	0.0	0.0	60.897435897435905	0.0	0.0	29.274167861124376	0.0	0.0	0.0	0.0	0.0	0.0	106.45604395604396	0.0	21.062271062271062	44.18498168498168	0.0
Hbegf	6	18	-	36504929	36506364	0.0	0.0	0.0	0.0	0.0	0.0	1.4602664763264337	0.7286462050916012	2.1859386152748037	1.4572924101832023	0.0	11.639503529225156	0.0	0.0	0.0	0.0	0.0	0.0	0.0	0.0	26.510422161953976	17.808950140818574	5.100523435641208	7.303061489854977	0.0	0.0	0.0	21.868308351177724	0.0	0.0	0.0	13.118323726004963	7.413175293260946	0.0	0.0	56.942290134959734	0.0	27.024289411760765	11.565240615895883	0.0	0.0	5.102252543864017	0.0	0.0	0.0	144.3326933075465	0.0	23.37514937862078	35.335453832434744	0.0
Hbp1	1a	12	-	31950234	31950535	0.0	0.0	0.0	0.0	0.0	0.0	0.0	0.0	0.0	0.0	0.0	0.0	1.3218770654329148	0.0	0.0	0.0	0.0	0.0	0.0	0.0	0.0	0.0	0.0	0.0	0.0	0.0	0.0	0.0	0.0	0.0	0.0	0.0	0.0	0.0	0.0	0.0	0.0	0.0	0.0	0.0	0.0	0.0	0.0	0.0	0.0	0.0	0.0	0.0	0.0	0.0
Hbp1	1b	12	-	31950223	31950234	0.0	0.0	0.0	0.0	0.0	0.0	0.0	0.0	0.0	0.0	0.0	0.0	32.88398692810458	0.0	0.0	0.0	0.0	0.0	0.0	0.0	0.0	0.0	0.0	0.0	0.0	0.0	0.0	0.0	0.0	0.0	0.0	0.0	0.0	0.0	0.0	0.0	0.0	0.0	0.0	0.0	0.0	0.0	0.0	0.0	0.0	0.0	0.0	0.0	0.0	0.0
Hbp1	1c	12	-	31950221	31950223	0.0	0.0	0.0	0.0	0.0	0.0	0.0	0.0	0.0	0.0	0.0	0.0	50.2450980392157	0.0	0.0	0.0	0.0	0.0	0.0	0.0	0.0	0.0	0.0	0.0	66.96428571428571	0.0	0.0	0.0	0.0	0.0	0.0	0.0	0.0	23.809523809523807	0.0	0.0	0.0	0.0	0.0	0.0	0.0	0.0	0.0	0.0	0.0	0.0	0.0	0.0	0.0	0.0
Hbp1	1d	12	-	31950210	31950221	0.0	0.0	0.0	89.59369152632986	0.0	0.0	0.0	109.18114143920594	0.0	0.0	0.0	0.0	47.79411764705882	0.0	0.0	0.0	0.0	0.0	0.0	0.0	0.0	0.0	0.0	0.0	70.43650793650794	0.0	0.0	129.75694444444443	75.7688492063492	0.0	0.0	0.0	0.0	101.426393728223	0.0	0.0	0.0	0.0	0.0	0.0	0.0	0.0	0.0	0.0	0.0	21.825396825396826	12.152777777777779	0.0	0.0	15.625
Hbp1	1e	12	-	31950196	31950210	0.0	0.0	0.0	97.73857257417802	0.0	0.0	0.0	109.18114143920594	0.0	0.0	0.0	0.0	20.833333333333332	0.0	0.0	0.0	0.0	0.0	0.0	0.0	0.0	0.0	0.0	0.0	87.79761904761904	0.0	0.0	141.55303030303028	105.2579365079365	0.0	0.0	0.0	0.0	117.64421215640728	0.0	0.0	0.0	0.0	0.0	0.0	0.0	0.0	0.0	0.0	0.0	23.80952380952381	20.833333333333332	0.0	0.0	55.55555555555556
Hbp1	1f	12	-	31950170	31950196	0.0	0.0	0.0	7.239894264753928	0.0	0.0	0.0	8.087491958459701	0.0	0.0	0.0	0.0	1.5432098765432098	0.0	0.0	0.0	0.0	0.0	0.0	0.0	0.0	0.0	0.0	0.0	6.50352733686067	0.0	0.0	10.485409652076317	8.928571428571429	0.0	0.0	0.0	0.0	9.743192670021939	0.0	0.0	0.0	0.0	0.0	0.0	0.0	0.0	0.0	0.0	0.0	1.763668430335097	1.5432098765432098	0.0	0.0	4.62962962962963
Hbp1	1g	12	-	31950131	31950170	0.0	0.0	0.0	0.0	0.0	0.0	0.0	0.0	0.0	0.0	0.0	0.0	0.0	0.0	0.0	0.0	0.0	0.0	0.0	0.0	0.0	33.33333333333334	0.0	0.0	0.0	0.0	0.0	0.0	0.0	0.0	0.0	0.0	0.0	0.0	0.0	0.0	0.0	0.0	0.0	0.0	0.0	0.0	0.0	0.0	0.0	0.0	2.857142857142857	0.0	0.0	0.0
Hbp1	1h	12	-	31950105	31950131	0.0	0.0	0.0	0.0	0.0	0.0	0.0	0.0	0.0	0.0	0.0	0.0	0.0	0.0	0.0	0.0	0.0	0.0	0.0	0.0	0.0	27.777777777777775	0.0	0.0	0.0	0.0	0.0	0.0	0.0	0.0	0.0	0.0	0.0	0.0	0.0	0.0	0.0	0.0	0.0	0.0	0.0	0.0	0.0	0.0	0.0	0.0	8.465608465608467	0.0	0.0	0.0
Hbp1	2	12	-	31949575	31949608	0.0	0.0	0.0	0.0	0.0	0.0	0.0	0.0	0.0	0.0	0.0	0.0	0.0	0.0	0.0	0.0	0.0	0.0	0.0	0.0	0.0	0.0	0.0	0.0	0.0	0.0	0.0	0.0	0.0	0.0	0.0	0.0	0.0	0.0	0.0	0.0	0.0	0.0	0.0	0.0	0.0	0.0	0.0	0.0	0.0	0.0	0.0	0.0	0.0	0.0
Hbp1	3	12	-	31943829	31944012	23.324275362318836	0.0	0.0	53.27051227293331	0.0	0.0	0.0	67.28830645161291	28.441298503973815	11.096014492753621	37.276066827697264	0.0	41.213768115942024	0.0	0.0	0.0	0.0	0.0	0.0	0.0	0.0	60.801630434782616	25.815217391304348	0.0	70.23701690821257	0.0	0.0	39.41246706192358	86.85947204968944	0.0	85.0317028985507	0.0	0.0	104.20097196516117	0.0	0.0	0.0	11.4356884057971	0.0	0.0	0.0	0.0	56.908883355205134	0.0	0.0	32.78662008281574	142.80214803312626	0.0	0.0	48.69688735177865
Hbp1	4a	12	-	31940407	31940506	18.333333333333332	0.0	0.0	18.125	0.0	0.0	0.0	38.33333333333333	56.9489247311828	4.166666666666667	46.64351851851851	0.0	49.16666666666667	0.0	0.0	0.0	0.0	0.0	0.0	0.0	0.0	57.5	0.0	0.0	77.29166666666666	0.0	0.0	23.541666666666664	84.58333333333331	0.0	0.0	0.0	0.0	204.98333333333335	0.0	0.0	0.0	18.333333333333332	0.0	0.0	0.0	0.0	50.13297872340426	0.0	0.0	55.20833333333333	43.95833333333334	0.0	0.0	38.54166666666667
Hbp1	4b	12	-	31940278	31940407	11.057692307692308	0.0	0.0	42.948717948717956	0.0	0.0	0.0	35.737179487179475	22.298534798534803	4.807692307692308	37.39316239316239	0.0	35.57692307692307	0.0	0.0	0.0	0.0	0.0	0.0	0.0	0.0	20.3525641025641	0.0	0.0	53.84615384615385	0.0	0.0	34.931318681318686	115.38461538461539	0.0	0.0	0.0	0.0	111.42584892584894	0.0	0.0	0.0	7.532051282051282	0.0	0.0	0.0	0.0	37.5	0.0	0.0	0.8012820512820513	81.08974358974358	0.0	0.0	29.326923076923073
Hbp1	4c	12	-	31939751	31940278	0.07891414141414141	0.0	0.0	0.07891414141414141	0.0	0.0	0.0	21.02185044893378	0.248015873015873	0.0	0.0	0.0	0.15782828282828282	0.0	0.0	0.0	0.0	0.0	0.0	0.0	0.0	9.745896464646464	0.0	0.0	21.872745310245314	0.0	0.0	7.369453463203463	11.994949494949497	0.0	0.0	0.0	0.0	37.571022727272734	0.0	0.0	0.0	0.11837121212121213	0.0	0.0	0.0	0.0	0.15782828282828282	0.0	0.0	0.0	0.23674242424242425	0.0	0.0	0.07891414141414141
Hbp1	5	12	-	31937618	31937759	22.300469483568076	0.0	0.0	22.88732394366197	0.0	0.0	0.0	29.342723004694832	32.13028169014084	0.0	27.929791392030346	0.0	36.678403755868544	0.0	0.0	0.0	0.0	0.0	0.0	0.0	0.0	32.769195820081784	0.0	0.0	0.0	0.0	0.0	0.0	137.32394366197184	0.0	0.0	0.0	0.0	0.0	0.733568075117371	0.0	0.0	20.833333333333332	0.0	0.0	2.0539906103286385	0.0	50.058685446009385	0.0	0.0	30.956572769953052	145.53990610328634	7.188967136150234	0.0	67.48826291079811
Hbp1	6	12	-	31937170	31937281	22.69345238095238	0.0	0.0	79.42708333333334	0.0	0.0	0.0	36.830357142857146	63.988095238095234	9.114583333333332	1.3020833333333335	0.0	109.20589826839826	0.0	0.0	0.0	0.0	0.0	31.22573757763975	0.0	0.0	39.00549635176651	0.0	0.0	0.0	0.0	0.0	0.0	92.8199404761905	0.0	0.0	0.0	0.0	0.0	0.0	0.0	0.0	19.15922619047619	0.0	0.0	0.0	49.47916666666667	42.22470238095238	0.0	0.0	38.18558673469388	151.04166666666666	0.0	0.0	51.38221153846154
Hbp1	7a	12	-	31937045	31937084	0.0	0.0	0.0	32.8125	0.0	0.0	0.0	19.270833333333332	0.0	0.0	0.0	0.0	71.35416666666667	0.0	0.0	0.0	0.0	0.0	0.0	0.0	0.0	16.666666666666668	0.0	0.0	0.0	12.218088816554289	0.0	0.0	48.4375	0.0	0.0	0.0	0.0	0.0	0.0	0.0	0.0	0.0	0.0	0.0	0.0	16.666666666666668	14.583333333333334	0.0	0.0	27.083333333333332	135.84692028985506	14.583333333333332	0.0	20.3125
Hbp1	7b	12	-	31936972	31937045	13.795045045045045	0.0	0.0	28.716216216216218	0.0	0.0	0.0	16.047297297297295	27.59009009009009	0.0	10.416666666666666	0.0	46.17117117117118	0.0	0.0	0.0	0.0	0.0	0.0	0.0	0.0	30.405405405405407	0.0	0.0	0.0	41.20519321925971	0.0	0.0	79.11036036036037	0.0	0.0	0.0	0.0	0.0	0.0	0.0	0.0	0.0	0.0	0.0	0.0	40.54054054054054	0.0	0.0	0.0	19.144144144144146	134.976008617313	9.853603603603604	0.0	20.5518018018018
Hbp1	7c	12	-	31936459	31936972	0.0	0.0	0.0	17.104409857328143	0.0	0.0	0.0	34.65384208157971	9.03858625162127	0.0	0.24319066147859922	0.0	0.1621271076523995	0.0	0.0	0.0	0.0	0.0	0.0	0.0	0.0	13.334954604409859	0.0	0.0	0.0	0.08106355382619974	0.0	23.865110246433204	3.445201037613489	0.0	0.0	0.0	0.0	0.0	0.0	0.0	0.0	8.011781236489407	0.0	0.0	0.0	19.804436355522082	0.0	0.0	0.0	23.22470817120623	0.3277787176450685	8.551377749543397	0.0	0.24319066147859922
Hbp1	8a	12	-	31934441	31934803	0.0	0.0	0.0	34.95998950544405	0.0	0.0	0.0	0.0	0.0	0.0	0.0	0.0	0.0	0.0	0.0	0.0	0.0	25.740358126721762	0.0	0.0	0.0	8.4366391184573	0.0	0.0	0.0	0.0	0.0	0.0	0.0	0.0	0.0	0.0	0.0	0.0	0.0	0.0	0.0	8.4366391184573	28.679653679653683	16.873278236914597	0.0	11.301652892561982	0.0	47.84023277617389	0.0	2.9843893480257115	0.0	0.0	0.0	0.0
Hbp1	8b	12	-	31934342	31934441	35.41666666666666	0.0	0.0	50.0	0.0	0.0	10.208333333333334	0.0	33.12499999999999	10.208333333333334	30.0	0.0	50.0	0.0	0.0	0.0	0.0	50.41666666666666	0.0	0.0	0.0	71.25	0.0	0.0	0.0	37.91666666666667	0.0	0.0	36.875	0.0	0.0	0.0	0.0	0.0	0.0	0.0	0.0	17.291666666666664	46.462765957446805	34.79166666666666	0.0	0.0	0.0	83.16123188405797	0.0	10.208333333333334	112.05615942028986	0.0	0.0	46.04166666666667
Hbp1	8c	12	-	31934285	31934342	19.396551724137932	0.0	0.0	7.183908045977011	0.0	0.0	0.0	0.0	43.821839080459775	0.0	72.91666666666667	0.0	70.40229885057471	0.0	0.0	0.0	0.0	11.135057471264368	0.0	0.0	0.0	69.683908045977	0.0	0.0	0.0	64.6551724137931	0.0	0.0	0.0	0.0	0.0	0.0	0.0	0.0	0.0	0.0	0.0	5.747126436781609	47.05459770114942	10.775862068965518	0.0	0.0	0.0	33.045977011494244	0.0	1.7959770114942528	121.40804597701148	0.0	0.0	54.59770114942529
Hbp1	9	12	-	31933357	31933501	24.42528735632184	0.0	0.0	26.005747126436777	0.0	0.0	0.0	0.0	40.66091954022989	12.787356321839079	43.53448275862068	0.0	37.38505747126437	0.0	0.0	0.0	0.0	23.132183908045977	0.0	0.0	0.0	16.522988505747126	0.0	0.0	0.0	9.051724137931036	0.0	0.0	21.120689655172413	0.0	0.0	0.0	0.0	0.0	0.0	0.0	0.0	10.708608461726584	24.438349007314525	0.0	0.0	0.0	0.0	0.0	0.0	27.442528735632184	50.43103448275862	27.059386973180075	0.0	70.68965517241378
Hbp1	10	12	-	31932833	31933031	0.0	0.0	0.0	0.0	0.0	0.0	0.0	0.0	0.0	0.0	32.55862646566163	0.0	0.0	0.0	0.0	0.0	0.0	7.3283082077051915	0.0	0.0	0.0	10.25963149078727	0.0	0.0	0.0	0.0	0.0	0.0	0.0	0.0	0.0	0.0	0.0	0.0	0.0	0.0	0.0	0.0	0.0	0.0	0.0	0.0	0.0	0.0	0.0	0.0	0.0	0.0	0.0	0.0
Hbp1	11a	12	-	31930924	31931005	28.455284552845523	0.0	0.0	45.47764227642276	0.0	0.0	0.0	0.0	12.449186991869917	2.2865853658536586	16.76829268292683	0.0	75.5749893025246	0.0	0.0	0.0	0.0	62.24593495934959	0.0	0.0	0.0	59.70528455284553	0.0	0.0	0.0	20.833333333333332	0.0	0.0	39.17682926829268	0.0	0.0	0.0	0.0	0.0	0.0	0.0	0.0	30.967825635703164	74.99999999999999	0.0	0.0	0.0	0.0	0.0	0.0	0.0	74.4410569105691	0.0	0.0	69.86788617886178
Hbp1	11b	12	-	31930813	31930924	16.183035714285715	0.0	0.0	41.85267857142857	0.0	0.0	0.0	0.0	50.78124999999999	0.0	35.52827380952381	0.0	19.34523809523809	0.0	0.0	0.0	0.0	33.482142857142854	0.0	0.0	0.0	14.508928571428571	26.03321158008658	0.0	0.0	12.276785714285714	0.0	0.0	24.925595238095237	0.0	0.0	0.0	0.0	0.0	0.0	0.0	46.178168663556455	36.629464285714285	42.59672619047618	0.0	0.0	0.0	0.0	0.0	0.0	0.0	79.26533385093168	0.0	0.0	44.27083333333332
Hbp1	11c	12	-	31930682	31930813	35.03465780251494	0.0	0.0	9.943181818181818	0.0	0.0	7.733585858585858	0.0	46.74586776859504	0.0	36.832611832611825	0.0	48.76893939393939	0.0	0.0	0.0	0.0	8.996212121212121	0.0	0.0	0.0	23.674242424242426	21.969696969696965	0.0	0.0	11.051337846550613	0.0	0.0	19.886363636363637	0.0	0.0	0.0	0.0	0.0	0.0	0.0	23.04292929292929	0.0	38.51010101010101	0.0	0.0	0.0	0.981445662296726	0.0	0.0	7.733585858585858	78.59162274923145	0.946969696969697	0.0	76.70454545454545
Hbp1	11d	12	-	31929383	31930682	0.1282051282051282	0.0	0.0	0.03205128205128205	0.0	0.0	0.0	0.0	0.09615384615384616	0.0	0.0641025641025641	0.0	41.810897435897445	0.0	0.0	0.03205128205128205	0.0	12.736237414299167	0.0	0.0	0.0	0.0641025641025641	0.2884615384615385	0.0	0.0	10.504807692307693	0.0	0.0	0.03205128205128205	0.0	0.0	0.0	19.407051282051277	0.0	0.0	0.0	0.0	0.0	0.03205128205128205	0.0	0.0	0.0	0.13170576468448808	1.5705128205128205	0.0	6.282051282051282	0.16025641025641024	11.490384615384615	0.0	10.349543990248572
Hbp1	12	12	-	31928584	31928725	22.153755868544597	0.0	159.47769953051645	17.458920187793424	0.0	0.0	0.0	7.188967136150234	53.25704225352113	7.188967136150234	29.355480710349045	0.0	0.0	0.0	0.0	117.41281019450034	26.995305164319248	0.0	0.0	0.0	0.0	42.546948356807505	0.0	0.0	0.0	0.0	0.0	0.0	29.63615023474178	0.0	0.0	0.0	18.926056338028168	0.0	0.0	0.0	0.0	0.0	45.88875847678664	0.0	0.0	0.0	85.22458628841608	0.0	0.0	0.0	73.06338028169013	67.6349765258216	0.0	83.03990610328638
Hbp1	13	12	-	31926254	31927507	28.189615279443007	0.0	28.47279190593383	61.98460962299818	0.0	0.0	4.187175280284386	2.5123051681706317	24.285267839703558	0.8374350560568771	20.098441345365053	0.0	0.0	0.0	0.0	43.40684434980421	17.569045665846318	0.0	0.0	0.0	0.0	18.423571233251295	0.0	0.0	0.0	9.211785616625649	0.0	18.43378114912159	23.858353841946947	0.0	0.0	0.0	0.0	18.50902378999179	0.0	21.781856713152855	7.536915504511895	0.8374350560568771	32.832011667122416	0.0	0.0	0.0	114.85599616949307	10.083401695378727	0.0	9.211785616625649	69.6998823504689	6.135493573967732	0.0	42.7253323437586
Hbq1a	1	11	+	32300069	32300212	0.0	0.0	0.0	0.0	0.0	0.0	0.0	0.0	0.0	0.0	0.0	0.0	0.0	0.0	0.0	0.0	0.0	0.0	0.0	0.0	0.0	9.365443425076453	0.0	0.0	0.0	18.730886850152906	0.0	0.0	0.0	0.0	0.0	0.0	19.304281345565748	0.0	0.0	0.0	30.08409785932722	0.0	0.0	0.0	0.0	0.0	0.0	0.0	0.0	0.0	0.0	0.0	0.0	0.0
Hbq1a	2	11	+	32300308	32300512	0.0	0.0	0.0	0.0	0.0	0.0	0.0	0.0	0.0	0.0	0.0	0.0	0.0	0.0	0.0	0.0	0.0	0.0	0.0	0.0	0.0	0.0	0.0	4.979674796747967	0.0	0.0	0.0	0.0	0.0	0.0	0.0	0.0	9.654471544715445	0.0	9.959349593495935	0.0	14.02439024390244	0.0	0.0	0.0	0.0	4.979674796747967	0.0	0.0	0.0	0.0	0.0	0.0	0.0	0.0
Hbq1a	3	11	+	32300619	32300873	0.0	0.0	0.0	0.0	0.0	0.0	0.0	0.0	0.0	0.0	0.0	0.0	0.0	0.0	0.0	0.0	0.0	0.0	0.0	0.0	0.0	0.0	0.0	0.0	0.0	0.0	0.0	0.0	0.0	0.0	0.0	0.0	0.0	0.0	0.0	0.0	0.0	0.0	0.0	0.0	0.0	0.0	0.0	0.0	0.0	0.0	0.0	0.0	0.0	9.337121212121211
Hbq1b	1a	11	+	32286965	32287001	0.0	0.0	0.0	0.0	0.0	0.0	0.0	0.0	0.0	0.0	0.0	0.0	0.0	0.0	0.0	0.0	0.0	0.0	0.0	0.0	0.0	64.51612903225806	0.0	0.0	0.0	283.3333333333333	0.0	0.0	0.0	0.0	426.8292682926829	0.0	676.4705882352941	0.0	63.50806451612903	0.0	4347.393267651889	0.0	0.0	0.0	0.0	1404.7619047619046	0.0	0.0	0.0	0.0	0.0	0.0	0.0	0.0
Hbq1b	1b	11	+	32287001	32287107	0.0	0.0	0.0	0.0	0.0	0.0	0.0	0.0	0.0	0.0	0.0	0.0	0.0	0.0	0.0	0.0	0.0	0.0	0.0	0.0	0.0	74.96105919003114	0.0	55.50949653301175	0.0	53.5436137071651	0.0	0.0	0.0	0.0	27.647975077881615	0.0	84.63899578522997	0.0	31.15264797507788	0.0	116.78348909657319	0.0	0.0	0.0	0.0	0.0	0.0	0.0	0.0	0.0	0.0	0.0	0.0	0.0
Hbq1b	2a	11	+	32287203	32287407	0.0	0.0	0.0	0.0	0.0	0.0	0.0	0.0	0.0	0.0	0.0	0.0	0.0	0.0	0.0	0.0	0.0	0.0	0.0	0.0	0.0	23.17073170731707	0.0	33.53658536585366	0.0	21.64634146341463	0.0	0.0	0.0	0.0	5.497043606799704	0.0	54.65631929046563	0.0	31.300813008130078	0.0	107.63646922183507	0.0	0.0	0.0	0.0	29.8780487804878	0.0	0.0	0.0	0.0	0.0	0.0	0.0	0.0
Hbq1b	2b	11	+	32287407	32287514	0.0	0.0	0.0	0.0	0.0	0.0	0.0	0.0	0.0	0.0	0.0	0.0	0.0	0.0	0.0	0.0	0.0	0.0	0.0	0.0	0.0	0.0	0.0	0.0	0.0	0.0	0.0	0.0	0.0	0.0	0.0	0.0	0.4208754208754209	0.0	0.0	0.0	0.38580246913580246	0.0	0.0	0.0	0.0	0.0	0.0	0.0	0.0	0.0	0.0	0.0	0.0	0.0
Hbq1b	2c	11	+	32287514	32287727	0.0	0.0	0.0	0.0	0.0	0.0	0.0	0.0	0.0	0.0	0.0	0.0	0.0	0.0	0.0	0.0	0.0	0.0	0.0	0.0	0.0	0.0	0.0	0.0	0.0	0.0	0.0	0.0	0.0	0.0	0.0	0.0	0.3186066270178419	0.0	0.0	0.0	0.19470404984423675	0.0	0.0	0.0	0.0	0.0	0.0	0.0	0.0	0.0	0.0	0.0	0.0	0.0
Hbq1b	2d	11	+	32287727	32287784	0.0	0.0	0.0	0.0	0.0	0.0	0.0	0.0	0.0	0.0	0.0	0.0	0.0	0.0	0.0	0.0	0.0	0.0	0.0	0.0	0.0	0.0	0.0	0.0	0.0	0.0	0.0	0.0	0.0	0.0	0.0	0.0	0.0	0.0	0.0	0.0	0.0	0.0	0.0	0.0	0.0	0.0	0.0	0.0	0.0	0.0	0.0	0.0	0.0	0.0
Hbs1l	1a	10	+	21295979	21296009	-276.0416666666667	-0.0	-0.0	-0.0	-0.0	-0.0	-0.0	-0.0	-0.0	-0.0	-0.0	-0.0	-0.0	-0.0	-46.875	-0.0	-0.0	-0.0	-0.0	-0.0	-0.0	-0.0	-0.0	-0.0	-0.0	-0.0	-0.0	-0.0	-0.0	-0.0	-0.0	-0.0	-0.0	-0.0	-0.0	-0.0	-0.0	-0.0	-0.0	-0.0	-0.0	-395.83333333333326	-0.0	-161.45833333333334	-0.0	-0.0	-0.0	-0.0	-0.0	-0.0
Hbs1l	1b	10	+	21296009	21296018	68.13725490196079	52.98701298701299	0.0	58.95593869731801	0.0	0.0	0.0	0.0	0.0	0.0	0.0	9.75609756097561	10.416666666666668	0.0	20.833333333333336	0.0	0.0	0.0	0.0	0.0	0.0	26.470588235294116	0.0	0.0	0.0	0.0	0.0	0.0	0.0	26.470588235294116	0.0	0.0	0.0	51.40394088669951	0.0	0.0	0.0	0.0	0.0	0.0	10.416666666666668	51.66666666666667	9.67741935483871	87.83232446042545	0.0	0.0	0.0	0.0	0.0	0.0
Hbs1l	1c	10	+	21296018	21296030	90.30920060331823	58.874458874458874	16.02564102564103	95.50081762261962	0.0	10.256410256410257	0.0	0.0	0.0	0.0	0.0	24.390243902439025	53.73931623931624	93.51432880844644	20.833333333333332	0.0	0.0	0.0	34.3204589528119	0.0	0.0	45.43740573152338	0.0	0.0	0.0	0.0	0.0	12.406947890818858	0.0	29.41176470588235	0.0	0.0	0.0	171.3464696223317	41.02564102564103	52.77598218774689	11.655011655011656	0.0	87.65716265716266	31.77476118652589	20.833333333333332	75.0	32.25806451612903	167.88125247492243	151.547486330095	0.0	0.0	0.0	0.0	0.0
Hbs1l	1d	10	+	21296030	21296033	93.6902199904352	58.874458874458874	33.02845528455285	127.5470561991493	0.0	33.333333333333336	0.0	0.0	0.0	0.0	0.0	24.390243902439025	74.30555555555556	101.20663650075414	20.833333333333332	0.0	0.0	0.0	89.23319327731093	0.0	0.0	71.9842284739983	0.0	0.0	0.0	0.0	0.0	32.25806451612903	0.0	41.60688665710187	0.0	0.0	0.0	171.34646962233168	99.6951219512195	97.95609300630821	42.49815225424981	0.0	202.11897437507193	51.63398692810457	20.833333333333332	64.58333333333333	32.25806451612903	177.49663709030708	293.9613526570048	0.0	0.0	0.0	24.390243902439025	0.0
Hbs1l	1e	10	+	21296033	21296038	91.99645305276583	58.87445887445888	52.16802168021681	139.7421781503688	0.0	33.333333333333336	0.0	0.0	64.58333333333334	0.0	0.0	24.39024390243902	74.30555555555556	108.1510809451986	20.833333333333332	0.0	0.0	17.36111111111111	103.12208216619983	0.0	0.0	93.72335890878092	0.0	0.0	0.0	0.0	0.0	32.25806451612903	0.0	60.74645305276582	0.0	0.0	0.0	171.34646962233168	111.89024390243902	110.15121495752773	54.69327420546932	0.0	214.31409632629143	51.63398692810458	20.833333333333332	33.333333333333336	32.25806451612903	202.49663709030708	328.6835748792271	0.0	0.0	0.0	55.72493224932249	0.0
Hbs1l	1f	10	+	21296038	21296058	81.81321309011409	19.542362399505258	74.98548199767711	110.57654143467649	0.0	31.746031746031743	0.0	0.0	64.58333333333333	11.904761904761903	0.0	22.067363530778167	69.84126984126985	96.72574157868274	11.904761904761903	0.0	0.0	20.833333333333332	117.01097105508872	0.0	0.0	81.7932245361913	0.0	0.0	0.0	20.833333333333332	0.0	30.721966205837173	0.0	61.97194324884425	0.0	0.0	0.0	66.7487684729064	156.73151374370886	118.49091447369783	54.69327420546932	0.0	229.1950487072438	50.23342670401494	24.801587301587304	14.285714285714285	29.249871991807478	173.18165748333632	348.52484472049684	0.0	13.88888888888889	0.0	88.46302748741773	0.0
Hbs1l	1g	10	+	21296058	21296176	74.3577918972467	29.001255674683666	38.64350618296099	62.628100020496	0.0	0.0	0.0	0.0	15.686274509803921	6.65266106442577	0.0	17.304998922645982	48.44771241830065	82.28291316526612	12.079831932773109	0.0	0.0	28.361344537815125	33.82205823505873	0.0	0.0	17.857142857142858	0.0	8.403361344537815	0.0	22.75910364145658	0.0	22.759103641456583	0.0	24.11269385803102	0.0	13.480392156862743	0.0	19.257703081232496	40.67932050869128	73.75035195157146	3.78865515163937	0.0	82.10936099335362	2.054154995331466	11.789290184158771	43.09905780494015	25.91036414565826	91.63735261546478	107.83799026857119	8.57843137254902	17.857142857142858	0.0	88.07132609141215	0.0
Hbs1l	2a	10	+	21299178	21299225	69.44444444444443	59.895833333333336	64.2361111111111	73.90873015873017	0.0	0.0	0.0	20.833333333333332	12.152777777777779	0.0	0.0	43.402777777777786	92.44791666666667	124.76325757575758	70.3125	0.0	0.0	63.36805555555555	22.97794117647059	0.0	0.0	99.8263888888889	0.0	0.0	0.0	23.87152777777778	0.0	40.364583333333336	0.0	28.211805555555554	0.0	31.684027777777775	0.0	55.989583333333336	67.27430555555556	154.07986111111114	0.0	0.0	168.83680555555554	1.3020833333333333	0.0	0.0	15.190972222222221	75.95486111111111	213.91624973942046	0.0	34.722222222222214	0.0	94.87847222222221	0.0
Hbs1l	2b	10	+	21299225	21299243	260.9649122807017	211.6228070175439	118.42105263157895	141.44736842105263	0.0	0.0	9.868421052631579	26.31578947368421	41.666666666666664	0.0	0.0	109.64912280701752	264.2543859649123	222.28867623604467	145.83333333333334	0.0	0.0	112.93859649122805	62.5	0.0	0.0	166.66666666666666	0.0	0.0	0.0	20.833333333333332	0.0	20.833333333333332	0.0	80.04385964912281	0.0	20.833333333333332	0.0	59.21052631578947	114.03508771929823	248.9035087719298	0.0	0.0	213.81578947368422	38.377192982456144	0.0	18.640350877192983	0.0	214.91228070175436	253.71120107962213	0.0	69.07894736842105	0.0	118.42105263157895	0.0
Hbs1l	3	10	+	21304530	21304643	120.61403508771932	150.03654970760232	51.53508771929825	133.58918128654972	0.0	0.0	16.264619883040933	5.116959064327486	14.985380116959064	8.954678362573098	0.0	76.14193140508931	144.55409356725144	144.4392230576441	65.7285575048733	0.0	0.0	28.874269005847957	64.69298245614036	0.0	0.0	48.06286549707603	0.0	0.0	0.0	16.630116959064328	0.0	27.626230209670517	0.0	14.437134502923977	0.0	90.46052631578948	0.0	45.347744360902254	134.1374269005848	113.06042884990254	0.0	0.0	116.95906432748538	38.01169590643275	0.0	23.8182261208577	8.954678362573098	158.80847953216374	137.13169140800719	17.909356725146196	63.92543859649122	0.0	68.71345029239765	0.0
Hbs1l	4	10	+	21307585	21307779	72.00854700854701	51.06837606837606	38.56837606837607	82.39003543881593	0.0	8.547008547008547	5.128205128205129	5.235042735042735	20.94017094017094	0.0	0.0	63.91308399358489	105.36653517422748	97.68925518925516	62.680097680097674	0.0	0.0	38.673033315890464	50.96153846153846	0.0	0.0	53.608884223028134	0.0	0.0	0.0	8.44017094017094	0.0	16.66893980723768	0.0	28.95299145299145	0.0	18.162393162393162	0.0	58.87216648086214	78.73931623931625	116.32020139105157	0.0	0.0	110.18925518925518	21.688034188034184	0.0	21.581196581196583	20.2991452991453	176.2416745276277	199.9092226008602	0.0	77.4035722112645	0.0	63.388203936984425	0.0
Hbs1l	5a	10	+	21309099	21309314	15.239197530864194	0.0	0.0	0.0	0.0	0.0	0.0	0.0	0.0	0.0	0.0	25.7260101010101	0.0	0.0	0.0	0.0	0.0	37.37343797049081	9.934413580246913	0.0	0.0	0.0	0.0	0.0	0.0	0.0	0.0	27.053221921108097	0.0	0.0	0.0	0.0	0.0	4.243827160493828	0.0	50.39058761603982	0.0	0.0	41.37731481481482	0.0	0.0	0.0	16.0108024691358	18.90432098765432	7.233796296296297	0.0	0.0	0.0	1.736111111111111	0.0
Hbs1l	5b	10	+	21309314	21309743	18.507751937984494	0.0	0.0	0.0	0.0	0.0	0.0	0.0	0.0	0.0	0.0	0.2642706131078224	7.218992248062015	0.0	0.0	0.0	0.0	0.28360748723766305	0.0	0.0	0.0	0.0	0.0	0.0	0.0	0.0	0.0	0.28360748723766305	0.0	0.0	0.0	0.0	0.0	0.0	0.0	9.496124031007751	0.0	0.0	0.0	0.0	0.0	0.0	39.167236662106696	19.670542635658915	0.0	0.0	0.0	0.0	0.0	0.0
Hbs1l	5c	10	+	21309743	21311206	6.204462659380693	0.0	0.0	0.0	0.0	0.0	0.0	0.0	11.583561020036429	0.0	0.0	0.0	8.630032052639756	0.0	0.0	0.0	0.0	0.0	0.0	0.0	0.0	0.0	0.0	0.0	0.0	0.0	0.0	0.0	0.0	0.0	0.0	0.0	0.0	0.0	0.0	15.195610969176542	0.0	0.0	0.0	0.0	0.0	0.0	16.9768897996357	14.318647540983603	0.0	0.0	0.0	0.0	0.0	0.0
Hbs1l	5d	10	+	21311206	21311209	0.0	0.0	0.0	0.0	0.0	0.0	0.0	0.0	20.833333333333332	0.0	0.0	0.0	20.833333333333332	0.0	0.0	0.0	0.0	0.0	0.0	0.0	0.0	0.0	0.0	0.0	0.0	0.0	0.0	0.0	0.0	0.0	0.0	0.0	0.0	0.0	0.0	83.33333333333333	0.0	0.0	0.0	0.0	0.0	0.0	0.0	20.833333333333332	0.0	0.0	0.0	0.0	0.0	0.0
Hbs1l	6a	10	+	21336967	21336974	41.666666666666664	0.0	54.6875	20.833333333333332	0.0	20.833333333333332	0.0	0.0	0.0	0.0	0.0	62.94326241134751	83.33333333333333	164.0625	41.666666666666664	0.0	0.0	20.833333333333332	0.0	0.0	0.0	77.1103896103896	0.0	0.0	0.0	0.0	0.0	0.0	0.0	13.020833333333334	0.0	0.0	0.0	49.47916666666667	104.16666666666666	0.0	0.0	0.0	0.0	20.833333333333332	0.0	41.666666666666664	0.0	141.90282091097308	41.666666666666664	0.0	104.16666666666666	0.0	0.0	0.0
Hbs1l	6b	10	+	21336974	21336976	41.666666666666664	0.0	41.666666666666664	62.49999999999999	0.0	20.833333333333332	0.0	0.0	0.0	0.0	0.0	62.94326241134751	97.22222222222223	145.83333333333334	69.44444444444443	0.0	0.0	20.833333333333332	0.0	0.0	0.0	120.94155844155844	0.0	0.0	0.0	0.0	0.0	0.0	0.0	13.888888888888888	0.0	0.0	0.0	20.833333333333332	104.16666666666667	0.0	0.0	0.0	0.0	20.833333333333332	0.0	41.666666666666664	0.0	128.88198757763973	41.666666666666664	0.0	104.16666666666667	0.0	0.0	0.0
Hbs1l	6c	10	+	21336976	21337075	55.20833333333333	0.0	43.54166666666666	115.83333333333336	0.0	1.875	0.0	0.0	10.208333333333334	0.0	0.0	42.78607474086197	73.95833333333331	97.29166666666669	87.16071428571428	0.0	0.0	27.708333333333332	0.0	0.0	0.0	84.03950216450217	0.0	0.0	0.0	10.208333333333334	0.0	35.208333333333336	0.0	64.51388888888887	0.0	10.208333333333334	0.0	30.624999999999996	75.83333333333334	0.0	0.0	0.0	0.0	14.791666666666664	0.0	43.95833333333333	0.0	80.97696687370598	8.75	0.0	46.458333333333336	0.0	17.98611111111111	10.208333333333334
Hbs1l	6d	10	+	21337075	21337176	0.0	0.0	0.0	12.663398692810457	0.0	0.0	0.0	0.0	0.0	0.0	0.0	0.0	0.0	0.0	0.0	0.0	0.0	0.0	0.0	0.0	0.0	0.0	0.0	0.0	0.0	0.0	0.0	0.0	0.0	0.0	0.0	25.531045751633986	0.0	16.237745098039216	0.0	0.0	0.0	0.0	0.0	0.0	0.0	0.0	0.0	0.0	0.0	0.0	0.0	0.0	0.0	0.0
Hbs1l	7	10	+	21341714	21341979	64.848025676436	0.0	28.978696741854634	86.38784461152883	0.0	7.675438596491228	0.0	3.837719298245614	0.0	7.675438596491228	0.0	38.06390977443609	69.70551378446115	67.27756892230576	55.956652996126685	0.0	0.0	39.317042606516296	0.0	0.0	0.0	68.37375058198856	0.0	0.0	0.0	16.995614035087716	0.0	22.32142857142857	0.0	38.61215538847118	0.0	25.297619047619044	0.0	25.25584795321637	63.7531328320802	0.0	0.0	0.0	0.0	12.077067669172934	0.0	4.620927318295739	0.0	50.83020050125315	10.737069947596265	7.675438596491228	28.352130325814535	0.0	42.609921542987905	0.0
Hbs1l	8	10	+	21342399	21342564	109.6887550200803	0.0	18.448795180722893	46.43574297188755	0.0	0.0	0.0	6.149598393574297	0.0	0.0	0.0	53.714859437751	17.193775100401606	153.80902654920328	53.58935742971887	0.0	0.0	56.864676752121255	0.0	0.0	0.0	58.734939759036145	0.0	0.0	0.0	27.233935742971887	0.0	56.22489959839356	0.0	42.04317269076305	0.0	45.17816162609622	0.0	73.97044906613077	12.215528781793841	0.0	0.0	0.0	0.0	4.769076305220883	0.0	6.149598393574297	0.0	23.343373493975903	17.319277108433734	33.31507849580139	17.068273092369473	0.0	4.6435742971887555	0.0
Hbs1l	9a	10	+	21344672	21345077	0.10262725779967159	0.0	0.0	42.85620988207195	0.0	0.0	0.0	0.0	0.0	5.028735632183908	0.0	27.965927750410515	29.19745484400657	0.6157635467980295	9.236453201970443	48.02955665024629	0.0	12.57183908045977	0.0	0.0	0.0	10.26272577996716	0.0	0.0	0.0	0.10262725779967159	0.0	0.10262725779967159	0.0	0.0	0.0	0.20525451559934318	0.0	8.728282748026908	15.158045977011493	0.0	0.0	0.0	0.0	0.10262725779967159	0.0	0.0	0.0	0.3078817733990148	0.20525451559934318	0.10262725779967159	0.10262725779967159	0.0	14.983579638752051	0.0
Hbs1l	9b	10	+	21345077	21345151	26.94444444444444	0.0	6.666666666666667	74.16666666666667	0.0	18.61111111111111	0.0	0.0	0.0	0.0	0.0	16.944444444444443	81.38888888888889	53.61111111111111	25.0	47.5	0.0	18.61111111111111	0.0	0.0	0.0	19.72222222222222	0.0	0.0	0.0	1.9444444444444446	0.0	35.833333333333336	0.0	0.0	0.0	34.722222222222214	0.0	52.31182795698925	13.888888888888886	0.0	0.0	0.0	0.0	8.888888888888891	0.0	13.61111111111111	0.0	53.61111111111111	39.16666666666667	8.055555555555555	25.555555555555554	0.0	19.166666666666664	0.0
Hbs1l	9c	10	+	21345151	21345194	69.60227272727272	0.0	20.833333333333332	138.7310606060606	0.0	34.56439393939394	0.0	7.575757575757575	0.0	0.0	0.0	28.409090909090907	149.6212121212121	187.5	31.25	26.041666666666664	0.0	38.510101010101	0.0	0.0	0.0	5.681818181818182	0.0	0.0	0.0	6.628787878787879	0.0	66.00378787878788	0.0	0.0	0.0	34.56439393939394	0.0	15.625	23.674242424242422	0.0	0.0	0.0	0.0	15.15151515151515	0.0	13.257575757575758	0.0	0.0	16.571969696969695	20.359848484848484	32.196969696969695	0.0	49.715909090909086	0.0
Hbs1l	10	10	+	21347262	21347408	41.666666666666664	0.0	30.612244897959183	57.82312925170067	0.0	1.1337868480725624	0.0	17.998866213151928	0.0	0.0	0.0	37.84013605442176	96.40458747601605	133.078231292517	76.24716553287982	57.9737609329446	0.0	6.377551020408164	0.0	0.0	0.0	30.32879818594104	0.0	0.0	0.0	13.888888888888888	0.0	28.373015873015873	0.8503401360544217	0.0	0.0	7.227891156462586	0.0	60.86473050758765	26.927437641723355	0.0	0.0	0.0	0.0	20.833333333333332	0.0	16.362605648319935	0.0	22.108843537414966	5.668934240362812	3.1179138321995463	13.321995464852607	0.0	29.053287981859405	0.0
Hbs1l	11	10	+	21349312	21349386	21.666666666666668	0.0	55.27777777777777	37.77777777777777	0.0	5.833333333333334	0.0	0.0	0.0	0.0	0.0	38.28947368421053	27.5	85.32520325203251	93.30423280423283	1.9444444444444446	0.0	3.055555555555556	0.0	0.0	0.0	11.111111111111109	0.0	0.0	0.0	9.722222222222223	0.0	3.6111111111111116	28.61111111111111	0.0	0.0	11.388888888888888	0.0	46.38888888888889	15.277777777777777	0.0	0.0	14.722222222222223	0.0	0.0	0.0	1.1111111111111112	0.0	11.11111111111111	58.61111111111111	30.555555555555557	1.1111111111111112	0.0	27.52136752136752	0.0
Hbs1l	12	10	+	21351927	21352044	28.072033898305087	0.0	74.03233561726171	41.843220338983045	0.0	13.59463276836158	0.0	6.1793785310734455	0.0	0.0	0.0	53.274254406056365	27.18926553672316	139.12193973634652	71.70601291364005	30.720338983050848	0.0	49.97040815437297	0.0	0.0	0.0	29.48446327683616	0.0	0.0	0.0	17.831920903954803	0.0	45.7274011299435	0.0	0.0	0.0	22.422316384180792	0.0	29.484463276836156	5.296610169491525	0.0	0.0	0.0	0.0	0.0	0.0	13.94774011299435	0.0	5.540780141843972	79.80225988700565	14.830508474576272	19.774011299435028	0.0	48.93020115477743	0.0
Hbs1l	13a	10	+	21352542	21352553	62.5	0.0	101.13770685579198	41.666666666666664	0.0	0.0	0.0	20.833333333333332	0.0	0.0	0.0	64.18918918918918	24.305555555555557	149.30555555555554	109.375	95.48611111111111	0.0	41.666666666666664	0.0	0.0	0.0	41.666666666666664	0.0	0.0	0.0	62.5	0.0	32.986111111111114	0.0	0.0	0.0	41.666666666666664	0.0	41.666666666666664	20.833333333333332	0.0	0.0	0.0	0.0	0.0	0.0	20.833333333333332	0.0	42.109929078014176	43.402777777777786	0.0	41.666666666666664	0.0	41.666666666666664	0.0
Hbs1l	13b	10	+	21352553	21352604	63.30128205128205	0.0	72.7035597381342	68.10897435897435	0.0	7.612179487179487	4.006410256410257	1.201923076923077	14.823717948717949	0.0	0.0	62.09935897435897	33.25320512820513	89.22847985347984	37.6602564102564	87.74038461538461	0.0	26.041666666666668	0.0	0.0	0.0	31.25	0.0	0.0	0.0	55.68910256410256	0.0	48.4775641025641	0.0	0.0	0.0	39.66346153846153	0.0	78.52564102564104	21.634615384615383	0.0	0.0	0.0	0.0	0.0	0.0	7.211538461538462	0.0	26.203627932351335	26.041666666666664	40.464743589743584	5.208333333333333	0.0	25.240384615384617	0.0
Hbs1l	13c	10	+	21352604	21352610	45.83333333333333	0.0	50.595238095238095	125.00000000000003	0.0	20.833333333333336	20.833333333333336	0.0	45.83333333333333	0.0	0.0	104.16666666666667	59.523809523809526	80.35714285714286	38.6904761904762	62.5	0.0	20.833333333333336	0.0	0.0	0.0	45.83333333333333	0.0	0.0	0.0	62.5	0.0	62.5	0.0	0.0	0.0	41.66666666666667	0.0	129.16666666666669	59.523809523809526	0.0	0.0	0.0	0.0	0.0	0.0	20.833333333333336	0.0	20.833333333333336	24.999999999999996	50.595238095238095	0.0	0.0	20.833333333333336	0.0
Hbs1l	14a	10	+	21354639	21354650	35.416666666666664	0.0	39.93055555555555	121.52777777777779	0.0	20.833333333333332	20.833333333333332	0.0	45.833333333333336	0.0	0.0	97.22222222222221	81.59722222222223	105.90277777777777	41.666666666666664	62.5	0.0	10.416666666666666	0.0	0.0	0.0	64.93055555555556	0.0	0.0	0.0	62.5	0.0	62.5	0.0	0.0	0.0	38.19444444444445	0.0	108.33333333333334	62.5	0.0	0.0	0.0	0.0	0.0	0.0	20.833333333333332	0.0	20.833333333333332	35.416666666666664	34.722222222222214	0.0	0.0	13.888888888888888	0.0
Hbs1l	14b	10	+	21354650	21354743	45.833333333333336	0.0	54.96453900709219	72.03014184397163	0.0	24.601063829787236	4.875886524822695	10.859929078014185	5.274822695035461	0.0	0.0	68.48404255319147	99.9603893164328	85.32801418439718	64.71631205673758	44.592198581560275	0.0	12.411347517730496	0.0	0.0	0.0	34.08687943262411	0.0	0.0	0.0	23.492907801418436	0.0	34.57446808510638	0.0	0.0	0.0	13.741134751773048	0.0	36.74645390070922	11.081560283687942	0.0	0.0	0.0	0.0	0.0	0.0	9.53014184397163	0.0	6.302035152636447	12.145390070921986	13.741134751773048	0.0	0.0	41.36794634597595	0.0
Hbs1l	15	10	+	21358313	21358403	44.87179487179487	0.0	57.005494505494504	57.25433986303552	0.0	11.217948717948717	0.0	0.0	16.254578754578752	0.0	0.0	47.39010989010989	51.73992673992674	102.5594303655528	71.88644688644689	23.80952380952381	0.0	11.675824175824175	0.0	0.0	0.0	16.94139194139194	0.0	0.0	0.0	21.52014652014652	0.0	48.76373626373626	0.0	0.0	0.0	7.097069597069598	0.0	26.327838827838825	8.012820512820513	0.0	0.0	0.0	0.0	11.217948717948717	0.0	6.410256410256411	0.0	61.046743111960495	11.217948717948717	0.0	5.952380952380952	0.0	40.61156235069278	0.0
Hbs1l	16	10	+	21358732	21358840	0.573394495412844	0.0	49.50305810397553	73.39449541284404	0.0	8.409785932721713	0.0	0.0	5.160550458715597	0.0	0.0	47.591743119266056	88.87614678899082	104.60353866317168	51.98776758409785	73.49509093835505	0.0	48.35626911314984	0.0	0.0	0.0	4.587155963302752	0.0	0.0	0.0	17.201834862385322	0.0	21.21559633027523	0.0	0.0	0.0	21.980122324159023	0.0	24.783384301732927	10.894495412844037	0.0	0.0	9.365443425076453	0.0	3.058103975535168	0.0	9.365443425076453	0.0	18.15749235474006	14.525993883792047	5.73394495412844	25.83005679335955	0.0	43.19571865443425	0.0
Hbs1l	17a	10	+	21364675	21364775	45.17326732673267	0.0	32.59075907590759	0.0	0.0	11.138613861386139	0.0	0.0	20.214521452145213	0.0	0.0	59.199669966996694	68.27557755775578	121.34832988793384	62.0874587458746	116.95544554455446	0.0	52.5990099009901	0.0	0.0	0.0	27.846534653465348	0.0	0.0	0.0	53.01155115511551	0.0	46.617161716171616	0.0	0.0	0.0	130.15676567656766	0.0	72.1947194719472	21.45214521452145	0.0	0.0	18.770627062706268	26.196369636963695	43.21369636963697	0.0	8.663366336633665	0.0	70.13201320132013	24.958745874587457	3.9191419141914188	17.32673267326733	0.0	19.801980198019802	0.0
Hbs1l	17b	10	+	21364775	21365166	0.0	0.0	0.0	0.0	0.0	0.0	0.0	0.0	0.0	0.0	0.0	0.0	0.0	0.0	0.0	0.0	0.0	0.0	0.0	0.0	0.0	0.0	0.0	0.0	0.0	0.0	0.0	0.0	0.0	0.0	0.0	0.0	0.0	0.0	0.0	0.0	7.868217851656791	0.0	0.0	8.928571428571429	0.0	0.0	0.0	0.8503401360544217	0.0	0.0	0.0	0.0	0.0	0.0
Hbs1l	18a	10	+	21367401	21367642	0.3443526170798898	0.0	0.1721763085399449	0.0	0.0	0.0	0.0	0.0	0.0	0.0	0.0	0.0	0.0	0.9252111524838795	0.8608815426997244	0.6887052341597796	0.0	0.1721763085399449	0.0	0.0	0.0	0.1721763085399449	30.320247933884293	0.0	0.0	0.6887052341597796	0.0	0.1721763085399449	0.0	0.0	0.0	0.1721763085399449	0.0	0.1721763085399449	37.017906336088146	0.0	0.0	29.277798647633357	0.0	0.0	0.0	0.1721763085399449	0.0	0.0	0.3443526170798898	0.0	0.0	0.0	0.0	0.0
Hbs1l	18b	10	+	21367642	21367786	29.74137931034483	0.0	44.166666666666664	32.614942528735625	0.0	0.0	0.0	3.160919540229885	7.040229885057471	7.040229885057471	0.0	25.0	68.61365235749471	93.97656940760389	52.72988505747126	36.116584564860425	0.0	20.114942528735632	0.0	0.0	0.0	20.97701149425287	20.25862068965517	0.0	0.0	36.637931034482754	0.0	15.804597701149424	0.0	0.0	0.0	28.017241379310345	101.72903755495524	19.109195402298848	62.78735632183907	0.0	0.0	18.342911877394638	0.0	0.0	0.0	5.172413793103448	0.0	0.0	6.896551724137931	0.0	14.086706646676662	0.0	32.614942528735625	0.0
Hbs1l	19a	10	+	21368289	21368543	29.003267973856207	0.0	28.785064750537895	62.71786492374727	0.0	0.0	9.558823529411766	11.601307189542482	0.0	19.556489262371613	0.0	25.81699346405228	73.51864378362284	123.01364023870416	76.85574229691878	59.55882352941176	0.0	35.947712418300654	0.0	0.0	0.0	52.53546579922291	21.56862745098039	0.0	47.433661636697686	12.009803921568627	0.0	40.441176470588246	0.0	0.0	0.0	16.33986928104575	200.59625299395117	26.1437908496732	75.73529411764704	0.0	0.0	52.27201991907874	0.0	4.003267973856209	0.0	5.70079883805374	83.71423300502997	29.57516339869281	16.07142857142857	31.909879336349924	50.57635175282235	0.0	60.55407011289364	0.0
Hbs1l	19b	10	+	21368543	21368883	14.968230694037144	0.0	8.980938416422289	37.603861192570875	0.0	8.980938416422289	1.893939393939394	17.021936324745894	5.987292277614858	6.6797002280873246	0.0	23.953242098403386	47.78808931575658	81.40884652981426	42.31808025796295	24.499022482893448	0.0	25.843108504398828	0.0	0.0	0.0	27.540186814380363	34.94753644890914	0.0	178.01421859619015	23.949169110459433	3.0303030303030307	35.862658846529825	0.0	0.0	0.0	12.28005865102639	128.14587236045864	23.949169110459433	40.3924032956291	15.027139067591023	0.0	33.711094408437866	0.0	5.987292277614858	0.0	29.97403798652498	45.7403115441617	19.950414656450036	9.053141384519682	33.27317843446877	55.17417577534878	0.0	84.96256568433479	0.0
Hbs1l	19c	10	+	21368883	21368898	0.0	0.0	0.0	0.0	0.0	0.0	0.0	0.0	0.0	0.0	0.0	0.0	4.166666666666667	0.0	0.0	0.0	0.0	0.0	0.0	0.0	0.0	0.0	0.0	0.0	0.0	0.0	0.0	0.0	0.0	0.0	0.0	0.0	0.0	0.0	0.0	0.0	0.0	0.0	0.0	0.0	0.0	0.0	0.0	0.0	0.0	0.0	0.0	0.0	0.0	0.0
