Cell	O41	O89	O127	O132	O147	O149	O164	O31	O32	O44	O56	O76	O87	O134	O141	O165	O24	O61	O66	O71	O78	O104	O125	O151	O159	O427	O433	O36	O39	O46	O47	O48	O49	O52	O55	O60	O62	O73	O80	O90	O100	O103	O109	O111	O113	O117	O128	O129	O130	O131	O135	O137	O145	O160	O171	O430	O435	O454	O54	O58	O65	O102	O106	O162	O434	O439	O440	 
CellType	vAAC	vAAC	vAAC	vAAC	vAAC	vAAC	vAAC	vBIC	vBIC	vBIC	vBIC	vBIC	vBIC	vBIC	vBIC	vBIC	hBIC	hBIC	hBIC	hBIC	hBIC	hBIC	hBIC	hBIC	hBIC	hBIC	hBIC	vBC	vBC	vBC	vBC	vBC	vBC	vBC	vBC	vBC	vBC	vBC	vBC	vBC	vBC	vBC	vBC	vBC	vBC	vBC	vBC	vBC	vBC	vBC	vBC	vBC	vBC	vBC	vBC	vBC	vBC	vBC	hBC	hBC	hBC	hBC	hBC	hBC	hBC	hBC	hBC	 
Gene																																																																				
Nptn	9.778309769178543	10.5232654733257	9.589566593307351	8.588409520159724	10.85305671615019	8.801899609614832	9.449111559999654	9.660984333056764	9.671758397523968	9.828382827542937	10.590733450772051	10.7323145374347	10.896193123373981	8.363179252718487	8.431519976826792	6.709553327344972	9.089369232917292	9.66713447940584	10.684451934654073	9.096997078300303	9.841646112808405	9.15617989924541	10.164840260811523	8.719039218541242	8.615494140484566	8.107051272544176	0.6452165290245164	9.732331203049805	10.322143410408971	10.174378641378999	9.22213318551886	9.767963870088046	8.605800745851251	9.812989918924043	0.0	10.813716899125698	8.898628638892587	10.11688442482494	9.612857589517185	8.142328658668253	9.945203341310958	10.360389359087081	9.356389064705475	9.57770961072547	10.563239662087945	0.0	9.82956332750221	9.433747089046522	9.462924132241234	0.0	9.102068633174655	6.425827971380278	10.004524543709085	10.44815021918776	8.809284523800619	9.11252439782951	0.9173882160872813	8.168512056590407	9.82059099249408	10.135521606844078	8.709502288542117	9.518961367377752	8.793700902062799	11.150102990762033	7.835001510267588	6.5189171633934055	9.430465799308735	
Nrxn1	0.0	6.185783627598194	6.753464505164972	6.521695846801005	0.7187643955757406	5.799334030393868	5.450839227808254	0.0	5.8264581577715076	6.118217237414263	5.785647582533519	3.3097016740689313	8.939834308432431	7.605579743919862	1.8769184101661145	3.0777061595973527	3.2120721692730263	6.499997672934471	0.22909049171965926	4.995825795733812	7.464886642851046	7.62577728301727	2.3020570167701644	6.086654918008267	1.831889803930871	6.898659765115699	8.767069786365893	7.326338877635146	7.8132847549325	6.688279064819025	3.5938867644666326	6.3536183376519855	3.946500964929594	4.398556210619994	0.9846839836787786	0.2385447599374287	5.2978238329309155	5.8267442229428905	8.2697529702616	7.881976495003386	6.711572465943113	6.3937662971984395	2.899807299775699	6.703927791143763	3.8545695181265924	3.198617830363602	6.183808885448434	5.860909892277941	5.715532596784847	1.8179424568444082	7.612014223491647	6.453395758197165	5.056663593985376	5.929014045416561	3.7495025173026315	7.994513668947322	7.737426996911353	1.1497883434185074	9.164062940270194	8.167110967121152	6.894131314842827	6.159893007307576	6.370204219199713	5.839431073411162	5.78545977626911	0.3377362070755784	6.9586131652616805	
App	9.3287615328137	9.426631041637119	9.69556197489297	9.389408991152997	8.448165058546058	8.68410662731005	7.894078617107879	8.628244221739692	9.817866851606531	9.303861922599635	9.184242639262582	10.035055272523222	7.182224299051387	8.661243333204226	8.36612977693338	8.004024724134826	7.804014826299631	9.079376102929283	8.707760532015909	5.802368501496926	9.918723956080955	9.194455487476093	9.156676903389101	8.149779681373879	7.508435387417196	9.481938448308089	9.327333375822084	9.653969820377181	4.384753094278473	9.192356826987503	9.244110396766262	9.66574012414716	0.024878916568173703	8.390485325387402	0.017496089825823475	1.2410762374912494	5.51156607949566	6.2847281933780685	7.927347506688058	6.487625899405583	9.14045732848294	8.246037436897414	9.327448339634316	9.260695129762256	9.420266551953254	7.737295685601698	8.864140237740612	9.282722169543309	9.310675606872007	6.546561158835438	9.801350752534452	8.560576554563536	8.559615072683416	8.766696539692184	7.738471729730392	8.332878863187355	7.540380287597934	7.053485476104396	1.8503447845682612	7.049455429547825	8.503684992056229	8.371207280482851	8.150568155226981	7.513855194810999	7.993794942424693	10.204959861511679	8.756349021546887	
Ptprs	7.793182224717499	6.551879721648246	7.006879555400979	7.157148835438323	4.187767747326253	6.435068058450412	4.936948792748385	8.023509869919987	7.164605386982158	6.936057142656268	0.09373773165470205	5.744615230780302	6.893349043441676	6.337739025344937	4.765729072783264	6.844365816311576	3.9096514826070337	7.112937991036534	6.721565179151431	0.9154537455112809	6.135187061668788	6.241878919253991	7.711106393559575	5.149926368307508	0.3068521108047902	3.4113335523041997	7.2168736050037126	7.494647453470749	3.306337785304799	6.829814164176143	6.070372560757849	6.112582314793073	8.437110361999625	8.13850410273457	4.734953001991232	4.365354840137743	7.494640013950728	5.322211603852674	7.314122206043285	7.470986539078933	6.047716359031712	6.0510544650136975	8.10954569060279	6.5305602631800985	2.8040042115182975	1.7967237870994492	7.64582730960733	5.915464324772504	5.682512793722895	0.08201093669526999	7.190368925321118	1.7135022695997928	5.952317023744497	6.414676879338212	7.7369709140943606	6.767286397900486	4.4675340361552776	5.190845695781313	0.7635089520364795	3.123192127042801	6.490790272249989	6.440016068853475	6.295830818627523	1.5158052347379933	6.433052745290014	7.827433153693175	4.081247240194214	
Nrcam	6.429335096691979	7.204775654027121	7.424383705687307	7.5544706686262995	6.008134114143277	7.125382175673203	7.059481687452357	0.24439852979448906	8.089284228575826	6.917208781624395	8.18264903984952	0.0	9.083852132723074	6.113280037965873	8.148020287909588	7.752243185038936	4.549168267781541	2.7414126213917505	7.6505886459904975	5.79547085743031	7.775156572115552	6.877283020477022	0.03541473897478099	6.779244641871265	2.860738383240945	7.2872848168041084	8.84903570496342	5.179058146515578	0.0	7.7597555989467155	6.549134698602019	7.1245130511764145	9.30926336040585	7.648623279496394	0.0	0.0	7.616180067255926	6.452966177829637	5.863430792067985	6.9659318821267435	6.575138745997917	7.756231755353871	7.191529488546571	7.340545534806232	8.091695820181315	7.996939776018898	7.269514214015748	6.767633930911466	8.046616692472702	0.0	2.834292542958917	5.174678056842132	8.201976901496288	7.049858196420619	3.6251301880593596	0.4423426789761803	4.0099240811605865	8.730021597347479	5.7065043892943015	7.24661000671462	0.5439204632574249	6.097381775892557	5.16441554250551	5.827833883283741	6.860432748646311	9.002985147972689	5.595239366979481	
Ppfia2	0.0	4.819806111627135	5.340029954509272	0.0	6.441909137311926	6.010389354330262	6.132955973244741	1.4904106550559222	2.77552047369577	0.0	3.9715251609087012	0.0	6.564548891604241	0.3130879304479978	6.12687287894863	6.5059050581663485	0.7372636241762138	0.0	0.8807466401720409	0.0	0.1800676384623878	1.7260595393231188	5.082621273667322	3.136639615427545	0.0	0.0	0.0	6.081129531621055	0.0	5.574797219605124	5.097395556088839	0.0	0.0	7.38827358857342	0.0	0.0	4.282282404767169	5.960266969620078	5.629907362142063	6.203783137385452	4.813809403644205	5.411413364463237	5.193511561814852	4.301361348137609	0.08804048252555614	0.33705680787504627	0.0	0.0	4.63817754526528	0.0	0.0	3.316209039873923	6.740108865697973	5.726732600443632	7.494906772762634	0.5546173369495697	2.219617719314676	4.050825984415071	0.14907046285348363	6.005511823714502	0.0	0.0	4.041094008215871	0.0	3.880573915309347	0.0	5.064365109093497	
Chl1	0.0	0.0	5.1098105164655685	0.0	5.5483772201964605	4.904630527629466	4.936817881904527	7.3323697296852615	6.4854413184538995	5.821893346098446	0.911443091001948	0.0	8.298103911397522	4.520989597004641	7.475705743923986	0.0	4.711203034237696	0.0	1.7573091961782943	4.900692949734779	6.894402643864454	7.272642100897634	7.50129192224273	5.366083277167044	4.099194195314719	0.0	8.721864776268644	7.164947009917657	5.050553936514494	4.668814428727504	6.729425720144808	3.520686246992322	0.0	7.353103764599803	0.06125127210628628	0.0	7.322859666851217	6.026282189352945	7.052520231870955	5.169915704044312	6.546026730374048	6.868686567800895	6.390551101515969	3.6956820860614377	5.097033308102127	0.0	2.6821395247556086	5.19280110599036	6.721400003702916	0.0	0.0	0.0	7.46958262686685	5.575599751779794	6.937136377633058	5.836129401216002	6.571772405067421	0.6269848044407598	0.0	3.6633560060223402	5.430218690663744	5.3779453583743555	6.528607729583788	2.345881734218775	5.773095519603607	7.748277395751691	3.582484829908803	
Cntn1	7.4594037838631655	7.844577706403446	6.7889076566613165	6.088107681940089	4.058211805475839	3.508903979000675	6.223509097456528	7.027906869925239	7.099463536995441	7.252941116577647	0.0	0.0	4.355659707644544	6.236731580831983	4.992236567312644	5.091606330929698	4.717100600883141	0.8228619661169903	6.961793273685271	6.252130539023734	7.48426756908019	7.560083615534103	7.920254057943385	6.348154077524886	5.592244809441045	7.428266939346124	6.193979460761253	6.8307419940577185	5.730585344392929	7.324514246658003	6.936467127071044	6.994934634310662	0.0	1.2058303851844405	7.3251730721768435	7.167424052087694	5.950171641209238	5.696986354150806	6.806562882680341	0.4502647892982164	6.027450835268993	6.002450076179349	7.154001714124436	6.705194961020396	7.513853901944468	0.18732055627984245	5.49287976769077	6.064532967121742	6.773151137346149	0.04665784579652525	0.0	6.123124918763914	6.7717073033068464	7.4450451649141955	6.131248874098037	4.525135642281855	4.493651195587184	5.041003388823551	7.815742986419066	0.23497538337979398	4.946022343508416	7.234113082628607	0.0346166274096821	7.02164957941728	5.054517938706303	7.86429140182604	5.5685316700290795	
Ptprn	0.0	6.088228539358395	6.044885863398057	4.1879577294935775	5.497590012932391	3.109281986387539	3.73579292798531	6.972175672239739	6.94403849975484	4.739599713159641	4.41801179312457	0.0	6.076137905568651	4.924560752136562	6.419404053900631	5.971467681140793	4.004789003697109	3.908130780140738	6.757599755810335	2.9030440563113653	6.117082016366694	6.189174211402414	3.984662257934783	4.0707662685985815	0.0	0.0	0.11735766522286913	4.95712061940698	2.4836016944520996	5.042622451698788	5.381729818919249	5.4330061605244895	0.0	6.7768610068722355	0.0	8.027894941393114	0.11131207626862182	4.9077078912531205	5.678801521398273	6.687368544310322	3.2004007709787627	5.749435045453379	5.9047297445901465	1.3386411949826018	0.0	0.0	6.311430455749743	4.090647679339441	5.443338110173748	0.0	6.2265085298086795	5.109632188459822	5.77288592967909	5.771272883919667	4.528496306779912	6.929364942183418	3.98948419536095	1.482879252933711	1.7426443921645456	4.112374864254746	4.600787118138544	3.1762812786023122	4.237961352987416	6.328718005603586	2.175416015639148	3.370857556333329	6.100872552475028	
Bsg	10.175036338956893	10.857498087193157	10.222026876855933	10.538913212094808	9.44418457093501	9.685437010854768	8.051508054965272	8.956736058595746	10.382699470528538	10.56180944578507	9.913780807908655	0.0	8.01536080045747	9.363252130048433	9.71370693981284	7.127200850032873	10.107236196732849	7.8562387598970815	10.245272666706889	10.666207942188683	10.677859364029173	10.277380226025304	10.550222573475601	9.474023198910038	8.460278424689085	10.225448119143973	8.819010129507562	10.248594605646813	9.194571222283317	9.678213596449114	10.28489721034045	10.16901365800068	8.700449595019485	8.892626898806265	9.788206076047446	8.349241564941483	8.7480213499275	8.139940111444636	10.194441561562343	8.980640511509629	9.61332256522192	9.431510660536857	10.127568798565186	9.816565788979915	10.627551575161482	7.8152219483316765	9.725309261368054	10.404327160775816	9.937961928493692	9.17976580835815	8.207076640327926	8.37846127977467	9.016358391915754	9.766522067789857	9.026822075764153	8.964631973991244	7.5962069192670425	9.267751395016985	10.019452464847843	8.625453043340908	9.817638231150207	9.1572167887989	9.80671778966656	8.254166940990727	9.399803057517422	9.14772537171148	9.653355041295889	
																																																																				
Clstn3	6.922983547189267	6.754834068024278	8.115772748890981	7.862933614240479	6.090228889424837	5.695420406004832	4.955256999308173	7.888567326774875	8.846846170960886	7.171749357626061	7.490028657933153	9.132756761382055	3.0337630410249252	7.170255615485408	7.7775262895247534	0.0	5.537423472937436	7.8227046584076705	6.7253131518335865	0.1850355673568832	7.9946778706384105	7.893871760558624	8.400165715923244	7.125281276553085	0.0	7.9820906098638975	9.833876783806177	8.566246828729163	0.12253264969110148	6.191976797390964	8.331805407638718	8.130416118003156	0.0	7.094295089900791	9.084203875568763	0.0	7.095855869263467	0.0	7.366075973279011	5.619047589184614	6.4875257733845855	6.104935748729565	7.091541171265793	6.544634483793415	7.637391220138823	0.0	7.9581693396998565	6.931638173041126	6.78521272381935	0.0	5.868938582925604	0.0	5.707560681136607	6.13533785653182	0.12474314793239911	6.539797798995191	7.803728133493781	7.7202100506776645	0.046215835760701214	4.376492518760242	5.00350509434219	6.094213263596357	6.411968510395719	5.606759337446668	4.64488984105743	7.318045632566276	5.152512004546218	
Cntnap4	8.234577959784566	6.290770880383337	8.016222178228073	6.5547285100759	7.47312855615667	6.683587406017356	4.5446801146680595	0.6770255718663432	6.3333199647250575	7.026670609272606	7.670559948223179	0.0	4.791014221429819	7.268612174274384	6.932028090299562	6.177377736602988	6.3375416261556445	0.0	7.942743207156423	5.382971528334549	8.22579114631103	6.405945743540501	5.898808141243611	5.679817861729766	0.0	0.07150389441382142	0.0	7.205363186442684	1.9670742573574982	6.9084139983233595	6.837397840440937	6.735467479488209	0.0	6.785670335440967	8.884269351783324	2.875017237895477	6.084946539830569	6.783080739851516	7.431762509307607	6.953417743099346	6.521245826850076	6.894951624649157	6.087785714214321	7.520855149239598	0.0	0.0	7.702403359575576	5.683060854866055	6.757596955836132	5.140009667803831	6.3425867449631514	7.028237501961021	5.168537744447674	5.9577822991028615	1.0615276525201558	5.58104809267772	4.535304183570028	7.246210805354466	0.0991320173775982	6.991980941187467	6.583429273650867	5.373605758034002	7.180993191279332	6.875732890169804	7.159146780710725	6.041236191104037	4.415689044532818	
Fstl5	0.0	5.211592426575752	0.0	0.0	0.07631335772317437	0.0	0.0	5.8975432145191435	4.060324479054736	2.29407370755524	0.0	0.0	0.0	0.0	0.0	0.0	0.1362096331790939	0.0	0.0	0.0	0.0	0.1450213280688125	0.0	0.0	0.0	0.0	0.0	0.0	0.0	0.06956813204143075	0.0	5.169673004731496	0.0	6.271110238802537	0.0	0.0	2.6125671765631653	0.0	2.7777374153746677	0.0	0.0	0.0	0.0	0.23011322648215876	4.544553389627564	0.0	0.0	0.029756199747854123	0.0	0.0	0.0	0.0	6.56098085045422	0.0	0.0	0.0	0.4688950201463286	0.0	0.05201822870110061	0.38534378256781876	0.0	0.265428494306426	0.0	0.0	0.0	0.0	0.0	
Igsf8	0.0	8.009342916911791	5.079840586947052	0.0	7.413483229186029	6.105916552031794	0.0	7.603995464508235	7.582601161793118	7.358747011121589	7.741563387568549	0.0	0.0	6.858045914943727	7.834672981553882	0.0	7.613812775731875	1.2276548318840206	7.599610290700655	4.01916814307028	6.768220325525095	8.031638076990635	8.755657268454812	7.649997636407567	4.840930460472162	7.499120371821149	0.19998071493178304	7.2255497863017615	0.0	6.6536307320721955	3.4357199262907274	8.23122154558576	0.0	5.82976154464603	0.0	8.841243286809963	7.016173027812479	0.0	3.2561456473929167	7.34274228790901	6.416795839008096	5.8683267379671795	5.343208816153504	5.370335189316373	0.22341884279088292	0.0	7.4764049383612745	5.8021232781483025	3.2859673486805776	6.509017400439671	0.0	0.0	6.853560328593939	6.459490964644485	0.0	5.969769845933124	7.818185901167843	7.466358261722469	8.806872440233882	0.0	6.509301548521461	7.818297764379113	4.774006027413619	0.0	0.0	7.683907650523954	4.72334885853507	
Lrrc4	0.0	6.429845237421924	4.207658628888828	1.136978811963504	0.0	2.6998514225406303	3.7584812108344727	0.0	2.8626715727347	4.472335045660849	5.039786758920516	0.0	0.3541203646328312	5.207479032356146	0.0	6.6520375547486035	5.988202950684708	0.0	5.926450664749481	0.0	2.920682032231424	4.886545270050917	4.572895730151716	0.45922280620786093	0.0	6.163722123398465	0.0	4.842048571715612	0.0	3.427232042568304	3.2453693986608814	0.0	0.16569459401935102	0.08090320756178043	0.04048133546795143	0.0	0.0	0.24786555215759856	3.8049208983060736	2.927393982287078	4.090260652273184	5.332675714284884	0.0	3.7199938387437284	0.0	0.0	4.06522762277562	0.15532180009863453	1.0921059315918307	0.0	3.617886162608184	0.9676703272528255	0.32779771750436054	0.0	5.200280700175446	3.3927158263939914	0.0	0.0	0.047393623420400786	4.351253756396212	3.0149211898077355	4.787636191102976	4.754202861091369	2.310095772534845	6.863949597578166	0.0	2.6739362686003676	
Negr1	0.0	5.077178896721609	4.659239572218319	0.0	2.2857158784539986	1.565609311987814	0.0	0.0	5.419980396498025	6.610817270440613	6.24000896473507	2.051793188875221	4.146197872649764	5.680572412669086	5.4399521940579705	6.738632746670322	0.0	4.440919650674933	1.825871087827369	2.8268758847141218	5.820487793768625	5.436551650190454	5.7483404666459235	4.198305553724979	1.9407906493051925	7.345786564603953	0.0	0.0	6.916846824973434	2.1860782730155437	3.602623156333542	4.619172345705977	0.051801122230379755	4.716310527974885	0.6540923329201263	0.06249435999505475	0.17209075182377861	0.0	1.110043128680063	1.0917269108570928	1.5619517186000254	0.0	1.6946029904739044	0.0	0.0	0.0	3.767750127359165	2.74484718152623	0.0	0.0	0.0	0.0	1.5284052868723468	0.3470628296398926	0.4176986192069543	1.2862229158560166	5.291164914713388	6.1124698877686106	0.2240233520963745	0.0	0.07244130385620967	0.0	2.5101796146376865	0.0	3.073791104950476	1.2354329773744424	2.561502108852167	
Nlgn2	0.0	0.6675442927750006	0.35974379831419107	0.6198111347957491	0.6100820368135789	0.31934740351695035	0.13215499421836527	0.0	3.9775171471798947	0.3102156246202097	1.1665354985056307	0.0	6.726695004499616	2.283515864655503	3.504099148502056	3.2576111131182373	3.8169529136771128	0.0	4.438908926480201	0.6753887037552988	2.170675007878797	2.912981282660198	1.8458472932734509	1.56323624375561	1.1160319934471103	0.0	0.0	0.0	1.0506897492389298	3.158139871228733	1.3431576387076773	2.2220935464077205	0.0	2.8679721540893857	0.0	5.566037289107694	2.416437136001541	3.471564671269459	5.3076438204324	4.4385408433825555	0.9192805807718101	2.697627052113592	2.719678494606807	1.4272467950592485	0.0	0.0	2.9400746406278087	1.591652132796742	1.9820389132835574	1.2344277430783204	3.393955668640731	0.3547917773937836	2.344551575212292	0.0	0.6097587438058643	5.048407094429011	0.44341569390655566	0.25682589312399345	0.0	3.5548221196758556	3.3926224174891004	2.2736620913052703	3.5533850805542766	0.0	3.96153998662835	4.882872884161663	1.055438628614112	
Nrxn3	0.0	7.1079642059783055	6.4772690350165565	3.6887324839030993	7.040892003360184	6.329953445545527	5.580833766808704	5.686099878564677	6.541176551995713	5.4996656425630315	6.855717671839692	0.0	7.683073350574532	7.087009636534018	6.911914899531491	5.721055428573086	6.909062860376194	3.365250199667632	7.660319347985101	6.820842699471463	5.799358767629342	5.9977916409834435	7.1030155068154	6.297128489913894	1.5991892309862579	6.411340058644923	7.2837643855423	6.477484966195019	7.683392548341343	6.450694047966234	5.710280990439191	5.319872072962997	0.0	8.863460574544767	9.595006391494861	3.7044748367584925	6.837485618082758	6.289296673397299	6.598198661034415	5.076250377353447	5.902201148442656	7.149333799293478	6.659663003416726	5.41842087538325	3.93538308491431	0.0	2.6708953874214827	6.340678691100357	7.028148437405939	0.36121475231562283	6.969838626379298	5.247775339057093	7.419942233558559	6.1988230658966375	5.469835162045682	6.391830671548309	7.004807651523478	8.674381017522714	0.9334890954906144	6.891745955747717	4.764082303595199	5.532306362417536	5.432308043744401	3.718052502803519	5.976339346189928	3.3281471140336314	3.9751645274414424	
Ntrk2	7.035289148051495	5.217563816215073	7.577625595198966	5.446958810100222	5.853911861675677	5.862991197494229	2.1294412925184942	0.0	6.185923617832404	7.255874765663151	6.578566763721579	0.9366503755690742	7.501317084173291	7.338829692403145	6.8883683795056365	1.6608898366756493	2.9169084329007346	7.906274776052436	5.763772150048423	6.652045071702009	5.657795555243199	5.644751623477081	5.280315110859023	5.483322791044637	6.974460950338245	3.690064491750747	7.249867285691	6.175152282641997	6.080307972058424	5.94795667678689	6.333266896520847	7.033450313368251	0.0	7.658543312298527	6.452519522541461	3.081302298257525	6.7350443137421	7.618908522056107	4.264078929559913	6.1165839849289805	7.025012743533727	5.935174386566105	6.148389534832964	6.277983594630586	5.665824787148901	6.557585208356254	8.103938815357559	5.257823678202165	6.9514921799977545	6.251856465848705	2.777173502609871	6.275212706307227	5.503992651732931	6.653403304421007	6.1291473766250295	6.261591947962481	5.723191834426767	6.7868810831136805	0.4668609599328074	7.399562904958813	5.869170882684189	7.613134459308351	6.156145364977736	6.454430580092899	6.803258943825199	7.248652534168018	5.572391610199877	
Vstm2a	9.608151306512493	10.475333189679558	9.23961881514099	0.19098553306667795	8.249649651527072	8.773980176433211	9.372340981577562	7.801135175885596	9.59112136561945	10.32573808628037	10.111603100744318	8.821675142018513	8.364269635910668	9.470406859283237	8.254490115060982	8.263306435275961	9.22942257241587	10.300587765658875	9.925408308605057	9.518894863481556	9.408712285551212	9.671150221211741	9.836766940792641	9.397749706748714	0.055710156119528224	10.361949803223192	7.354483897264529	9.046755691534694	6.678451422056366	8.966723029382866	8.780696905229954	9.358560439004934	2.088051374713201	0.10239556720608019	8.583316363615255	0.0	7.15466623842289	6.452944107559351	9.756320586910183	7.23088603325377	9.248641565666139	8.89849074379304	8.760339391658299	8.890762825194155	9.331653718904152	0.0	9.159857716865812	8.71240387603834	9.480192605738313	3.5019358817662605	8.311301475736194	6.016022222549725	8.900449029936198	7.311557607855766	5.514565418323073	9.03561126410139	6.373267130842522	8.077072053373769	0.5238630088263497	5.151562553360758	8.864232582588466	8.215784256756173	8.00699193515421	5.654031616769117	8.317574240826122	7.650019967663272	7.659684493492716	
																																																																				
Cbln2	0.0	0.0	0.0	0.0	0.0	0.0	0.0	0.0	0.0	0.0	0.0	0.0	0.0	0.0	0.0	0.0	0.0	0.0	0.0	0.0	0.0	0.0	0.0	0.0	0.0	0.0	0.0	0.0	0.0	0.0	0.0	0.0	0.0	0.0	0.0	0.0	0.0	0.0	0.0	0.0	0.0	0.0	0.0	0.0	0.0	0.0	0.0	0.0	0.0	0.0	0.0	0.0	0.0	0.0	0.0	0.0	0.0	0.0	0.0	0.0	0.0	0.0	0.0	0.0	1.1835754395363458	0.0	0.0	
Ephb2	0.14329022540716374	0.17564467430778807	0.03555859991111488	0.0	0.23243236315727622	0.0	0.07336439301753164	0.0	0.16978906110517	0.12744601433987726	0.0557852474974333	0.19812824732229165	0.14861137317092052	0.0	0.07362831809919078	0.07409325719649018	0.09256928451086992	0.1626405888120426	0.0	0.0	0.3884761185935452	0.0	0.0	0.0	0.0	0.0	0.0	0.07073814312051484	0.016779396955614444	0.005396178878923492	0.07087536553924002	0.0	0.1114480307663549	1.1829909743807614	0.17324258857756955	0.2367142482978279	0.6981019909021464	0.6294815899463533	0.21786970410782874	0.18226896012611232	2.358356621058843	0.07532382745167265	0.33523855553700194	0.1401451703274763	0.0	0.33998336586194416	0.0	0.026309565869931276	0.22939854505218718	0.0	0.0	0.0	0.1091604739860591	0.17797900580277903	0.1637151203103165	0.0	0.09560513566268922	0.2953856706589876	0.3245151230415296	0.16932599836587484	0.0	0.7640700919961102	0.2872714504245976	0.16748895909352107	0.2476942335755253	0.0	0.5910349905069678	
Flrt1	0.0	0.0	1.0146552280924075	0.0	0.0	0.0	0.0	0.0	2.2172462289871695	3.092193904309023	0.0	0.0	0.0	0.12468373535499254	0.0	0.0	0.0	0.0	0.0	0.0	0.9538753448471273	0.12043475691232416	1.4694953019819947	3.77137853948453	0.0	2.1644065715900522	0.0	0.0	0.013933821625357837	0.35233706548207266	0.195060290703461	0.0	0.0	0.10964659590819592	0.0	1.2513979530881434	0.0	0.0	1.0163108899322595	0.0	0.0	2.620975768275523	0.0	0.0	0.0	0.0	0.0	0.032472157076019366	0.0	0.0	0.0	0.0	0.0	0.0	0.0	0.0	0.0	0.0	0.0	0.0	0.0	0.0	0.0	0.0	0.0	0.0	0.0	
Lrfn2	0.0	0.0	0.5029883980762908	0.0	0.0	0.0	0.0	0.0	0.0	0.0	0.8897118303721218	0.0	0.0	0.0	0.0	0.0	0.0	0.0	0.0	0.0	0.0	0.0	0.39980874716320175	1.2325686669337022	0.0	0.0	0.0	0.0	0.0	0.14056141731746002	0.0	0.0	0.0	0.0	0.0	0.0	0.0	0.0	0.0	0.0	0.0	0.0	0.0	0.0	2.7954698184098024	0.0	0.0	0.0	0.0	0.0	0.0	0.0	0.9920186145071824	0.0	0.0	0.0	0.0	0.0	0.0	0.07396182292087705	0.0	0.0	0.0	0.0	0.0	0.0	0.0	
Sdk2	0.12974777017677114	0.17275887539072232	0.0855527390427265	0.13280647117635208	0.24569644571114171	0.0	0.08701930559533898	0.0	0.0	0.0	0.0	0.44043241536334743	0.11959814435276536	1.6031266186637834	0.0	0.02969627697437911	0.0	0.11684273659790663	0.4365691059229921	0.4043778157884666	0.0	0.1422840306576135	0.055377819439024714	0.06794759675331162	0.03235803618756872	0.0	0.0	0.029606953503238068	0.006255333141436239	0.07532533368504594	0.0	0.0	0.0	0.2163542842975197	0.012418496686487625	0.29525047187625514	0.13164295062964249	0.08032174573564652	0.059388090940445	0.2658557209142126	0.0	0.0	0.1456226806492035	0.054524554729160214	0.0	0.0	0.0	0.10472392112589216	0.057356134344341114	0.03947336916316689	0.0	0.37663934439880886	0.0	0.16050719310467249	0.0	0.39898838646193485	0.1789147404920517	1.1675107964957139	0.15721578817022305	0.3684933588961965	0.07419439450341946	0.0	0.24086504364927724	0.12490470072040336	0.12062041327375876	0.0	0.03668196718415876	
																																																																				
Cd164	7.729342033492182	0.0	6.827703451987614	8.401882144950788	7.689152367235434	6.1988496760096545	3.5803022905798185	0.39547525259582134	6.8338514904021865	7.049216891852232	7.99279108597799	0.0	8.772614794823067	7.463303660830398	6.295963576086134	0.0	3.10490523801379	0.0	2.632973102299086	5.111377751369506	6.0672794610444125	0.0	7.380963161127569	7.313309349291627	0.0	1.16531383998382	0.0	7.239073383378907	0.0	7.182256076501562	7.384205261247214	7.604694063339143	0.0	1.7994728023786668	0.0	0.0	8.070394695050465	5.923332239916127	6.7116394442371075	0.0	5.530716887919286	6.130290490625466	6.167169228101772	6.369038916325369	8.191419534760378	0.0	7.276347773020286	5.228591688618165	8.065475376187042	5.315508266316415	0.0	5.571434115876509	7.310121954665586	5.7290034303010575	7.399196733906686	7.291124642879108	0.4686458715331734	0.1607188678503968	0.0	6.813678595921809	6.946625601312177	7.65302417864669	7.238003404092311	7.6301517266536	5.447552749101318	0.17840870321969224	6.7031006996041596	
Clstn2	5.748002267052284	4.477074999697275	6.470334143086755	6.908500706259614	7.0022749584987345	6.084285883492641	7.261634237275701	0.0	0.0	4.365758491262115	0.0	0.0	0.0	0.7503286574620607	4.917699073185017	6.424693710585398	0.0	0.0	0.17749560264064876	2.8256146915509905	5.446861637691268	4.0305744476990295	0.0	1.655823032033542	2.992340633643038	6.709520409074668	0.0	5.910821532633395	0.03371491180718232	5.450732882222064	6.09699296840494	4.117628557495389	0.09758396494577762	5.013931037193539	0.0	0.0	0.0	0.20583163605747595	4.553526391438639	6.329320428194553	5.444024283060246	6.11076052075253	0.0	5.2488362010202145	3.27829407554669	0.0	6.760384158746792	3.754310308700723	5.673089960104778	0.0	6.7370109211289675	5.722638153951404	6.853074961916044	5.205689655043287	7.704623011701606	1.7967929241131553	3.9756605493180377	0.0	0.04095399367095556	5.7301752843847	3.571907088916154	0.3950265945489588	0.0	4.1038836495581945	5.202625373217035	6.4978550296337065	1.3352602829494549	
Epha10	0.0	4.609122580929639	5.005516764059499	5.7299488726264824	2.496827642905384	4.5692668686432	4.211913206973773	0.0	6.252339961579979	0.24047797815590316	7.354042165637765	0.0	0.0	5.205322128275343	1.9478974556568083	1.7849000938604183	5.517195681265914	1.1676726398793709	6.260823585961156	0.49781365191977855	5.380915486826165	0.0	0.0	3.8830735537906444	0.0	0.5831088900157544	4.8104482453008774	3.4763739102145146	0.12869355149141762	4.440779489390962	4.1413600330550935	0.0	0.43942633255255203	6.2409799146549325	0.0	0.0	5.1730114694072435	2.664629150439351	0.0	4.40853117321735	0.15028670844822473	6.062551329915859	4.732914956800821	4.947979345636882	0.0	0.3297964099631108	0.7897108915823592	1.802395903941935	5.007092391678548	0.0	0.0	0.5629196632308084	4.892633883424437	0.23831240388769662	0.6919185941576524	0.0	6.124340543449764	5.156489654159408	0.19896805926356748	4.416101995738488	4.961312948789728	6.3770282837149335	5.02949705825956	4.542827585161156	5.15143672448432	0.1070017733265645	5.0695217325516015	
Fam19a2	4.059868897154612	5.3394406468875575	7.705565347998348	7.505201802088728	7.387136757388511	7.25743121718564	6.74804253306625	0.0	6.925624458951696	7.7269238342094475	0.0	0.0	6.298462378250883	7.522223706359606	7.02415564665125	4.138378466053584	7.196726044217895	4.97916877686168	4.285199396921271	5.1361409271784995	2.816584673000866	8.004144606940951	7.518377249023469	7.044986486352075	0.10542947314834498	0.0	8.960829013919573	7.32022922328516	7.137062860671123	6.990144897798019	6.576312006722729	7.260222845945677	0.0	6.240562390486889	0.0	0.0	7.748615262533013	6.7629440570345265	8.40278782370569	6.173749081898519	7.132879086052132	6.900995980749564	7.715087531007152	7.495961246894208	0.0	0.0	7.127448597988397	5.319986688993926	5.23834550162381	0.0	0.0	0.110928428814503	0.0	7.666738132086063	6.49293169352084	6.310867945718429	0.0	7.164318669758781	0.11366049782346259	5.7665450746433065	5.992201254959505	4.660440480720967	6.1787281838041475	6.2602251798390816	6.325894916774084	0.0	5.0909795760869	
Igdcc4	0.0	0.0	1.201098710245364	0.2759570057071319	5.701074918985715	2.090153587504943	4.282342683006428	0.043988358970698964	0.8235284561899943	2.010874810067521	0.0	0.885935090641843	0.0	1.2226234401447693	5.236946555817626	3.7442088975096772	0.1084218168747042	0.8949062135630282	1.5368929508600944	2.728203521667434	3.2526728493027384	3.9015996799035517	0.0	0.05232643593779189	0.0	1.9685216340697695	0.0	0.08365616936427953	0.2969582065380906	3.232505305698864	3.8046706624746927	4.465406413914116	0.2483028690458668	1.1283521371694232	0.04487207062342966	1.0238208205122394	2.7101454108896874	6.194564968145291	4.006250513832735	5.824433866728829	1.9129979090140325	1.2305531210854728	5.237577485709178	1.181135635332378	0.0	0.0	0.03953836163871327	3.082138649653273	1.0465189988252919	0.0	0.0	4.182248139654765	3.516880756515068	0.23257492923022313	2.0857428027350506	0.15237295303955994	0.26411361886752704	0.8381942288171145	0.0	0.014456849419761155	4.5047458130789915	5.07282838226392	4.198112857733535	0.2611504592627542	0.10908475260715245	0.10324046625326565	0.6008509968280209	
Nxph1	8.846277045936487	7.838867960167508	9.173606686098209	9.31176872371728	7.612873656344542	8.545189220768405	7.622538445561661	1.2616090405909406	9.314901995383638	9.739105675608979	9.329175902010585	0.0	8.143495461757071	8.727503680072463	8.928443643347732	8.84698810759949	7.806892992482823	9.19520276537848	7.235399132984252	7.377302165731724	8.861063667559083	9.318254015840909	10.167121672903356	8.254703159346947	0.0	8.646771101101963	10.850215910080648	9.393258431398902	6.116753576484838	9.040543656845943	8.932695471772352	9.167342697180851	9.572789267294231	8.463009325041375	0.0	0.0	9.331030788280302	8.381254383318659	8.887521310635744	9.81552979958025	9.094254810822529	8.837498636674587	9.205219331095721	9.11320144471188	8.746914071534377	0.0	9.196102659822575	7.875676132212913	9.097932828445908	0.0	7.706533384328553	8.174157205316035	7.5667672916568085	9.561619411876089	8.621472772449778	9.440131959325525	8.317042168955425	8.915900287308043	8.762086326520913	9.096720688102739	8.455091552646676	8.84965373915408	9.67563071415423	8.66031328608916	8.23982967606057	0.10544972249450103	6.394585564979305	
Ptpn5	8.304939556608353	5.831285332914565	7.469855889974933	7.695367507460434	6.740493580509535	6.386467972544866	5.955929760316015	7.278400373229562	6.933524685321167	5.93161706596088	7.323937451592859	0.0	6.302309910682672	7.276654847213991	7.615106604365663	6.349778903170695	7.909292881782081	1.817825056992895	6.312865987639127	3.9989547495596143	7.104596657003294	5.653375357151121	7.746816662213234	6.439984849652744	0.0	6.742726435115092	0.188307231843495	6.743022788194334	5.465040294526112	7.265643539137161	6.652899625914556	7.568176549635823	8.161137079197086	8.51883861906527	1.6717553233008415	5.396752039866133	6.177416149271517	6.577613722860548	7.729513888401403	6.885393820972298	6.573007867583906	5.770777304786475	6.909424866756291	6.135159905835369	3.312277315823192	2.001225769906316	6.824477655937125	6.55878176279241	7.04643692755626	4.3641148993643695	0.0	4.359471552334544	5.51317488460363	7.117508502441151	5.714153457045358	5.785226016257057	7.089354713177987	4.183049749248063	0.320979066553747	8.559435370787334	6.621384847264316	7.979172299238168	5.290855845305069	5.688751055990037	6.016796701517694	8.151310377191413	6.8550852386133005	
Ptprn2	3.2969198766871264	5.4910417530188	3.862329384454796	7.477751548689769	0.0	2.520722951525096	5.222468418448517	0.8796955732921871	4.843787921599967	0.5759444605440639	5.690000765983404	0.0	0.0	2.1783287024916644	5.648801917582314	0.0	1.1926991779920597	7.851785889000652	7.678201516422922	1.545266613884518	5.634703615295576	5.075202767360159	6.209002940519149	6.257576417954784	0.0	0.8955422749581319	0.5245281126983186	3.3818024831687747	0.17080445670945965	5.483925385684526	3.508251157162213	6.35506032552875	0.0	5.179849391053946	0.05180585438636901	0.0	6.8970873126492656	0.0	1.14553399364082	0.2631582318440131	1.6012353507916863	0.0	5.963610063833596	0.7891149059555211	0.0	0.837647005000769	4.394935255249803	1.5563259153822493	6.0439481328613525	0.6453558129482948	0.0	5.2543672814408335	3.409693700596113	4.448402791860472	5.950538400892416	7.189215731703889	2.5147812665810054	5.847606123727146	0.0	7.563240515457622	0.3226100399035933	5.243231804388761	1.9003973426243363	0.0	5.630328290359014	4.438166410587524	2.4280137167862286	
Nectin2	0.0	0.0	5.733205182100333	0.0	0.0	0.0	0.0	0.0	0.0	4.31313844393327	5.830536756132272	0.0	6.303793531494248	4.096911189591187	3.6169340011266025	0.0	8.538216097540536	0.0	0.0	0.0	5.777580415165266	6.4412877084922595	0.5710068750853892	0.0	5.629655329035944	0.0	0.0	5.762821840000083	0.0	5.924308956728838	5.960166471034958	5.272415060520674	0.0	7.922505316181056	0.0	0.0	4.8330894466415195	0.0	6.5250648689138036	7.293251137466022	0.0	0.3551019886649065	5.133497767859607	5.654644620234638	0.0	0.0	5.2840217502758335	4.637233468853218	4.907770371279153	0.0	0.0	5.51854143344943	6.986706725677274	6.294611559721974	2.210828339422396	0.0	6.327134033385481	6.316185575190871	0.7057629738607198	0.3501362452800292	0.0	7.2385767059679065	4.922259704047662	0.0	0.14129675524641344	0.0	5.413560235000094	
																																																																				
Epha4	0.0	0.0	0.0	0.0	0.0	0.0	0.0	0.0	0.0	0.0	5.024873158868268	0.26655389204620905	6.333317102026158	0.7851186201453408	2.7322945009807973	1.405891530823598	0.7310641708631294	0.2609123246376933	0.6597070785611834	1.7228533142421625	0.0	0.07081836281595676	4.806819479797982	0.09758303459212038	0.0	0.0	0.0	3.4357325923490447	0.0	0.016847287829670633	0.0	0.045846980635039836	0.0	4.9485952411545835	4.121916389394241	0.0	0.0	0.25835248508731135	3.8567178354043388	0.03711078001914044	0.0	0.0529655995178472	0.0	3.500827542143666	0.2551115306624521	0.0	0.0	0.015106679968376127	0.0	0.12007956780892597	0.07061395863053985	3.7545869628280646	0.040227677173672934	0.0	0.14164692957754382	0.17900777085021585	0.07198646871173896	4.861616479534638	0.10150661962964046	0.0	0.08891417506553768	0.0	0.0	1.5818433428049696	0.04047022543629198	0.0	0.0	
Pcdhgc5	0.0	0.0	0.0	0.0	1.0993221388829075	0.0	0.0	7.4004931008275685	3.329067610024567	0.0	0.0	0.0	0.0	0.0	0.0	0.0	1.5933585520661306	0.0	0.0	0.0	0.0	0.0	5.0108424854407385	3.808446834987954	0.0	0.0	0.0	0.0	0.0	0.0	1.593056834502308	5.451204516639924	0.0	5.760742564755259	0.0	0.0	0.0	0.0	3.3554702074585427	0.0	4.181447436119742	2.780601968514175	0.2836634267803758	0.0	0.0	0.0	0.06073901953599995	0.0	0.0	0.0	0.0	0.0	0.0	0.0	0.0	0.0	0.0	0.0	0.0	2.5390426462113282	0.0	4.913727173005176	1.935105159569542	2.289191157110629	0.0	0.0	0.0	
Sema3e	0.0	0.09864687280372673	0.0	0.6131214165954331	0.037945132257333786	0.0	0.049302046711730066	0.0	0.0	0.08987897748594117	0.0	0.0	2.3474417235823037	0.0	0.13914201914568902	0.0	0.0	0.0	0.49245826010801463	0.10276037602241019	0.03395265310965201	0.0	0.04541612967351163	0.0	0.0	0.0	0.0	0.0	0.01047096155530255	0.34957475891761297	0.0	0.0	0.0	0.24699659893417777	0.054608737063791726	0.2510585581751759	0.7170435545556066	0.0	0.0	1.499593353496774	0.0	0.22009960062966655	0.38032827475499587	0.0	0.0	0.0	0.0	0.02779087707342546	0.019444447787605353	0.030215430823136085	0.0	0.0	0.0	0.0	0.2705313344119636	1.121010824128459	0.0	0.19591322548235826	0.07500337477983288	0.06776026707168462	0.09057773421279738	0.3568886346617853	0.2034292125553695	0.0	0.0	0.0	0.0	
